,CVEGEO,2020,2010,2011,2012,2013,2014,2015,2016,2017,2018,2019,2021,2022,2023,2024,2025
0,1001,948990,797010.0,812208.0,827406.0,842604.0,857802.0,873000.0,888198.0,903396.0,918594.0,933792.0,964188.0,979386.0,994584.0,1009782.0,1024980.0
1,1002,51536,45492.0,46096.4,46700.8,47305.2,47909.6,48514.0,49118.4,49722.8,50327.2,50931.6,52140.4,52744.8,53349.2,53953.6,54558.0
2,1003,58250,54136.0,54547.4,54958.8,55370.2,55781.6,56193.0,56604.4,57015.8,57427.2,57838.6,58661.4,59072.8,59484.2,59895.6,60307.0
3,1004,17000,15042.0,15237.8,15433.6,15629.4,15825.2,16021.0,16216.8,16412.6,16608.4,16804.2,17195.8,17391.6,17587.4,17783.2,17979.0
4,1005,129929,99590.0,102623.9,105657.8,108691.7,111725.6,114759.5,117793.4,120827.3,123861.2,126895.1,132962.9,135996.8,139030.7,142064.6,145098.5
5,1006,47646,41862.0,42440.4,43018.8,43597.2,44175.6,44754.0,45332.4,45910.8,46489.2,47067.6,48224.4,48802.8,49381.2,49959.6,50538.0
6,1007,57369,49156.0,49977.3,50798.6,51619.9,52441.2,53262.5,54083.8,54905.1,55726.4,56547.7,58190.3,59011.6,59832.9,60654.2,61475.5
7,1008,9552,8443.0,8553.9,8664.8,8775.7,8886.6,8997.5,9108.4,9219.3,9330.2,9441.1,9662.9,9773.8,9884.7,9995.6,10106.5
8,1009,22485,19668.0,19949.7,20231.4,20513.1,20794.8,21076.5,21358.2,21639.9,21921.6,22203.3,22766.7,23048.4,23330.1,23611.8,23893.5
9,1010,20853,18828.0,19030.5,19233.0,19435.5,19638.0,19840.5,20043.0,20245.5,20448.0,20650.5,21055.5,21258.0,21460.5,21663.0,21865.5
10,1011,61997,35769.0,38391.8,41014.6,43637.4,46260.2,48883.0,51505.8,54128.600000000006,56751.4,59374.2,64619.8,67242.6,69865.4,72488.2,75111.0
11,2001,437478,466197.0,463325.1,460453.2,457581.3,454709.4,451837.5,448965.6,446093.7,443221.8,440349.9,434606.1,431734.2,428862.3,425990.4,423118.5
12,2002,1046359,936826.0,947779.3,958732.6,969685.9,980639.2,991592.5,1002545.8,1013499.1,1024452.4,1035405.7,1057312.3,1068265.6,1079218.9,1090172.2,1101125.5
13,2003,108440,101079.0,101815.1,102551.2,103287.3,104023.4,104759.5,105495.6,106231.7,106967.8,107703.9,109176.1,109912.2,110648.3,111384.4,112120.5
14,2004,1922520,1559683.0,1595966.7,1632250.4,1668534.1,1704817.8,1741101.5,1777385.2,1813668.9,1849952.6,1886236.3,1958803.7,1995087.4,2031371.1,2067654.8,2103938.5
15,2005,126890,90668.0,94290.2,97912.4,101534.6,105156.8,108779.0,112401.2,116023.4,119645.6,123267.8,130512.2,134134.4,137756.6,141378.8,145001.0
16,2006,117568,,,,,,,,,,,,,,,
17,3001,73021,70816.0,71036.5,71257.0,71477.5,71698.0,71918.5,72139.0,72359.5,72580.0,72800.5,73241.5,73462.0,73682.5,73903.0,74123.5
18,3002,64022,59114.0,59604.8,60095.6,60586.4,61077.2,61568.0,62058.8,62549.6,63040.4,63531.2,64512.8,65003.6,65494.4,65985.2,66476.0
19,3003,292241,251871.0,255908.0,259945.0,263982.0,268019.0,272056.0,276093.0,280130.0,284167.0,288204.0,296278.0,300315.0,304352.0,308389.0,312426.0
20,3008,351111,238487.0,249749.4,261011.8,272274.2,283536.6,294799.0,306061.4,317323.8,328586.2,339848.6,362373.4,373635.8,384898.2,396160.6,407423.0
21,3009,18052,16738.0,16869.4,17000.8,17132.2,17263.6,17395.0,17526.4,17657.8,17789.2,17920.6,18183.4,18314.8,18446.2,18577.6,18709.0
22,4001,59232,52890.0,53524.2,54158.4,54792.6,55426.8,56061.0,56695.2,57329.4,57963.6,58597.8,59866.2,60500.4,61134.6,61768.8,62403.0
23,4002,294077,259005.0,262512.2,266019.4,269526.6,273033.8,276541.0,280048.2,283555.4,287062.6,290569.8,297584.2,301091.4,304598.6,308105.8,311613.0
24,4003,248845,221094.0,223869.1,226644.2,229419.3,232194.4,234969.5,237744.6,240519.7,243294.8,246069.9,251620.1,254395.2,257170.3,259945.4,262720.5
25,4004,78170,83021.0,82535.9,82050.8,81565.7,81080.6,80595.5,80110.4,79625.3,79140.2,78655.1,77684.9,77199.8,76714.7,76229.6,75744.5
26,4005,31917,28306.0,28667.1,29028.2,29389.3,29750.4,30111.5,30472.6,30833.7,31194.8,31555.9,32278.1,32639.2,33000.3,33361.4,33722.5
27,4006,42140,37777.0,38213.3,38649.6,39085.9,39522.2,39958.5,40394.8,40831.1,41267.4,41703.7,42576.3,43012.6,43448.9,43885.2,44321.5
28,4007,8683,8352.0,8385.1,8418.2,8451.3,8484.4,8517.5,8550.6,8583.7,8616.8,8649.9,8716.1,8749.2,8782.3,8815.4,8848.5
29,4008,11452,9736.0,9907.6,10079.2,10250.8,10422.4,10594.0,10765.6,10937.2,11108.8,11280.4,11623.6,11795.2,11966.8,12138.4,12310.0
30,4009,59923,54184.0,54757.9,55331.8,55905.7,56479.6,57053.5,57627.4,58201.3,58775.2,59349.1,60496.9,61070.8,61644.7,62218.6,62792.5
31,4010,31714,26882.0,27365.2,27848.4,28331.6,28814.8,29298.0,29781.2,30264.4,30747.6,31230.8,32197.2,32680.4,33163.6,33646.8,34130.0
32,4011,46913,41194.0,41765.9,42337.8,42909.7,43481.6,44053.5,44625.4,45197.3,45769.2,46341.1,47484.9,48056.8,48628.7,49200.6,49772.5
33,4012,15297,,,,,,,,,,,,,,,
34,5001,1022,1070.0,1065.2,1060.4,1055.6,1050.8,1046.0,1041.2,1036.4,1031.6,1026.8,1017.2,1012.4,1007.6,1002.8,998.0
35,5002,163058,136755.0,139385.3,142015.6,144645.9,147276.2,149906.5,152536.8,155167.1,157797.4,160427.7,165688.3,168318.6,170948.9,173579.2,176209.5
36,5003,23056,22675.0,22713.1,22751.2,22789.3,22827.4,22865.5,22903.6,22941.7,22979.8,23017.9,23094.1,23132.2,23170.3,23208.4,23246.5
37,5004,29578,22544.0,23247.4,23950.8,24654.2,25357.6,26061.0,26764.4,27467.8,28171.2,28874.6,30281.4,30984.8,31688.2,32391.6,33095.0
38,5005,1643,1808.0,1791.5,1775.0,1758.5,1742.0,1725.5,1709.0,1692.5,1676.0,1659.5,1626.5,1610.0,1593.5,1577.0,1560.5
39,5006,29128,25892.0,26215.6,26539.2,26862.8,27186.4,27510.0,27833.6,28157.2,28480.8,28804.4,29451.6,29775.2,30098.8,30422.4,30746.0
40,5007,12715,13012.0,12982.3,12952.6,12922.9,12893.2,12863.5,12833.8,12804.1,12774.4,12744.7,12685.3,12655.6,12625.9,12596.2,12566.5
41,5008,3047,2901.0,2915.6,2930.2,2944.8,2959.4,2974.0,2988.6,3003.2,3017.8,3032.4,3061.6,3076.2,3090.8,3105.4,3120.0
42,5009,59035,55676.0,56011.9,56347.8,56683.7,57019.6,57355.5,57691.4,58027.3,58363.2,58699.1,59370.9,59706.8,60042.7,60378.6,60714.5
43,5010,82409,75215.0,75934.4,76653.8,77373.2,78092.6,78812.0,79531.4,80250.8,80970.2,81689.6,83128.4,83847.8,84567.2,85286.6,86006.0
44,5011,11898,11682.0,11703.6,11725.2,11746.8,11768.4,11790.0,11811.6,11833.2,11854.8,11876.4,11919.6,11941.2,11962.8,11984.4,12006.0
45,5012,1643,2091.0,2046.2,2001.4,1956.6,1911.8,1867.0,1822.2,1777.4,1732.6,1687.8,1598.2,1553.4,1508.6,1463.8,1419.0
46,5013,1735,1852.0,1840.3,1828.6,1816.9,1805.2,1793.5,1781.8,1770.1,1758.4,1746.7,1723.3,1711.6,1699.9,1688.2,1676.5
47,5014,9502,9935.0,9891.7,9848.4,9805.1,9761.8,9718.5,9675.2,9631.9,9588.6,9545.3,9458.7,9415.4,9372.1,9328.8,9285.5
48,5015,1584,1599.0,1597.5,1596.0,1594.5,1593.0,1591.5,1590.0,1588.5,1587.0,1585.5,1582.5,1581.0,1579.5,1578.0,1576.5
49,5016,1764,1835.0,1827.9,1820.8,1813.7,1806.6,1799.5,1792.4,1785.3,1778.2,1771.1,1756.9,1749.8,1742.7,1735.6,1728.5
50,5017,118337,107160.0,108277.7,109395.4,110513.1,111630.8,112748.5,113866.2,114983.9,116101.6,117219.3,119454.7,120572.4,121690.1,122807.8,123925.5
51,5018,237951,216206.0,218380.5,220555.0,222729.5,224904.0,227078.5,229253.0,231427.5,233602.0,235776.5,240125.5,242300.0,244474.5,246649.0,248823.5
52,5019,7928,8207.0,8179.1,8151.2,8123.3,8095.4,8067.5,8039.6,8011.7,7983.8,7955.9,7900.1,7872.2,7844.3,7816.4,7788.5
53,5020,71627,66834.0,67313.3,67792.6,68271.9,68751.2,69230.5,69709.8,70189.1,70668.4,71147.7,72106.3,72585.6,73064.9,73544.2,74023.5
54,5021,6539,6335.0,6355.4,6375.8,6396.2,6416.6,6437.0,6457.4,6477.8,6498.2,6518.6,6559.4,6579.8,6600.2,6620.6,6641.0
55,5022,33129,27928.0,28448.1,28968.2,29488.3,30008.4,30528.5,31048.6,31568.7,32088.8,32608.9,33649.1,34169.2,34689.3,35209.4,35729.5
56,5023,9642,10991.0,10856.1,10721.2,10586.3,10451.4,10316.5,10181.6,10046.7,9911.8,9776.9,9507.1,9372.2,9237.3,9102.4,8967.5
57,5024,44472,45401.0,45308.1,45215.2,45122.3,45029.4,44936.5,44843.6,44750.7,44657.8,44564.9,44379.1,44286.2,44193.3,44100.4,44007.5
58,5025,176327,152806.0,155158.1,157510.2,159862.3,162214.4,164566.5,166918.6,169270.7,171622.8,173974.9,178679.1,181031.2,183383.3,185735.4,188087.5
59,5026,3239,3473.0,3449.6,3426.2,3402.8,3379.4,3356.0,3332.6,3309.2,3285.8,3262.4,3215.6,3192.2,3168.8,3145.4,3122.0
60,5027,122243,75461.0,80139.2,84817.4,89495.6,94173.8,98852.0,103530.2,108208.4,112886.6,117564.79999999999,126921.2,131599.4,136277.6,140955.8,145634.0
61,5028,64811,60847.0,61243.4,61639.8,62036.2,62432.6,62829.0,63225.4,63621.8,64018.2,64414.6,65207.4,65603.8,66000.2,66396.6,66793.0
62,5029,2471,2314.0,2329.7,2345.4,2361.1,2376.8,2392.5,2408.2,2423.9,2439.6,2455.3,2486.7,2502.4,2518.1,2533.8,2549.5
63,5030,879958,725123.0,740606.5,756090.0,771573.5,787057.0,802540.5,818024.0,833507.5,848991.0,864474.5,895441.5,910925.0,926408.5,941892.0,957375.5
64,5031,24759,22149.0,22410.0,22671.0,22932.0,23193.0,23454.0,23715.0,23976.0,24237.0,24498.0,25020.0,25281.0,25542.0,25803.0,26064.0
65,5032,42260,41649.0,41710.1,41771.2,41832.3,41893.4,41954.5,42015.6,42076.7,42137.8,42198.9,42321.1,42382.2,42443.3,42504.4,42565.5
66,5033,101041,102650.0,102489.1,102328.2,102167.3,102006.4,101845.5,101684.6,101523.7,101362.8,101201.9,100880.1,100719.2,100558.3,100397.4,100236.5
67,5034,6744,6375.0,6411.9,6448.8,6485.7,6522.6,6559.5,6596.4,6633.3,6670.2,6707.1,6780.9,6817.8,6854.7,6891.6,6928.5
68,5035,720848,639629.0,647750.9,655872.8,663994.7,672116.6,680238.5,688360.4,696482.3,704604.2,712726.1,728969.9,737091.8,745213.7,753335.6,761457.5
69,5036,20305,21319.0,21217.6,21116.2,21014.8,20913.4,20812.0,20710.6,20609.2,20507.8,20406.4,20203.6,20102.2,20000.8,19899.4,19798.0
70,5037,6188,6289.0,6278.9,6268.8,6258.7,6248.6,6238.5,6228.4,6218.3,6208.2,6198.1,6177.9,6167.8,6157.7,6147.6,6137.5
71,5038,13135,12702.0,12745.3,12788.6,12831.9,12875.2,12918.5,12961.8,13005.1,13048.4,13091.7,13178.3,13221.6,13264.9,13308.2,13351.5
72,6001,27626,28695.0,28588.1,28481.2,28374.3,28267.4,28160.5,28053.6,27946.7,27839.8,27732.9,27519.1,27412.2,27305.3,27198.4,27091.5
73,6002,157048,146904.0,147918.4,148932.8,149947.2,150961.6,151976.0,152990.4,154004.8,155019.2,156033.6,158062.4,159076.8,160091.2,161105.6,162120.0
74,6003,21661,20888.0,20965.3,21042.6,21119.9,21197.2,21274.5,21351.8,21429.1,21506.4,21583.7,21738.3,21815.6,21892.9,21970.2,22047.5
75,6004,20837,19385.0,19530.2,19675.4,19820.6,19965.8,20111.0,20256.2,20401.4,20546.6,20691.8,20982.2,21127.4,21272.6,21417.8,21563.0
76,6005,31267,27107.0,27523.0,27939.0,28355.0,28771.0,29187.0,29603.0,30019.0,30435.0,30851.0,31683.0,32099.0,32515.0,32931.0,33347.0
77,6006,5623,5300.0,5332.3,5364.6,5396.9,5429.2,5461.5,5493.8,5526.1,5558.4,5590.7,5655.3,5687.6,5719.9,5752.2,5784.5
78,6007,191031,161420.0,164381.1,167342.2,170303.3,173264.4,176225.5,179186.6,182147.7,185108.8,188069.9,193992.1,196953.2,199914.3,202875.4,205836.5
79,6008,10231,8174.0,8379.7,8585.4,8791.1,8996.8,9202.5,9408.2,9613.9,9819.6,10025.3,10436.7,10642.4,10848.1,11053.8,11259.5
80,6009,116305,112726.0,113083.9,113441.8,113799.7,114157.6,114515.5,114873.4,115231.3,115589.2,115947.1,116662.9,117020.8,117378.7,117736.6,118094.5
81,6010,149762,119956.0,122936.6,125917.2,128897.8,131878.4,134859.0,137839.6,140820.2,143800.8,146781.4,152742.6,155723.2,158703.8,161684.4,164665.0
82,7001,17994,16814.0,16932.0,17050.0,17168.0,17286.0,17404.0,17522.0,17640.0,17758.0,17876.0,18112.0,18230.0,18348.0,18466.0,18584.0
83,7002,21187,28947.0,28171.0,27395.0,26619.0,25843.0,25067.0,24291.0,23515.0,22739.0,21963.0,20411.0,19635.0,18859.0,18083.0,17307.0
84,7003,26899,27580.0,27511.9,27443.8,27375.7,27307.6,27239.5,27171.4,27103.3,27035.2,26967.1,26830.9,26762.8,26694.7,26626.6,26558.5
85,7004,36160,29865.0,30494.5,31124.0,31753.5,32383.0,33012.5,33642.0,34271.5,34901.0,35530.5,36789.5,37419.0,38048.5,38678.0,39307.5
86,7005,24512,21275.0,21598.7,21922.4,22246.1,22569.8,22893.5,23217.2,23540.9,23864.6,24188.3,24835.7,25159.4,25483.1,25806.8,26130.5
87,7006,31735,29547.0,29765.8,29984.6,30203.4,30422.2,30641.0,30859.8,31078.6,31297.4,31516.2,31953.8,32172.6,32391.4,32610.2,32829.0
88,7007,11283,8728.0,8983.5,9239.0,9494.5,9750.0,10005.5,10261.0,10516.5,10772.0,11027.5,11538.5,11794.0,12049.5,12305.0,12560.5
89,7008,31947,26628.0,27159.9,27691.8,28223.7,28755.6,29287.5,29819.4,30351.3,30883.2,31415.1,32478.9,33010.8,33542.7,34074.6,34606.5
90,7009,41135,40042.0,40151.3,40260.6,40369.9,40479.2,40588.5,40697.8,40807.1,40916.4,41025.7,41244.3,41353.6,41462.9,41572.2,41681.5
91,7010,7365,7623.0,7597.2,7571.4,7545.6,7519.8,7494.0,7468.2,7442.4,7416.6,7390.8,7339.2,7313.4,7287.6,7261.8,7236.0
92,7011,20157,19281.0,19368.6,19456.2,19543.8,19631.4,19719.0,19806.6,19894.2,19981.8,20069.4,20244.6,20332.2,20419.8,20507.4,20595.0
93,7012,64632,43179.0,45324.3,47469.6,49614.9,51760.2,53905.5,56050.8,58196.100000000006,60341.4,62486.7,66777.3,68922.6,71067.9,73213.2,75358.5
94,7013,37263,30642.0,31304.1,31966.2,32628.3,33290.4,33952.5,34614.6,35276.7,35938.8,36600.9,37925.1,38587.2,39249.3,39911.4,40573.5
95,7014,24273,18559.0,19130.4,19701.8,20273.2,20844.6,21416.0,21987.4,22558.8,23130.2,23701.6,24844.4,25415.8,25987.2,26558.6,27130.0
96,7015,50112,43811.0,44441.1,45071.2,45701.3,46331.4,46961.5,47591.6,48221.7,48851.8,49481.9,50742.1,51372.2,52002.3,52632.4,53262.5
97,7016,17619,17140.0,17187.9,17235.8,17283.7,17331.6,17379.5,17427.4,17475.3,17523.2,17571.1,17666.9,17714.8,17762.7,17810.6,17858.5
98,7017,88106,78114.0,79113.2,80112.4,81111.6,82110.8,83110.0,84109.2,85108.4,86107.6,87106.8,89105.2,90104.4,91103.6,92102.8,93102.0
99,7018,9900,8444.0,8589.6,8735.2,8880.8,9026.4,9172.0,9317.6,9463.2,9608.8,9754.4,10045.6,10191.2,10336.8,10482.4,10628.0
100,7019,166178,141013.0,143529.5,146046.0,148562.5,151079.0,153595.5,156112.0,158628.5,161145.0,163661.5,168694.5,171211.0,173727.5,176244.0,178760.5
101,7020,49920,44082.0,44665.8,45249.6,45833.4,46417.2,47001.0,47584.8,48168.6,48752.4,49336.2,50503.8,51087.6,51671.4,52255.2,52839.0
102,7021,22192,21050.0,21164.2,21278.4,21392.6,21506.8,21621.0,21735.2,21849.4,21963.6,22077.8,22306.2,22420.4,22534.6,22648.8,22763.0
103,7022,21915,14027.0,14815.8,15604.6,16393.4,17182.2,17971.0,18759.8,19548.6,20337.4,21126.2,22703.8,23492.6,24281.4,25070.2,25859.0
104,7023,101967,76941.0,79443.6,81946.2,84448.8,86951.4,89454.0,91956.6,94459.2,96961.8,99464.4,104469.6,106972.2,109474.8,111977.4,114480.0
105,7024,13678,10817.0,11103.1,11389.2,11675.3,11961.4,12247.5,12533.6,12819.7,13105.8,13391.9,13964.1,14250.2,14536.3,14822.4,15108.5
106,7025,7472,7332.0,7346.0,7360.0,7374.0,7388.0,7402.0,7416.0,7430.0,7444.0,7458.0,7486.0,7500.0,7514.0,7528.0,7542.0
107,7026,47371,36111.0,37237.0,38363.0,39489.0,40615.0,41741.0,42867.0,43993.0,45119.0,46245.0,48497.0,49623.0,50749.0,51875.0,53001.0
108,7027,112075,87603.0,90050.2,92497.4,94944.6,97391.8,99839.0,102286.2,104733.4,107180.6,109627.8,114522.2,116969.4,119416.6,121863.8,124311.0
109,7028,6156,5405.0,5480.1,5555.2,5630.3,5705.4,5780.5,5855.6,5930.7,6005.8,6080.9,6231.1,6306.2,6381.3,6456.4,6531.5
110,7029,5402,5018.0,5056.4,5094.8,5133.2,5171.6,5210.0,5248.4,5286.8,5325.2,5363.6,5440.4,5478.8,5517.2,5555.6,5594.0
111,7030,36785,31515.0,32042.0,32569.0,33096.0,33623.0,34150.0,34677.0,35204.0,35731.0,36258.0,37312.0,37839.0,38366.0,38893.0,39420.0
112,7031,137262,111554.0,114124.8,116695.6,119266.4,121837.2,124408.0,126978.8,129549.6,132120.4,134691.2,139832.8,142403.6,144974.4,147545.2,150116.0
113,7032,30896,30068.0,30150.8,30233.6,30316.4,30399.2,30482.0,30564.8,30647.6,30730.4,30813.2,30978.8,31061.6,31144.4,31227.2,31310.0
114,7033,7245,7000.0,7024.5,7049.0,7073.5,7098.0,7122.5,7147.0,7171.5,7196.0,7220.5,7269.5,7294.0,7318.5,7343.0,7367.5
115,7034,80897,67012.0,68400.5,69789.0,71177.5,72566.0,73954.5,75343.0,76731.5,78120.0,79508.5,82285.5,83674.0,85062.5,86451.0,87839.5
116,7035,14556,12665.0,12854.1,13043.2,13232.3,13421.4,13610.5,13799.6,13988.7,14177.8,14366.9,14745.1,14934.2,15123.3,15312.4,15501.5
117,7036,7701,7272.0,7314.9,7357.8,7400.7,7443.6,7486.5,7529.4,7572.3,7615.2,7658.1,7743.9,7786.8,7829.7,7872.6,7915.5
118,7037,36333,33444.0,33732.9,34021.8,34310.7,34599.6,34888.5,35177.4,35466.3,35755.2,36044.1,36621.9,36910.8,37199.7,37488.6,37777.5
119,7038,22975,21507.0,21653.8,21800.6,21947.4,22094.2,22241.0,22387.8,22534.6,22681.4,22828.2,23121.8,23268.6,23415.4,23562.2,23709.0
120,7039,27893,22536.0,23071.7,23607.4,24143.1,24678.8,25214.5,25750.2,26285.9,26821.6,27357.3,28428.7,28964.4,29500.1,30035.8,30571.5
121,7040,53242,51359.0,51547.3,51735.6,51923.9,52112.2,52300.5,52488.8,52677.1,52865.4,53053.7,53430.3,53618.6,53806.9,53995.2,54183.5
122,7041,46409,41266.0,41780.3,42294.6,42808.9,43323.2,43837.5,44351.8,44866.1,45380.4,45894.7,46923.3,47437.6,47951.9,48466.2,48980.5
123,7042,11377,10239.0,10352.8,10466.6,10580.4,10694.2,10808.0,10921.8,11035.6,11149.4,11263.2,11490.8,11604.6,11718.4,11832.2,11946.0
124,7043,10961,10176.0,10254.5,10333.0,10411.5,10490.0,10568.5,10647.0,10725.5,10804.0,10882.5,11039.5,11118.0,11196.5,11275.0,11353.5
125,7044,28999,24517.0,24965.2,25413.4,25861.6,26309.8,26758.0,27206.2,27654.4,28102.6,28550.8,29447.2,29895.4,30343.6,30791.8,31240.0
126,7045,6284,5478.0,5558.6,5639.2,5719.8,5800.4,5881.0,5961.6,6042.2,6122.8,6203.4,6364.6,6445.2,6525.8,6606.4,6687.0
127,7046,41063,37818.0,38142.5,38467.0,38791.5,39116.0,39440.5,39765.0,40089.5,40414.0,40738.5,41387.5,41712.0,42036.5,42361.0,42685.5
128,7047,24966,18683.0,19311.3,19939.6,20567.9,21196.2,21824.5,22452.8,23081.1,23709.4,24337.7,25594.3,26222.6,26850.9,27479.2,28107.5
129,7048,21807,21084.0,21156.3,21228.6,21300.9,21373.2,21445.5,21517.8,21590.1,21662.4,21734.7,21879.3,21951.6,22023.9,22096.2,22168.5
130,7049,31259,20349.0,21440.0,22531.0,23622.0,24713.0,25804.0,26895.0,27986.0,29077.0,30168.0,32350.0,33441.0,34532.0,35623.0,36714.0
131,7050,5232,4974.0,4999.8,5025.6,5051.4,5077.2,5103.0,5128.8,5154.6,5180.4,5206.2,5257.8,5283.6,5309.4,5335.2,5361.0
132,7051,46130,43913.0,44134.7,44356.4,44578.1,44799.8,45021.5,45243.2,45464.9,45686.6,45908.3,46351.7,46573.4,46795.1,47016.8,47238.5
133,7052,141027,111484.0,114438.3,117392.6,120346.9,123301.2,126255.5,129209.8,132164.1,135118.4,138072.7,143981.3,146935.6,149889.9,152844.2,155798.5
134,7053,7901,7793.0,7803.8,7814.6,7825.4,7836.2,7847.0,7857.8,7868.6,7879.4,7890.2,7911.8,7922.6,7933.4,7944.2,7955.0
135,7054,28250,26573.0,26740.7,26908.4,27076.1,27243.8,27411.5,27579.2,27746.9,27914.6,28082.3,28417.7,28585.4,28753.1,28920.8,29088.5
136,7055,5876,5033.0,5117.3,5201.6,5285.9,5370.2,5454.5,5538.8,5623.1,5707.4,5791.7,5960.3,6044.6,6128.9,6213.2,6297.5
137,7056,13755,11157.0,11416.8,11676.6,11936.4,12196.2,12456.0,12715.8,12975.6,13235.4,13495.2,14014.8,14274.6,14534.4,14794.2,15054.0
138,7057,76398,69119.0,69846.9,70574.8,71302.7,72030.6,72758.5,73486.4,74214.3,74942.2,75670.1,77125.9,77853.8,78581.7,79309.6,80037.5
139,7058,4765,4317.0,4361.8,4406.6,4451.4,4496.2,4541.0,4585.8,4630.6,4675.4,4720.2,4809.8,4854.6,4899.4,4944.2,4989.0
140,7059,234661,198877.0,202455.4,206033.8,209612.2,213190.6,216769.0,220347.4,223925.8,227504.2,231082.6,238239.4,241817.8,245396.2,248974.6,252553.0
141,7060,14088,11878.0,12099.0,12320.0,12541.0,12762.0,12983.0,13204.0,13425.0,13646.0,13867.0,14309.0,14530.0,14751.0,14972.0,15193.0
142,7061,97397,82059.0,83592.8,85126.6,86660.4,88194.2,89728.0,91261.8,92795.6,94329.4,95863.2,98930.8,100464.6,101998.4,103532.2,105066.0
143,7062,18469,17067.0,17207.2,17347.4,17487.6,17627.8,17768.0,17908.2,18048.4,18188.6,18328.8,18609.2,18749.4,18889.6,19029.8,19170.0
144,7063,3983,3792.0,3811.1,3830.2,3849.3,3868.4,3887.5,3906.6,3925.7,3944.8,3963.9,4002.1,4021.2,4040.3,4059.4,4078.5
145,7064,54932,43350.0,44508.2,45666.4,46824.6,47982.8,49141.0,50299.2,51457.4,52615.6,53773.8,56090.2,57248.4,58406.6,59564.8,60723.0
146,7065,132265,110918.0,113052.7,115187.4,117322.1,119456.8,121591.5,123726.2,125860.9,127995.6,130130.3,134399.7,136534.4,138669.1,140803.8,142938.5
147,7066,26391,20589.0,21169.2,21749.4,22329.6,22909.8,23490.0,24070.2,24650.4,25230.6,25810.8,26971.2,27551.4,28131.6,28711.8,29292.0
148,7067,12266,10870.0,11009.6,11149.2,11288.8,11428.4,11568.0,11707.6,11847.2,11986.8,12126.4,12405.6,12545.2,12684.8,12824.4,12964.0
149,7068,31919,29813.0,30023.6,30234.2,30444.8,30655.4,30866.0,31076.6,31287.2,31497.8,31708.4,32129.6,32340.2,32550.8,32761.4,32972.0
150,7069,51193,50079.0,50190.4,50301.8,50413.2,50524.6,50636.0,50747.4,50858.8,50970.2,51081.6,51304.4,51415.8,51527.2,51638.6,51750.0
151,7070,12263,13201.0,13107.2,13013.4,12919.6,12825.8,12732.0,12638.2,12544.4,12450.6,12356.8,12169.2,12075.4,11981.6,11887.8,11794.0
152,7071,30297,27899.0,28138.8,28378.6,28618.4,28858.2,29098.0,29337.8,29577.6,29817.4,30057.2,30536.8,30776.6,31016.4,31256.2,31496.0
153,7072,29636,31075.0,30931.1,30787.2,30643.3,30499.4,30355.5,30211.6,30067.7,29923.8,29779.9,29492.1,29348.2,29204.3,29060.4,28916.5
154,7073,10866,9002.0,9188.4,9374.8,9561.2,9747.6,9934.0,10120.4,10306.8,10493.2,10679.6,11052.4,11238.8,11425.2,11611.6,11798.0
155,7074,44829,40711.0,41122.8,41534.6,41946.4,42358.2,42770.0,43181.8,43593.6,44005.4,44417.2,45240.8,45652.6,46064.4,46476.2,46888.0
156,7075,28829,25530.0,25859.9,26189.8,26519.7,26849.6,27179.5,27509.4,27839.3,28169.2,28499.1,29158.9,29488.8,29818.7,30148.6,30478.5
157,7076,29889,25187.0,25657.2,26127.4,26597.6,27067.8,27538.0,28008.2,28478.4,28948.6,29418.8,30359.2,30829.4,31299.6,31769.8,32240.0
158,7077,64251,57253.0,57952.8,58652.6,59352.4,60052.2,60752.0,61451.8,62151.6,62851.4,63551.2,64950.8,65650.6,66350.4,67050.2,67750.0
159,7078,215874,185917.0,188912.7,191908.4,194904.1,197899.8,200895.5,203891.2,206886.9,209882.6,212878.3,218869.7,221865.4,224861.1,227856.8,230852.5
160,7079,41793,33060.0,33933.3,34806.6,35679.9,36553.2,37426.5,38299.8,39173.1,40046.4,40919.7,42666.3,43539.6,44412.9,45286.2,46159.5
161,7080,25937,38143.0,36922.4,35701.8,34481.2,33260.6,32040.0,30819.4,29598.800000000003,28378.2,27157.6,24716.4,23495.8,22275.2,21054.6,19834.0
162,7081,52935,40297.0,41560.8,42824.6,44088.4,45352.2,46616.0,47879.8,49143.6,50407.4,51671.2,54198.8,55462.6,56726.4,57990.2,59254.0
163,7082,15518,12269.0,12593.9,12918.8,13243.7,13568.6,13893.5,14218.4,14543.3,14868.2,15193.1,15842.9,16167.8,16492.7,16817.6,17142.5
164,7083,19092,17125.0,17321.7,17518.4,17715.1,17911.8,18108.5,18305.2,18501.9,18698.6,18895.3,19288.7,19485.4,19682.1,19878.8,20075.5
165,7084,8561,8065.0,8114.6,8164.2,8213.8,8263.4,8313.0,8362.6,8412.2,8461.8,8511.4,8610.6,8660.2,8709.8,8759.4,8809.0
166,7085,10890,9740.0,9855.0,9970.0,10085.0,10200.0,10315.0,10430.0,10545.0,10660.0,10775.0,11005.0,11120.0,11235.0,11350.0,11465.0
167,7086,25627,21045.0,21503.2,21961.4,22419.6,22877.8,23336.0,23794.2,24252.4,24710.6,25168.8,26085.2,26543.4,27001.6,27459.8,27918.0
168,7087,41672,35056.0,35717.6,36379.2,37040.8,37702.4,38364.0,39025.6,39687.2,40348.8,41010.4,42333.6,42995.2,43656.8,44318.4,44980.0
169,7088,2308,2235.0,2242.3,2249.6,2256.9,2264.2,2271.5,2278.8,2286.1,2293.4,2300.7,2315.3,2322.6,2329.9,2337.2,2344.5
170,7089,353706,320451.0,323776.5,327102.0,330427.5,333753.0,337078.5,340404.0,343729.5,347055.0,350380.5,357031.5,360357.0,363682.5,367008.0,370333.5
171,7090,4547,4121.0,4163.6,4206.2,4248.8,4291.4,4334.0,4376.6,4419.2,4461.8,4504.4,4589.6,4632.2,4674.8,4717.4,4760.0
172,7091,13592,12170.0,12312.2,12454.4,12596.6,12738.8,12881.0,13023.2,13165.4,13307.6,13449.8,13734.2,13876.4,14018.6,14160.8,14303.0
173,7092,21426,41045.0,39083.1,37121.2,35159.3,33197.4,31235.5,29273.6,27311.699999999997,25349.8,23387.899999999998,19464.1,17502.2,15540.3,13578.4,11616.5
174,7093,48162,40268.0,41057.4,41846.8,42636.2,43425.6,44215.0,45004.4,45793.8,46583.2,47372.6,48951.4,49740.8,50530.2,51319.6,52109.0
175,7094,49499,37607.0,38796.2,39985.4,41174.6,42363.8,43553.0,44742.2,45931.4,47120.6,48309.8,50688.2,51877.4,53066.6,54255.8,55445.0
176,7096,83505,71432.0,72639.3,73846.6,75053.9,76261.2,77468.5,78675.8,79883.1,81090.4,82297.7,84712.3,85919.6,87126.9,88334.2,89541.5
177,7097,91913,84594.0,85325.9,86057.8,86789.7,87521.6,88253.5,88985.4,89717.3,90449.2,91181.1,92644.9,93376.8,94108.7,94840.6,95572.5
178,7098,7211,6375.0,6458.6,6542.2,6625.8,6709.4,6793.0,6876.6,6960.2,7043.8,7127.4,7294.6,7378.2,7461.8,7545.4,7629.0
179,7099,83111,72769.0,73803.2,74837.4,75871.6,76905.8,77940.0,78974.2,80008.4,81042.6,82076.8,84145.2,85179.4,86213.6,87247.8,88282.0
180,7100,38025,31723.0,32353.2,32983.4,33613.6,34243.8,34874.0,35504.2,36134.4,36764.6,37394.8,38655.2,39285.4,39915.6,40545.8,41176.0
181,7101,604147,553374.0,558451.3,563528.6,568605.9,573683.2,578760.5,583837.8,588915.1,593992.4,599069.7,609224.3,614301.6,619378.9,624456.2,629533.5
182,7102,41024,37737.0,38065.7,38394.4,38723.1,39051.8,39380.5,39709.2,40037.9,40366.6,40695.3,41352.7,41681.4,42010.1,42338.8,42667.5
183,7103,30302,28137.0,28353.5,28570.0,28786.5,29003.0,29219.5,29436.0,29652.5,29869.0,30085.5,30518.5,30735.0,30951.5,31168.0,31384.5
184,7104,16560,14009.0,14264.1,14519.2,14774.3,15029.4,15284.5,15539.6,15794.7,16049.8,16304.9,16815.1,17070.2,17325.3,17580.4,17835.5
185,7105,16008,14089.0,14280.9,14472.8,14664.7,14856.6,15048.5,15240.4,15432.3,15624.2,15816.1,16199.9,16391.8,16583.7,16775.6,16967.5
186,7106,67292,61341.0,61936.1,62531.2,63126.3,63721.4,64316.5,64911.6,65506.7,66101.8,66696.9,67887.1,68482.2,69077.3,69672.4,70267.5
187,7107,65643,74477.0,73593.6,72710.2,71826.8,70943.4,70060.0,69176.6,68293.2,67409.8,66526.4,64759.6,63876.2,62992.8,62109.4,61226.0
188,7108,109536,98618.0,99709.8,100801.6,101893.4,102985.2,104077.0,105168.8,106260.6,107352.4,108444.2,110627.8,111719.6,112811.4,113903.2,114995.0
189,7109,40285,34028.0,34653.7,35279.4,35905.1,36530.8,37156.5,37782.2,38407.9,39033.6,39659.3,40910.7,41536.4,42162.1,42787.8,43413.5
190,7110,7526,6734.0,6813.2,6892.4,6971.6,7050.8,7130.0,7209.2,7288.4,7367.6,7446.8,7605.2,7684.4,7763.6,7842.8,7922.0
191,7111,45373,36489.0,37377.4,38265.8,39154.2,40042.6,40931.0,41819.4,42707.8,43596.2,44484.6,46261.4,47149.8,48038.2,48926.6,49815.0
192,7112,37948,29016.0,29909.2,30802.4,31695.6,32588.8,33482.0,34375.2,35268.4,36161.6,37054.8,38841.2,39734.4,40627.6,41520.8,42414.0
193,7113,8480,5072.0,5412.8,5753.6,6094.4,6435.2,6776.0,7116.8,7457.6,7798.4,8139.200000000001,8820.8,9161.6,9502.4,9843.2,10184.0
194,7114,23603,17282.0,17914.1,18546.2,19178.3,19810.4,20442.5,21074.6,21706.7,22338.8,22970.9,24235.1,24867.2,25499.3,26131.4,26763.5
195,7115,14714,11451.0,11777.3,12103.6,12429.9,12756.2,13082.5,13408.8,13735.1,14061.4,14387.7,15040.3,15366.6,15692.9,16019.2,16345.5
196,7116,12892,9856.0,10159.6,10463.2,10766.8,11070.4,11374.0,11677.6,11981.2,12284.8,12588.4,13195.6,13499.2,13802.8,14106.4,14410.0
197,7117,8412,6900.0,7051.2,7202.4,7353.6,7504.8,7656.0,7807.2,7958.4,8109.6,8260.8,8563.2,8714.4,8865.6,9016.8,9168.0
198,7118,6047,4545.0,4695.2,4845.4,4995.6,5145.8,5296.0,5446.2,5596.4,5746.6,5896.8,6197.2,6347.4,6497.6,6647.8,6798.0
199,7119,4959,3245.0,3416.4,3587.8,3759.2,3930.6,4102.0,4273.4,4444.8,4616.2,4787.6,5130.4,5301.8,5473.2,5644.6,5816.0
200,7120,4315,,,,,,,,,,,,,,,
201,7121,8718,,,,,,,,,,,,,,,
202,7122,15587,,,,,,,,,,,,,,,
203,7123,10783,,,,,,,,,,,,,,,
204,7124,23847,,,,,,,,,,,,,,,
205,7125,11650,,,,,,,,,,,,,,,
206,8001,14635,11457.0,11774.8,12092.6,12410.4,12728.2,13046.0,13363.8,13681.6,13999.4,14317.2,14952.8,15270.6,15588.4,15906.2,16224.0
207,8002,26047,22302.0,22676.5,23051.0,23425.5,23800.0,24174.5,24549.0,24923.5,25298.0,25672.5,26421.5,26796.0,27170.5,27545.0,27919.5
208,8003,8487,8409.0,8416.8,8424.6,8432.4,8440.2,8448.0,8455.8,8463.6,8471.4,8479.2,8494.8,8502.6,8510.4,8518.2,8526.0
209,8004,24344,10688.0,12053.6,13419.2,14784.8,16150.4,17516.0,18881.6,20247.199999999997,21612.8,22978.4,25709.6,27075.2,28440.8,29806.4,31172.0
210,8005,26093,23975.0,24186.8,24398.6,24610.4,24822.2,25034.0,25245.8,25457.6,25669.4,25881.2,26304.8,26516.6,26728.4,26940.2,27152.0
211,8006,5807,6011.0,5990.6,5970.2,5949.8,5929.4,5909.0,5888.6,5868.2,5847.8,5827.4,5786.6,5766.2,5745.8,5725.4,5705.0
212,8007,16440,17672.0,17548.8,17425.6,17302.4,17179.2,17056.0,16932.8,16809.6,16686.4,16563.2,16316.8,16193.6,16070.4,15947.2,15824.0
213,8008,11270,14362.0,14052.8,13743.6,13434.4,13125.2,12816.0,12506.8,12197.6,11888.4,11579.2,10960.8,10651.6,10342.4,10033.2,9724.0
214,8009,23351,28766.0,28224.5,27683.0,27141.5,26600.0,26058.5,25517.0,24975.5,24434.0,23892.5,22809.5,22268.0,21726.5,21185.0,20643.5
215,8010,25146,22378.0,22654.8,22931.6,23208.4,23485.2,23762.0,24038.8,24315.6,24592.4,24869.2,25422.8,25699.6,25976.4,26253.2,26530.0
216,8011,49499,48748.0,48823.1,48898.2,48973.3,49048.4,49123.5,49198.6,49273.7,49348.8,49423.9,49574.1,49649.2,49724.3,49799.4,49874.5
217,8012,8113,8795.0,8726.8,8658.6,8590.4,8522.2,8454.0,8385.8,8317.6,8249.4,8181.2,8044.8,7976.6,7908.4,7840.2,7772.0
218,8013,11815,10587.0,10709.8,10832.6,10955.4,11078.2,11201.0,11323.8,11446.6,11569.4,11692.2,11937.8,12060.6,12183.4,12306.2,12429.0
219,8014,2034,2284.0,2259.0,2234.0,2209.0,2184.0,2159.0,2134.0,2109.0,2084.0,2059.0,2009.0,1984.0,1959.0,1934.0,1909.0
220,8015,1230,1681.0,1635.9,1590.8,1545.7,1500.6,1455.5,1410.4,1365.3,1320.2,1275.1,1184.9,1139.8,1094.7,1049.6,1004.5
221,8016,3704,3982.0,3954.2,3926.4,3898.6,3870.8,3843.0,3815.2,3787.4,3759.6,3731.8,3676.2,3648.4,3620.6,3592.8,3565.0
222,8017,180638,154639.0,157238.9,159838.8,162438.7,165038.6,167638.5,170238.4,172838.3,175438.2,178038.1,183237.9,185837.8,188437.7,191037.6,193637.5
223,8018,5099,5414.0,5382.5,5351.0,5319.5,5288.0,5256.5,5225.0,5193.5,5162.0,5130.5,5067.5,5036.0,5004.5,4973.0,4941.5
224,8019,937674,819543.0,831356.1,843169.2,854982.3,866795.4,878608.5,890421.6,902234.7,914047.8,925860.9,949487.1,961300.2,973113.3,984926.4,996739.5
225,8020,6222,8441.0,8219.1,7997.2,7775.3,7553.4,7331.5,7109.6,6887.7,6665.8,6443.9,6000.1,5778.2,5556.3,5334.4,5112.5
226,8021,150506,137932.0,139189.4,140446.8,141704.2,142961.6,144219.0,145476.4,146733.8,147991.2,149248.6,151763.4,153020.8,154278.2,155535.6,156793.0
227,8022,2456,2911.0,2865.5,2820.0,2774.5,2729.0,2683.5,2638.0,2592.5,2547.0,2501.5,2410.5,2365.0,2319.5,2274.0,2228.5
228,8023,6656,5892.0,5968.4,6044.8,6121.2,6197.6,6274.0,6350.4,6426.8,6503.2,6579.6,6732.4,6808.8,6885.2,6961.6,7038.0
229,8024,3791,3937.0,3922.4,3907.8,3893.2,3878.6,3864.0,3849.4,3834.8,3820.2,3805.6,3776.4,3761.8,3747.2,3732.6,3718.0
230,8025,7023,8624.0,8463.9,8303.8,8143.7,7983.6,7823.5,7663.4,7503.3,7343.2,7183.1,6862.9,6702.8,6542.7,6382.6,6222.5
231,8026,2448,3209.0,3132.9,3056.8,2980.7,2904.6,2828.5,2752.4,2676.3,2600.2,2524.1,2371.9,2295.8,2219.7,2143.6,2067.5
232,8027,50180,49689.0,49738.1,49787.2,49836.3,49885.4,49934.5,49983.6,50032.7,50081.8,50130.9,50229.1,50278.2,50327.3,50376.4,50425.5
233,8028,4237,6458.0,6235.9,6013.8,5791.7,5569.6,5347.5,5125.4,4903.3,4681.2,4459.1,4014.9,3792.8,3570.7,3348.6,3126.5
234,8029,50514,53499.0,53200.5,52902.0,52603.5,52305.0,52006.5,51708.0,51409.5,51111.0,50812.5,50215.5,49917.0,49618.5,49320.0,49021.5
235,8030,8196,8998.0,8917.8,8837.6,8757.4,8677.2,8597.0,8516.8,8436.6,8356.4,8276.2,8115.8,8035.6,7955.4,7875.2,7795.0
236,8031,35473,39626.0,39210.7,38795.4,38380.1,37964.8,37549.5,37134.2,36718.9,36303.6,35888.3,35057.7,34642.4,34227.1,33811.8,33396.5
237,8032,116662,107061.0,108021.1,108981.2,109941.3,110901.4,111861.5,112821.6,113781.7,114741.8,115701.9,117622.1,118582.2,119542.3,120502.4,121462.5
238,8033,824,1049.0,1026.5,1004.0,981.5,959.0,936.5,914.0,891.5,869.0,846.5,801.5,779.0,756.5,734.0,711.5
239,8034,5196,6934.0,6760.2,6586.4,6412.6,6238.8,6065.0,5891.2,5717.4,5543.6,5369.8,5022.2,4848.4,4674.6,4500.8,4327.0
240,8035,11005,10953.0,10958.2,10963.4,10968.6,10973.8,10979.0,10984.2,10989.4,10994.6,10999.8,11010.2,11015.4,11020.6,11025.8,11031.0
241,8036,40859,41265.0,41224.4,41183.8,41143.2,41102.6,41062.0,41021.4,40980.8,40940.2,40899.6,40818.4,40777.8,40737.2,40696.6,40656.0
242,8037,1512450,1332131.0,1350162.9,1368194.8,1386226.7,1404258.6,1422290.5,1440322.4,1458354.3,1476386.2,1494418.1,1530481.9,1548513.8,1566545.7,1584577.6,1602609.5
243,8038,4980,4953.0,4955.7,4958.4,4961.1,4963.8,4966.5,4969.2,4971.9,4974.6,4977.3,4982.7,4985.4,4988.1,4990.8,4993.5
244,8039,4122,4025.0,4034.7,4044.4,4054.1,4063.8,4073.5,4083.2,4092.9,4102.6,4112.3,4131.7,4141.4,4151.1,4160.8,4170.5
245,8040,25144,29611.0,29164.3,28717.6,28270.9,27824.2,27377.5,26930.8,26484.1,26037.4,25590.7,24697.3,24250.6,23803.9,23357.2,22910.5
246,8041,1302,1921.0,1859.1,1797.2,1735.3,1673.4,1611.5,1549.6,1487.7,1425.8,1363.9,1240.1,1178.2,1116.3,1054.4,992.5
247,8042,1178,1601.0,1558.7,1516.4,1474.1,1431.8,1389.5,1347.2,1304.9,1262.6,1220.3,1135.7,1093.4,1051.1,1008.8,966.5
248,8043,2742,3104.0,3067.8,3031.6,2995.4,2959.2,2923.0,2886.8,2850.6,2814.4,2778.2,2705.8,2669.6,2633.4,2597.2,2561.0
249,8044,4314,4499.0,4480.5,4462.0,4443.5,4425.0,4406.5,4388.0,4369.5,4351.0,4332.5,4295.5,4277.0,4258.5,4240.0,4221.5
250,8045,44853,43833.0,43935.0,44037.0,44139.0,44241.0,44343.0,44445.0,44547.0,44649.0,44751.0,44955.0,45057.0,45159.0,45261.0,45363.0
251,8046,7266,8343.0,8235.3,8127.6,8019.9,7912.2,7804.5,7696.8,7589.1,7481.4,7373.7,7158.3,7050.6,6942.9,6835.2,6727.5
252,8047,4447,5312.0,5225.5,5139.0,5052.5,4966.0,4879.5,4793.0,4706.5,4620.0,4533.5,4360.5,4274.0,4187.5,4101.0,4014.5
253,8048,22712,22880.0,22863.2,22846.4,22829.6,22812.8,22796.0,22779.2,22762.4,22745.6,22728.8,22695.2,22678.4,22661.6,22644.8,22628.0
254,8049,2757,2849.0,2839.8,2830.6,2821.4,2812.2,2803.0,2793.8,2784.6,2775.4,2766.2,2747.8,2738.6,2729.4,2720.2,2711.0
255,8050,65753,59337.0,59978.6,60620.2,61261.8,61903.4,62545.0,63186.6,63828.2,64469.8,65111.4,66394.6,67036.2,67677.8,68319.4,68961.0
256,8051,8127,7546.0,7604.1,7662.2,7720.3,7778.4,7836.5,7894.6,7952.7,8010.8,8068.9,8185.1,8243.2,8301.3,8359.4,8417.5
257,8052,24534,26304.0,26127.0,25950.0,25773.0,25596.0,25419.0,25242.0,25065.0,24888.0,24711.0,24357.0,24180.0,24003.0,23826.0,23649.0
258,8053,5111,4799.0,4830.2,4861.4,4892.6,4923.8,4955.0,4986.2,5017.4,5048.6,5079.8,5142.2,5173.4,5204.6,5235.8,5267.0
259,8054,7695,8012.0,7980.3,7948.6,7916.9,7885.2,7853.5,7821.8,7790.1,7758.4,7726.7,7663.3,7631.6,7599.9,7568.2,7536.5
260,8055,16776,16785.0,16784.1,16783.2,16782.3,16781.4,16780.5,16779.6,16778.7,16777.8,16776.9,16775.1,16774.2,16773.3,16772.4,16771.5
261,8056,2079,2235.0,2219.4,2203.8,2188.2,2172.6,2157.0,2141.4,2125.8,2110.2,2094.6,2063.4,2047.8,2032.2,2016.6,2001.0
262,8057,2197,2290.0,2280.7,2271.4,2262.1,2252.8,2243.5,2234.2,2224.9,2215.6,2206.3,2187.7,2178.4,2169.1,2159.8,2150.5
263,8058,2696,2983.0,2954.3,2925.6,2896.9,2868.2,2839.5,2810.8,2782.1,2753.4,2724.7,2667.3,2638.6,2609.9,2581.2,2552.5
264,8059,5004,4753.0,4778.1,4803.2,4828.3,4853.4,4878.5,4903.6,4928.7,4953.8,4978.9,5029.1,5054.2,5079.3,5104.4,5129.5
265,8060,11582,10427.0,10542.5,10658.0,10773.5,10889.0,11004.5,11120.0,11235.5,11351.0,11466.5,11697.5,11813.0,11928.5,12044.0,12159.5
266,8061,3414,3662.0,3637.2,3612.4,3587.6,3562.8,3538.0,3513.2,3488.4,3463.6,3438.8,3389.2,3364.4,3339.6,3314.8,3290.0
267,8062,29862,32325.0,32078.7,31832.4,31586.1,31339.8,31093.5,30847.2,30600.9,30354.6,30108.3,29615.7,29369.4,29123.1,28876.8,28630.5
268,8063,5320,6211.0,6121.9,6032.8,5943.7,5854.6,5765.5,5676.4,5587.3,5498.2,5409.1,5230.9,5141.8,5052.7,4963.6,4874.5
269,8064,1448,1869.0,1826.9,1784.8,1742.7,1700.6,1658.5,1616.4,1574.3,1532.2,1490.1,1405.9,1363.8,1321.7,1279.6,1237.5
270,8065,17043,20386.0,20051.7,19717.4,19383.1,19048.8,18714.5,18380.2,18045.9,17711.6,17377.3,16708.7,16374.4,16040.1,15705.8,15371.5
271,8066,6512,8200.0,8031.2,7862.4,7693.6,7524.8,7356.0,7187.2,7018.4,6849.6,6680.8,6343.2,6174.4,6005.6,5836.8,5668.0
272,8067,4775,5105.0,5072.0,5039.0,5006.0,4973.0,4940.0,4907.0,4874.0,4841.0,4808.0,4742.0,4709.0,4676.0,4643.0,4610.0
273,9002,432205,414711.0,416460.4,418209.8,419959.2,421708.6,423458.0,425207.4,426956.8,428706.2,430455.6,433954.4,435703.8,437453.2,439202.6,440952.0
274,9003,614447,620416.0,619819.1,619222.2,618625.3,618028.4,617431.5,616834.6,616237.7,615640.8,615043.9,613850.1,613253.2,612656.3,612059.4,611462.5
275,9004,217686,186391.0,189520.5,192650.0,195779.5,198909.0,202038.5,205168.0,208297.5,211427.0,214556.5,220815.5,223945.0,227074.5,230204.0,233333.5
276,9005,1173351,1185772.0,1184529.9,1183287.8,1182045.7,1180803.6,1179561.5,1178319.4,1177077.3,1175835.2,1174593.1,1172108.9,1170866.8,1169624.7,1168382.6,1167140.5
277,9006,404695,384326.0,386362.9,388399.8,390436.7,392473.6,394510.5,396547.4,398584.3,400621.2,402658.1,406731.9,408768.8,410805.7,412842.6,414879.5
278,9007,1835486,1815786.0,1817756.0,1819726.0,1821696.0,1823666.0,1825636.0,1827606.0,1829576.0,1831546.0,1833516.0,1837456.0,1839426.0,1841396.0,1843366.0,1845336.0
279,9008,247622,239086.0,239939.6,240793.2,241646.8,242500.4,243354.0,244207.6,245061.2,245914.8,246768.4,248475.6,249329.2,250182.8,251036.4,251890.0
280,9009,152685,130582.0,132792.3,135002.6,137212.9,139423.2,141633.5,143843.8,146054.1,148264.4,150474.7,154895.3,157105.6,159315.9,161526.2,163736.5
281,9010,759137,727034.0,730244.3,733454.6,736664.9,739875.2,743085.5,746295.8,749506.1,752716.4,755926.7,762347.3,765557.6,768767.9,771978.2,775188.5
282,9011,392313,360265.0,363469.8,366674.6,369879.4,373084.2,376289.0,379493.8,382698.6,385903.4,389108.2,395517.8,398722.6,401927.4,405132.2,408337.0
283,9012,699928,650567.0,655503.1,660439.2,665375.3,670311.4,675247.5,680183.6,685119.7,690055.8,694991.9,704864.1,709800.2,714736.3,719672.4,724608.5
284,9013,442178,415007.0,417724.1,420441.2,423158.3,425875.4,428592.5,431309.6,434026.7,436743.8,439460.9,444895.1,447612.2,450329.3,453046.4,455763.5
285,9014,434153,385439.0,390310.4,395181.8,400053.2,404924.6,409796.0,414667.4,419538.8,424410.2,429281.6,439024.4,443895.8,448767.2,453638.6,458510.0
286,9015,545884,531831.0,533236.3,534641.6,536046.9,537452.2,538857.5,540262.8,541668.1,543073.4,544478.7,547289.3,548694.6,550099.9,551505.2,552910.5
287,9016,414470,372889.0,377047.1,381205.2,385363.3,389521.4,393679.5,397837.6,401995.7,406153.8,410311.9,418628.1,422786.2,426944.3,431102.4,435260.5
288,9017,443704,430978.0,432250.6,433523.2,434795.8,436068.4,437341.0,438613.6,439886.2,441158.8,442431.4,444976.6,446249.2,447521.8,448794.4,450067.0
289,10001,31454,31401.0,31406.3,31411.6,31416.9,31422.2,31427.5,31432.8,31438.1,31443.4,31448.7,31459.3,31464.6,31469.9,31475.2,31480.5
290,10002,4321,4122.0,4141.9,4161.8,4181.7,4201.6,4221.5,4241.4,4261.3,4281.2,4301.1,4340.9,4360.8,4380.7,4400.6,4420.5
291,10003,4084,4530.0,4485.4,4440.8,4396.2,4351.6,4307.0,4262.4,4217.8,4173.2,4128.6,4039.4,3994.8,3950.2,3905.6,3861.0
292,10004,34955,33664.0,33793.1,33922.2,34051.3,34180.4,34309.5,34438.6,34567.7,34696.8,34825.9,35084.1,35213.2,35342.3,35471.4,35600.5
293,10005,688697,582267.0,592910.0,603553.0,614196.0,624839.0,635482.0,646125.0,656768.0,667411.0,678054.0,699340.0,709983.0,720626.0,731269.0,741912.0
294,10006,10038,10629.0,10569.9,10510.8,10451.7,10392.6,10333.5,10274.4,10215.3,10156.2,10097.1,9978.9,9919.8,9860.7,9801.6,9742.5
295,10007,372750,327985.0,332461.5,336938.0,341414.5,345891.0,350367.5,354844.0,359320.5,363797.0,368273.5,377226.5,381703.0,386179.5,390656.0,395132.5
296,10008,36695,34052.0,34316.3,34580.6,34844.9,35109.2,35373.5,35637.8,35902.1,36166.4,36430.7,36959.3,37223.6,37487.9,37752.2,38016.5
297,10009,9869,10149.0,10121.0,10093.0,10065.0,10037.0,10009.0,9981.0,9953.0,9925.0,9897.0,9841.0,9813.0,9785.0,9757.0,9729.0
298,10010,3843,4265.0,4222.8,4180.6,4138.4,4096.2,4054.0,4011.8,3969.6,3927.4,3885.2,3800.8,3758.6,3716.4,3674.2,3632.0
299,10011,4748,5280.0,5226.8,5173.6,5120.4,5067.2,5014.0,4960.8,4907.6,4854.4,4801.2,4694.8,4641.6,4588.4,4535.2,4482.0
300,10012,163313,141043.0,143270.0,145497.0,147724.0,149951.0,152178.0,154405.0,156632.0,158859.0,161086.0,165540.0,167767.0,169994.0,172221.0,174448.0
301,10013,26932,25137.0,25316.5,25496.0,25675.5,25855.0,26034.5,26214.0,26393.5,26573.0,26752.5,27111.5,27291.0,27470.5,27650.0,27829.5
302,10014,48583,33396.0,34914.7,36433.4,37952.1,39470.8,40989.5,42508.2,44026.9,45545.6,47064.3,50101.7,51620.4,53139.1,54657.8,56176.5
303,10015,12894,12411.0,12459.3,12507.6,12555.9,12604.2,12652.5,12700.8,12749.1,12797.4,12845.7,12942.3,12990.6,13038.9,13087.2,13135.5
304,10016,19060,18488.0,18545.2,18602.4,18659.6,18716.8,18774.0,18831.2,18888.4,18945.6,19002.8,19117.2,19174.4,19231.6,19288.8,19346.0
305,10017,8003,9626.0,9463.7,9301.4,9139.1,8976.8,8814.5,8652.2,8489.9,8327.6,8165.3,7840.7,7678.4,7516.1,7353.8,7191.5
306,10018,10384,11320.0,11226.4,11132.8,11039.2,10945.6,10852.0,10758.4,10664.8,10571.2,10477.6,10290.4,10196.8,10103.2,10009.6,9916.0
307,10019,4924,5208.0,5179.6,5151.2,5122.8,5094.4,5066.0,5037.6,5009.2,4980.8,4952.4,4895.6,4867.2,4838.8,4810.4,4782.0
308,10020,12656,11927.0,11999.9,12072.8,12145.7,12218.6,12291.5,12364.4,12437.3,12510.2,12583.1,12728.9,12801.8,12874.7,12947.6,13020.5
309,10021,11118,10473.0,10537.5,10602.0,10666.5,10731.0,10795.5,10860.0,10924.5,10989.0,11053.5,11182.5,11247.0,11311.5,11376.0,11440.5
310,10022,25623,24918.0,24988.5,25059.0,25129.5,25200.0,25270.5,25341.0,25411.5,25482.0,25552.5,25693.5,25764.0,25834.5,25905.0,25975.5
311,10023,51269,49162.0,49372.7,49583.4,49794.1,50004.8,50215.5,50426.2,50636.9,50847.6,51058.3,51479.7,51690.4,51901.1,52111.8,52322.5
312,10024,12818,12788.0,12791.0,12794.0,12797.0,12800.0,12803.0,12806.0,12809.0,12812.0,12815.0,12821.0,12824.0,12827.0,12830.0,12833.0
313,10025,2837,3433.0,3373.4,3313.8,3254.2,3194.6,3135.0,3075.4,3015.8,2956.2,2896.6,2777.4,2717.8,2658.2,2598.6,2539.0
314,10026,17333,19691.0,19455.2,19219.4,18983.6,18747.8,18512.0,18276.2,18040.4,17804.6,17568.8,17097.2,16861.4,16625.6,16389.8,16154.0
315,10027,5251,5947.0,5877.4,5807.8,5738.2,5668.6,5599.0,5529.4,5459.8,5390.2,5320.6,5181.4,5111.8,5042.2,4972.6,4903.0
316,10028,12013,11855.0,11870.8,11886.6,11902.4,11918.2,11934.0,11949.8,11965.6,11981.4,11997.2,12028.8,12044.6,12060.4,12076.2,12092.0
317,10029,2103,2181.0,2173.2,2165.4,2157.6,2149.8,2142.0,2134.2,2126.4,2118.6,2110.8,2095.2,2087.4,2079.6,2071.8,2064.0
318,10030,1633,1709.0,1701.4,1693.8,1686.2,1678.6,1671.0,1663.4,1655.8,1648.2,1640.6,1625.4,1617.8,1610.2,1602.6,1595.0
319,10031,6727,7003.0,6975.4,6947.8,6920.2,6892.6,6865.0,6837.4,6809.8,6782.2,6754.6,6699.4,6671.8,6644.2,6616.6,6589.0
320,10032,49207,44966.0,45390.1,45814.2,46238.3,46662.4,47086.5,47510.6,47934.7,48358.8,48782.9,49631.1,50055.2,50479.3,50903.4,51327.5
321,10033,6917,6761.0,6776.6,6792.2,6807.8,6823.4,6839.0,6854.6,6870.2,6885.8,6901.4,6932.6,6948.2,6963.8,6979.4,6995.0
322,10034,26300,26368.0,26361.2,26354.4,26347.6,26340.8,26334.0,26327.2,26320.4,26313.6,26306.8,26293.2,26286.4,26279.6,26272.8,26266.0
323,10035,11378,10745.0,10808.3,10871.6,10934.9,10998.2,11061.5,11124.8,11188.1,11251.4,11314.7,11441.3,11504.6,11567.9,11631.2,11694.5
324,10036,21143,22244.0,22133.9,22023.8,21913.7,21803.6,21693.5,21583.4,21473.3,21363.2,21253.1,21032.9,20922.8,20812.7,20702.6,20592.5
325,10037,9320,8581.0,8654.9,8728.8,8802.7,8876.6,8950.5,9024.4,9098.3,9172.2,9246.1,9393.9,9467.8,9541.7,9615.6,9689.5
326,10038,23476,21117.0,21352.9,21588.8,21824.7,22060.6,22296.5,22532.4,22768.3,23004.2,23240.1,23711.9,23947.8,24183.7,24419.6,24655.5
327,10039,27981,26092.0,26280.9,26469.8,26658.7,26847.6,27036.5,27225.4,27414.3,27603.2,27792.1,28169.9,28358.8,28547.7,28736.6,28925.5
328,11001,92040,84332.0,85102.8,85873.6,86644.4,87415.2,88186.0,88956.8,89727.6,90498.4,91269.2,92810.8,93581.6,94352.4,95123.2,95894.0
329,11002,108697,109030.0,108996.7,108963.4,108930.1,108896.8,108863.5,108830.2,108796.9,108763.6,108730.3,108663.7,108630.4,108597.1,108563.8,108530.5
330,11003,174615,160383.0,161806.2,163229.4,164652.6,166075.8,167499.0,168922.2,170345.4,171768.6,173191.8,176038.2,177461.4,178884.6,180307.8,181731.0
331,11004,63392,64433.0,64328.9,64224.8,64120.7,64016.6,63912.5,63808.4,63704.3,63600.2,63496.1,63287.9,63183.8,63079.7,62975.6,62871.5
332,11005,117883,85319.0,88575.4,91831.8,95088.2,98344.6,101601.0,104857.4,108113.8,111370.2,114626.6,121139.4,124395.8,127652.2,130908.6,134165.0
333,11006,5296,5610.0,5578.6,5547.2,5515.8,5484.4,5453.0,5421.6,5390.2,5358.8,5327.4,5264.6,5233.2,5201.8,5170.4,5139.0
334,11007,521169,468469.0,473739.0,479009.0,484279.0,489549.0,494819.0,500089.0,505359.0,510629.0,515899.0,526439.0,531709.0,536979.0,542249.0,547519.0
335,11008,41240,37145.0,37554.5,37964.0,38373.5,38783.0,39192.5,39602.0,40011.5,40421.0,40830.5,41649.5,42059.0,42468.5,42878.0,43287.5
336,11009,82216,77794.0,78236.2,78678.4,79120.6,79562.8,80005.0,80447.2,80889.4,81331.6,81773.8,82658.2,83100.4,83542.6,83984.8,84427.0
337,11010,11083,11691.0,11630.2,11569.4,11508.6,11447.8,11387.0,11326.2,11265.4,11204.6,11143.8,11022.2,10961.4,10900.6,10839.8,10779.0
338,11011,97928,88397.0,89350.1,90303.2,91256.3,92209.4,93162.5,94115.6,95068.7,96021.8,96974.9,98881.1,99834.2,100787.3,101740.4,102693.5
339,11012,30857,27308.0,27662.9,28017.8,28372.7,28727.6,29082.5,29437.4,29792.3,30147.2,30502.1,31211.9,31566.8,31921.7,32276.6,32631.5
340,11013,27390,23324.0,23730.6,24137.2,24543.8,24950.4,25357.0,25763.6,26170.2,26576.8,26983.4,27796.6,28203.2,28609.8,29016.4,29423.0
341,11014,163038,148173.0,149659.5,151146.0,152632.5,154119.0,155605.5,157092.0,158578.5,160065.0,161551.5,164524.5,166011.0,167497.5,168984.0,170470.5
342,11015,194500,171709.0,173988.1,176267.2,178546.3,180825.4,183104.5,185383.6,187662.7,189941.8,192220.9,196779.1,199058.2,201337.3,203616.4,205895.5
343,11016,21128,20117.0,20218.1,20319.2,20420.3,20521.4,20622.5,20723.6,20824.7,20925.8,21026.9,21229.1,21330.2,21431.3,21532.4,21633.5
344,11017,592953,529440.0,535791.3,542142.6,548493.9,554845.2,561196.5,567547.8,573899.1,580250.4,586601.7,599304.3,605655.6,612006.9,618358.2,624709.5
345,11018,38782,36584.0,36803.8,37023.6,37243.4,37463.2,37683.0,37902.8,38122.6,38342.4,38562.2,39001.8,39221.6,39441.4,39661.2,39881.0
346,11019,49517,50832.0,50700.5,50569.0,50437.5,50306.0,50174.5,50043.0,49911.5,49780.0,49648.5,49385.5,49254.0,49122.5,48991.0,48859.5
347,11020,1721215,1436480.0,1464953.5,1493427.0,1521900.5,1550374.0,1578847.5,1607321.0,1635794.5,1664268.0,1692741.5,1749688.5,1778162.0,1806635.5,1835109.0,1863582.5
348,11021,47261,49364.0,49153.7,48943.4,48733.1,48522.8,48312.5,48102.2,47891.9,47681.6,47471.3,47050.7,46840.4,46630.1,46419.8,46209.5
349,11022,26383,22683.0,23053.0,23423.0,23793.0,24163.0,24533.0,24903.0,25273.0,25643.0,26013.0,26753.0,27123.0,27493.0,27863.0,28233.0
350,11023,154960,149936.0,150438.4,150940.8,151443.2,151945.6,152448.0,152950.4,153452.8,153955.2,154457.6,155462.4,155964.8,156467.2,156969.6,157472.0
351,11024,12403,11169.0,11292.4,11415.8,11539.2,11662.6,11786.0,11909.4,12032.8,12156.2,12279.6,12526.4,12649.8,12773.2,12896.6,13020.0
352,11025,83842,68795.0,70299.7,71804.4,73309.1,74813.8,76318.5,77823.2,79327.9,80832.6,82337.3,85346.7,86851.4,88356.1,89860.8,91365.5
353,11026,65766,56655.0,57566.1,58477.2,59388.3,60299.4,61210.5,62121.6,63032.7,63943.8,64854.9,66677.1,67588.2,68499.3,69410.4,70321.5
354,11027,273417,260732.0,262000.5,263269.0,264537.5,265806.0,267074.5,268343.0,269611.5,270880.0,272148.5,274685.5,275954.0,277222.5,278491.0,279759.5
355,11028,94126,97054.0,96761.2,96468.4,96175.6,95882.8,95590.0,95297.2,95004.4,94711.6,94418.8,93833.2,93540.4,93247.6,92954.8,92662.0
356,11029,41054,37103.0,37498.1,37893.2,38288.3,38683.4,39078.5,39473.6,39868.7,40263.8,40658.9,41449.1,41844.2,42239.3,42634.4,43029.5
357,11030,119793,106952.0,108236.1,109520.2,110804.3,112088.4,113372.5,114656.6,115940.7,117224.8,118508.9,121077.1,122361.2,123645.3,124929.4,126213.5
358,11031,130871,113570.0,115300.1,117030.2,118760.3,120490.4,122220.5,123950.6,125680.7,127410.8,129140.9,132601.1,134331.2,136061.3,137791.4,139521.5
359,11032,89558,72411.0,74125.7,75840.4,77555.1,79269.8,80984.5,82699.2,84413.9,86128.6,87843.3,91272.7,92987.4,94702.1,96416.8,98131.5
360,11033,128536,115656.0,116944.0,118232.0,119520.0,120808.0,122096.0,123384.0,124672.0,125960.0,127248.0,129824.0,131112.0,132400.0,133688.0,134976.0
361,11034,5723,5120.0,5180.3,5240.6,5300.9,5361.2,5421.5,5481.8,5542.1,5602.4,5662.7,5783.3,5843.6,5903.9,5964.2,6024.5
362,11035,82340,79214.0,79526.6,79839.2,80151.8,80464.4,80777.0,81089.6,81402.2,81714.8,82027.4,82652.6,82965.2,83277.8,83590.4,83903.0
363,11036,6714,6670.0,6674.4,6678.8,6683.2,6687.6,6692.0,6696.4,6700.8,6705.2,6709.6,6718.4,6722.8,6727.2,6731.6,6736.0
364,11037,203556,173024.0,176077.2,179130.4,182183.6,185236.8,188290.0,191343.2,194396.4,197449.6,200502.8,206609.2,209662.4,212715.6,215768.8,218822.0
365,11038,11304,11641.0,11607.3,11573.6,11539.9,11506.2,11472.5,11438.8,11405.1,11371.4,11337.7,11270.3,11236.6,11202.9,11169.2,11135.5
366,11039,35905,35571.0,35604.4,35637.8,35671.2,35704.6,35738.0,35771.4,35804.8,35838.2,35871.6,35938.4,35971.8,36005.2,36038.6,36072.0
367,11040,20007,18175.0,18358.2,18541.4,18724.6,18907.8,19091.0,19274.2,19457.4,19640.6,19823.8,20190.2,20373.4,20556.6,20739.8,20923.0
368,11041,61494,59305.0,59523.9,59742.8,59961.7,60180.6,60399.5,60618.4,60837.3,61056.2,61275.1,61712.9,61931.8,62150.7,62369.6,62588.5
369,11042,150054,141058.0,141957.6,142857.2,143756.8,144656.4,145556.0,146455.6,147355.2,148254.8,149154.4,150953.6,151853.2,152752.8,153652.4,154552.0
370,11043,21253,19820.0,19963.3,20106.6,20249.9,20393.2,20536.5,20679.8,20823.1,20966.4,21109.7,21396.3,21539.6,21682.9,21826.2,21969.5
371,11044,65791,55782.0,56782.9,57783.8,58784.7,59785.6,60786.5,61787.4,62788.3,63789.2,64790.1,66791.9,67792.8,68793.7,69794.6,70795.5
372,11045,11143,11560.0,11518.3,11476.6,11434.9,11393.2,11351.5,11309.8,11268.1,11226.4,11184.7,11101.3,11059.6,11017.9,10976.2,10934.5
373,11046,68741,70782.0,70577.9,70373.8,70169.7,69965.6,69761.5,69557.4,69353.3,69149.2,68945.1,68536.9,68332.8,68128.7,67924.6,67720.5
374,12001,779566,789971.0,788930.5,787890.0,786849.5,785809.0,784768.5,783728.0,782687.5,781647.0,780606.5,778525.5,777485.0,776444.5,775404.0,774363.5
375,12002,25205,25027.0,25044.8,25062.6,25080.4,25098.2,25116.0,25133.8,25151.6,25169.4,25187.2,25222.8,25240.6,25258.4,25276.2,25294.0
376,12003,37655,38203.0,38148.2,38093.4,38038.6,37983.8,37929.0,37874.2,37819.4,37764.6,37709.8,37600.2,37545.4,37490.6,37435.8,37381.0
377,12004,21225,18971.0,19196.4,19421.8,19647.2,19872.6,20098.0,20323.4,20548.8,20774.2,20999.6,21450.4,21675.8,21901.2,22126.6,22352.0
378,12005,7813,6637.0,6754.6,6872.2,6989.8,7107.4,7225.0,7342.6,7460.2,7577.8,7695.4,7930.6,8048.2,8165.8,8283.4,8401.0
379,12006,11112,12389.0,12261.3,12133.6,12005.9,11878.2,11750.5,11622.8,11495.1,11367.4,11239.7,10984.3,10856.6,10728.9,10601.2,10473.5
380,12007,33267,32181.0,32289.6,32398.2,32506.8,32615.4,32724.0,32832.6,32941.2,33049.8,33158.4,33375.6,33484.2,33592.8,33701.4,33810.0
381,12008,9147,8390.0,8465.7,8541.4,8617.1,8692.8,8768.5,8844.2,8919.9,8995.6,9071.3,9222.7,9298.4,9374.1,9449.8,9525.5
382,12009,5811,5706.0,5716.5,5727.0,5737.5,5748.0,5758.5,5769.0,5779.5,5790.0,5800.5,5821.5,5832.0,5842.5,5853.0,5863.5
383,12010,28491,26341.0,26556.0,26771.0,26986.0,27201.0,27416.0,27631.0,27846.0,28061.0,28276.0,28706.0,28921.0,29136.0,29351.0,29566.0
384,12011,60680,61316.0,61252.4,61188.8,61125.2,61061.6,60998.0,60934.4,60870.8,60807.2,60743.6,60616.4,60552.8,60489.2,60425.6,60362.0
385,12012,69123,62690.0,63333.3,63976.6,64619.9,65263.2,65906.5,66549.8,67193.1,67836.4,68479.7,69766.3,70409.6,71052.9,71696.2,72339.5
386,12013,15099,14429.0,14496.0,14563.0,14630.0,14697.0,14764.0,14831.0,14898.0,14965.0,15032.0,15166.0,15233.0,15300.0,15367.0,15434.0
387,12014,15442,15019.0,15061.3,15103.6,15145.9,15188.2,15230.5,15272.8,15315.1,15357.4,15399.7,15484.3,15526.6,15568.9,15611.2,15653.5
388,12015,12982,12688.0,12717.4,12746.8,12776.2,12805.6,12835.0,12864.4,12893.8,12923.2,12952.6,13011.4,13040.8,13070.2,13099.6,13129.0
389,12016,12408,13025.0,12963.3,12901.6,12839.9,12778.2,12716.5,12654.8,12593.1,12531.4,12469.7,12346.3,12284.6,12222.9,12161.2,12099.5
390,12017,15579,14707.0,14794.2,14881.4,14968.6,15055.8,15143.0,15230.2,15317.4,15404.6,15491.8,15666.2,15753.4,15840.6,15927.8,16015.0
391,12018,14463,13636.0,13718.7,13801.4,13884.1,13966.8,14049.5,14132.2,14214.9,14297.6,14380.3,14545.7,14628.4,14711.1,14793.8,14876.5
392,12019,15598,14456.0,14570.2,14684.4,14798.6,14912.8,15027.0,15141.2,15255.4,15369.6,15483.8,15712.2,15826.4,15940.6,16054.8,16169.0
393,12020,21648,18855.0,19134.3,19413.6,19692.9,19972.2,20251.5,20530.8,20810.1,21089.4,21368.7,21927.3,22206.6,22485.9,22765.2,23044.5
394,12021,73056,73460.0,73419.6,73379.2,73338.8,73298.4,73258.0,73217.6,73177.2,73136.8,73096.4,73015.6,72975.2,72934.8,72894.4,72854.0
395,12022,38554,42069.0,41717.5,41366.0,41014.5,40663.0,40311.5,39960.0,39608.5,39257.0,38905.5,38202.5,37851.0,37499.5,37148.0,36796.5
396,12023,26627,25922.0,25992.5,26063.0,26133.5,26204.0,26274.5,26345.0,26415.5,26486.0,26556.5,26697.5,26768.0,26838.5,26909.0,26979.5
397,12024,7874,7007.0,7093.7,7180.4,7267.1,7353.8,7440.5,7527.2,7613.9,7700.6,7787.3,7960.7,8047.4,8134.1,8220.8,8307.5
398,12025,17024,15115.0,15305.9,15496.8,15687.7,15878.6,16069.5,16260.4,16451.3,16642.2,16833.1,17214.9,17405.8,17596.7,17787.6,17978.5
399,12026,8272,9166.0,9076.6,8987.2,8897.8,8808.4,8719.0,8629.6,8540.2,8450.8,8361.4,8182.6,8093.2,8003.8,7914.4,7825.0
400,12027,20537,21388.0,21302.9,21217.8,21132.7,21047.6,20962.5,20877.4,20792.3,20707.2,20622.1,20451.9,20366.8,20281.7,20196.6,20111.5
401,12028,123722,120790.0,121083.2,121376.4,121669.6,121962.8,122256.0,122549.2,122842.4,123135.6,123428.8,124015.2,124308.4,124601.6,124894.8,125188.0
402,12029,283354,241717.0,245880.7,250044.4,254208.1,258371.8,262535.5,266699.2,270862.9,275026.6,279190.3,287517.7,291681.4,295845.1,300008.8,304172.5
403,12030,22250,20175.0,20382.5,20590.0,20797.5,21005.0,21212.5,21420.0,21627.5,21835.0,22042.5,22457.5,22665.0,22872.5,23080.0,23287.5
404,12031,6278,6301.0,6298.7,6296.4,6294.1,6291.8,6289.5,6287.2,6284.9,6282.6,6280.3,6275.7,6273.4,6271.1,6268.8,6266.5
405,12032,37254,36586.0,36652.8,36719.6,36786.4,36853.2,36920.0,36986.8,37053.6,37120.4,37187.2,37320.8,37387.6,37454.4,37521.2,37588.0
406,12033,17488,14393.0,14702.5,15012.0,15321.5,15631.0,15940.5,16250.0,16559.5,16869.0,17178.5,17797.5,18107.0,18416.5,18726.0,19035.5
407,12034,36593,37364.0,37286.9,37209.8,37132.7,37055.6,36978.5,36901.4,36824.3,36747.2,36670.1,36515.9,36438.8,36361.7,36284.6,36207.5
408,12035,154173,140363.0,141744.0,143125.0,144506.0,145887.0,147268.0,148649.0,150030.0,151411.0,152792.0,155554.0,156935.0,158316.0,159697.0,161078.0
409,12036,11739,10815.0,10907.4,10999.8,11092.2,11184.6,11277.0,11369.4,11461.8,11554.2,11646.6,11831.4,11923.8,12016.2,12108.6,12201.0
410,12037,6138,6603.0,6556.5,6510.0,6463.5,6417.0,6370.5,6324.0,6277.5,6231.0,6184.5,6091.5,6045.0,5998.5,5952.0,5905.5
411,12038,126001,118211.0,118990.0,119769.0,120548.0,121327.0,122106.0,122885.0,123664.0,124443.0,125222.0,126780.0,127559.0,128338.0,129117.0,129896.0
412,12039,26093,24364.0,24536.9,24709.8,24882.7,25055.6,25228.5,25401.4,25574.3,25747.2,25920.1,26265.9,26438.8,26611.7,26784.6,26957.5
413,12040,26357,24720.0,24883.7,25047.4,25211.1,25374.8,25538.5,25702.2,25865.9,26029.6,26193.3,26520.7,26684.4,26848.1,27011.8,27175.5
414,12041,29625,29599.0,29601.6,29604.2,29606.8,29609.4,29612.0,29614.6,29617.2,29619.8,29622.4,29627.6,29630.2,29632.8,29635.4,29638.0
415,12042,18613,17702.0,17793.1,17884.2,17975.3,18066.4,18157.5,18248.6,18339.7,18430.8,18521.9,18704.1,18795.2,18886.3,18977.4,19068.5
416,12043,18859,18976.0,18964.3,18952.6,18940.9,18929.2,18917.5,18905.8,18894.1,18882.4,18870.7,18847.3,18835.6,18823.9,18812.2,18800.5
417,12044,12402,11376.0,11478.6,11581.2,11683.8,11786.4,11889.0,11991.6,12094.2,12196.8,12299.4,12504.6,12607.2,12709.8,12812.4,12915.0
418,12045,28446,24723.0,25095.3,25467.6,25839.9,26212.2,26584.5,26956.8,27329.1,27701.4,28073.7,28818.3,29190.6,29562.9,29935.2,30307.5
419,12046,68207,61306.0,61996.1,62686.2,63376.3,64066.4,64756.5,65446.6,66136.7,66826.8,67516.9,68897.1,69587.2,70277.3,70967.4,71657.5
420,12047,7076,6978.0,6987.8,6997.6,7007.4,7017.2,7027.0,7036.8,7046.6,7056.4,7066.2,7085.8,7095.6,7105.4,7115.2,7125.0
421,12048,44583,44979.0,44939.4,44899.8,44860.2,44820.6,44781.0,44741.4,44701.8,44662.2,44622.6,44543.4,44503.8,44464.2,44424.6,44385.0
422,12049,12753,11558.0,11677.5,11797.0,11916.5,12036.0,12155.5,12275.0,12394.5,12514.0,12633.5,12872.5,12992.0,13111.5,13231.0,13350.5
423,12050,38482,37035.0,37179.7,37324.4,37469.1,37613.8,37758.5,37903.2,38047.9,38192.6,38337.3,38626.7,38771.4,38916.1,39060.8,39205.5
424,12051,36143,34728.0,34869.5,35011.0,35152.5,35294.0,35435.5,35577.0,35718.5,35860.0,36001.5,36284.5,36426.0,36567.5,36709.0,36850.5
425,12052,46270,42360.0,42751.0,43142.0,43533.0,43924.0,44315.0,44706.0,45097.0,45488.0,45879.0,46661.0,47052.0,47443.0,47834.0,48225.0
426,12053,50124,48501.0,48663.3,48825.6,48987.9,49150.2,49312.5,49474.8,49637.1,49799.4,49961.7,50286.3,50448.6,50610.9,50773.2,50935.5
427,12054,24139,28009.0,27622.0,27235.0,26848.0,26461.0,26074.0,25687.0,25300.0,24913.0,24526.0,23752.0,23365.0,22978.0,22591.0,22204.0
428,12055,105586,104053.0,104206.3,104359.6,104512.9,104666.2,104819.5,104972.8,105126.1,105279.4,105432.7,105739.3,105892.6,106045.9,106199.2,106352.5
429,12056,46063,44079.0,44277.4,44475.8,44674.2,44872.6,45071.0,45269.4,45467.8,45666.2,45864.6,46261.4,46459.8,46658.2,46856.6,47055.0
430,12057,65237,62071.0,62387.6,62704.2,63020.8,63337.4,63654.0,63970.6,64287.2,64603.8,64920.4,65553.6,65870.2,66186.8,66503.4,66820.0
431,12058,53817,53769.0,53773.8,53778.6,53783.4,53788.2,53793.0,53797.8,53802.6,53807.4,53812.2,53821.8,53826.6,53831.4,53836.2,53841.0
432,12059,30806,30470.0,30503.6,30537.2,30570.8,30604.4,30638.0,30671.6,30705.2,30738.8,30772.4,30839.6,30873.2,30906.8,30940.4,30974.0
433,12060,13552,13128.0,13170.4,13212.8,13255.2,13297.6,13340.0,13382.4,13424.8,13467.2,13509.6,13594.4,13636.8,13679.2,13721.6,13764.0
434,12061,43171,40058.0,40369.3,40680.6,40991.9,41303.2,41614.5,41925.8,42237.1,42548.4,42859.7,43482.3,43793.6,44104.9,44416.2,44727.5
435,12062,22781,21306.0,21453.5,21601.0,21748.5,21896.0,22043.5,22191.0,22338.5,22486.0,22633.5,22928.5,23076.0,23223.5,23371.0,23518.5
436,12063,10092,9967.0,9979.5,9992.0,10004.5,10017.0,10029.5,10042.0,10054.5,10067.0,10079.5,10104.5,10117.0,10129.5,10142.0,10154.5
437,12064,11681,11495.0,11513.6,11532.2,11550.8,11569.4,11588.0,11606.6,11625.2,11643.8,11662.4,11699.6,11718.2,11736.8,11755.4,11774.0
438,12065,7602,7096.0,7146.6,7197.2,7247.8,7298.4,7349.0,7399.6,7450.2,7500.8,7551.4,7652.6,7703.2,7753.8,7804.4,7855.0
439,12066,96125,81419.0,82889.6,84360.2,85830.8,87301.4,88772.0,90242.6,91713.2,93183.8,94654.4,97595.6,99066.2,100536.8,102007.4,103478.0
440,12067,22209,21819.0,21858.0,21897.0,21936.0,21975.0,22014.0,22053.0,22092.0,22131.0,22170.0,22248.0,22287.0,22326.0,22365.0,22404.0
441,12068,26349,25712.0,25775.7,25839.4,25903.1,25966.8,26030.5,26094.2,26157.9,26221.6,26285.3,26412.7,26476.4,26540.1,26603.8,26667.5
442,12069,11966,12240.0,12212.6,12185.2,12157.8,12130.4,12103.0,12075.6,12048.2,12020.8,11993.4,11938.6,11911.2,11883.8,11856.4,11829.0
443,12070,7862,7079.0,7157.3,7235.6,7313.9,7392.2,7470.5,7548.8,7627.1,7705.4,7783.7,7940.3,8018.6,8096.9,8175.2,8253.5
444,12071,29891,28089.0,28269.2,28449.4,28629.6,28809.8,28990.0,29170.2,29350.4,29530.6,29710.8,30071.2,30251.4,30431.6,30611.8,30792.0
445,12072,12004,10516.0,10664.8,10813.6,10962.4,11111.2,11260.0,11408.8,11557.6,11706.4,11855.2,12152.8,12301.6,12450.4,12599.2,12748.0
446,12073,18031,18813.0,18734.8,18656.6,18578.4,18500.2,18422.0,18343.8,18265.6,18187.4,18109.2,17952.8,17874.6,17796.4,17718.2,17640.0
447,12074,21977,22587.0,22526.0,22465.0,22404.0,22343.0,22282.0,22221.0,22160.0,22099.0,22038.0,21916.0,21855.0,21794.0,21733.0,21672.0
448,12075,53126,46158.0,46854.8,47551.6,48248.4,48945.2,49642.0,50338.8,51035.6,51732.4,52429.2,53822.8,54519.6,55216.4,55913.2,56610.0
449,12076,40197,32792.0,33532.5,34273.0,35013.5,35754.0,36494.5,37235.0,37975.5,38716.0,39456.5,40937.5,41678.0,42418.5,43159.0,43899.5
450,12077,14280,12912.0,13048.8,13185.6,13322.4,13459.2,13596.0,13732.8,13869.6,14006.4,14143.2,14416.8,14553.6,14690.4,14827.2,14964.0
451,12078,21241,18778.0,19024.3,19270.6,19516.9,19763.2,20009.5,20255.8,20502.1,20748.4,20994.7,21487.3,21733.6,21979.9,22226.2,22472.5
452,12079,18381,15678.0,15948.3,16218.6,16488.9,16759.2,17029.5,17299.8,17570.1,17840.4,18110.7,18651.3,18921.6,19191.9,19462.2,19732.5
453,12080,7559,7166.0,7205.3,7244.6,7283.9,7323.2,7362.5,7401.8,7441.1,7480.4,7519.7,7598.3,7637.6,7676.9,7716.2,7755.5
454,12081,11679,10522.0,10637.7,10753.4,10869.1,10984.8,11100.5,11216.2,11331.9,11447.6,11563.3,11794.7,11910.4,12026.1,12141.8,12257.5
455,13001,22268,20077.0,20296.1,20515.2,20734.3,20953.4,21172.5,21391.6,21610.7,21829.8,22048.9,22487.1,22706.2,22925.3,23144.4,23363.5
456,13002,46065,40583.0,41131.2,41679.4,42227.6,42775.8,43324.0,43872.2,44420.4,44968.6,45516.8,46613.2,47161.4,47709.6,48257.8,48806.0
457,13003,61002,54299.0,54969.3,55639.6,56309.9,56980.2,57650.5,58320.8,58991.1,59661.4,60331.7,61672.3,62342.6,63012.9,63683.2,64353.5
458,13004,10313,8994.0,9125.9,9257.8,9389.7,9521.6,9653.5,9785.4,9917.3,10049.2,10181.1,10444.9,10576.8,10708.7,10840.6,10972.5
459,13005,18872,17055.0,17236.7,17418.4,17600.1,17781.8,17963.5,18145.2,18326.9,18508.6,18690.3,19053.7,19235.4,19417.1,19598.8,19780.5
460,13006,19162,18879.0,18907.3,18935.6,18963.9,18992.2,19020.5,19048.8,19077.1,19105.4,19133.7,19190.3,19218.6,19246.9,19275.2,19303.5
461,13007,12546,11294.0,11419.2,11544.4,11669.6,11794.8,11920.0,12045.2,12170.4,12295.6,12420.8,12671.2,12796.4,12921.6,13046.8,13172.0
462,13008,46681,42563.0,42974.8,43386.6,43798.4,44210.2,44622.0,45033.8,45445.6,45857.4,46269.2,47092.8,47504.6,47916.4,48328.2,48740.0
463,13009,19836,17374.0,17620.2,17866.4,18112.6,18358.8,18605.0,18851.2,19097.4,19343.6,19589.8,20082.2,20328.4,20574.6,20820.8,21067.0
464,13010,31525,26904.0,27366.1,27828.2,28290.3,28752.4,29214.5,29676.6,30138.7,30600.8,31062.9,31987.1,32449.2,32911.3,33373.4,33835.5
465,13011,19812,19452.0,19488.0,19524.0,19560.0,19596.0,19632.0,19668.0,19704.0,19740.0,19776.0,19848.0,19884.0,19920.0,19956.0,19992.0
466,13012,30135,26940.0,27259.5,27579.0,27898.5,28218.0,28537.5,28857.0,29176.5,29496.0,29815.5,30454.5,30774.0,31093.5,31413.0,31732.5
467,13013,62470,31078.0,34217.2,37356.4,40495.6,43634.8,46774.0,49913.2,53052.399999999994,56191.6,59330.8,65609.2,68748.4,71887.6,75026.8,78166.0
468,13014,16150,16962.0,16880.8,16799.6,16718.4,16637.2,16556.0,16474.8,16393.6,16312.4,16231.2,16068.8,15987.6,15906.4,15825.2,15744.0
469,13015,19431,18427.0,18527.4,18627.8,18728.2,18828.6,18929.0,19029.4,19129.8,19230.2,19330.6,19531.4,19631.8,19732.2,19832.6,19933.0
470,13016,60421,54500.0,55092.1,55684.2,56276.3,56868.4,57460.5,58052.6,58644.7,59236.8,59828.9,61013.1,61605.2,62197.3,62789.4,63381.5
471,13017,12967,12271.0,12340.6,12410.2,12479.8,12549.4,12619.0,12688.6,12758.2,12827.8,12897.4,13036.6,13106.2,13175.8,13245.4,13315.0
472,13018,22903,22402.0,22452.1,22502.2,22552.3,22602.4,22652.5,22702.6,22752.7,22802.8,22852.9,22953.1,23003.2,23053.3,23103.4,23153.5
473,13019,18909,17436.0,17583.3,17730.6,17877.9,18025.2,18172.5,18319.8,18467.1,18614.4,18761.7,19056.3,19203.6,19350.9,19498.2,19645.5
474,13020,2593,2800.0,2779.3,2758.6,2737.9,2717.2,2696.5,2675.8,2655.1,2634.4,2613.7,2572.3,2551.6,2530.9,2510.2,2489.5
475,13021,15175,13357.0,13538.8,13720.6,13902.4,14084.2,14266.0,14447.8,14629.6,14811.4,14993.2,15356.8,15538.6,15720.4,15902.2,16084.0
476,13022,16285,13830.0,14075.5,14321.0,14566.5,14812.0,15057.5,15303.0,15548.5,15794.0,16039.5,16530.5,16776.0,17021.5,17267.0,17512.5
477,13023,36248,33901.0,34135.7,34370.4,34605.1,34839.8,35074.5,35309.2,35543.9,35778.6,36013.3,36482.7,36717.4,36952.1,37186.8,37421.5
478,13024,17607,17182.0,17224.5,17267.0,17309.5,17352.0,17394.5,17437.0,17479.5,17522.0,17564.5,17649.5,17692.0,17734.5,17777.0,17819.5
479,13025,20673,22621.0,22426.2,22231.4,22036.6,21841.8,21647.0,21452.2,21257.4,21062.6,20867.8,20478.2,20283.4,20088.6,19893.8,19699.0
480,13026,12766,12779.0,12777.7,12776.4,12775.1,12773.8,12772.5,12771.2,12769.9,12768.6,12767.3,12764.7,12763.4,12762.1,12760.8,12759.5
481,13027,22846,23563.0,23491.3,23419.6,23347.9,23276.2,23204.5,23132.8,23061.1,22989.4,22917.7,22774.3,22702.6,22630.9,22559.2,22487.5
482,13028,126781,122905.0,123292.6,123680.2,124067.8,124455.4,124843.0,125230.6,125618.2,126005.8,126393.4,127168.6,127556.2,127943.8,128331.4,128719.0
483,13029,47425,44253.0,44570.2,44887.4,45204.6,45521.8,45839.0,46156.2,46473.4,46790.6,47107.8,47742.2,48059.4,48376.6,48693.8,49011.0
484,13030,98654,86363.0,87592.1,88821.2,90050.3,91279.4,92508.5,93737.6,94966.7,96195.8,97424.9,99883.1,101112.2,102341.3,103570.4,104799.5
485,13031,12290,12804.0,12752.6,12701.2,12649.8,12598.4,12547.0,12495.6,12444.2,12392.8,12341.4,12238.6,12187.2,12135.8,12084.4,12033.0
486,13032,10523,10933.0,10892.0,10851.0,10810.0,10769.0,10728.0,10687.0,10646.0,10605.0,10564.0,10482.0,10441.0,10400.0,10359.0,10318.0
487,13033,2895,3193.0,3163.2,3133.4,3103.6,3073.8,3044.0,3014.2,2984.4,2954.6,2924.8,2865.2,2835.4,2805.6,2775.8,2746.0
488,13034,9474,9843.0,9806.1,9769.2,9732.3,9695.4,9658.5,9621.6,9584.7,9547.8,9510.9,9437.1,9400.2,9363.3,9326.4,9289.5
489,13035,13078,11429.0,11593.9,11758.8,11923.7,12088.6,12253.5,12418.4,12583.3,12748.2,12913.1,13242.9,13407.8,13572.7,13737.6,13902.5
490,13036,9449,9364.0,9372.5,9381.0,9389.5,9398.0,9406.5,9415.0,9423.5,9432.0,9440.5,9457.5,9466.0,9474.5,9483.0,9491.5
491,13037,20962,21623.0,21556.9,21490.8,21424.7,21358.6,21292.5,21226.4,21160.3,21094.2,21028.1,20895.9,20829.8,20763.7,20697.6,20631.5
492,13038,8878,7980.0,8069.8,8159.6,8249.4,8339.2,8429.0,8518.8,8608.6,8698.4,8788.2,8967.8,9057.6,9147.4,9237.2,9327.0
493,13039,14324,13864.0,13910.0,13956.0,14002.0,14048.0,14094.0,14140.0,14186.0,14232.0,14278.0,14370.0,14416.0,14462.0,14508.0,14554.0
494,13040,9819,10452.0,10388.7,10325.4,10262.1,10198.8,10135.5,10072.2,10008.9,9945.6,9882.3,9755.7,9692.4,9629.1,9565.8,9502.5
495,13041,47222,42834.0,43272.8,43711.6,44150.4,44589.2,45028.0,45466.8,45905.6,46344.4,46783.2,47660.8,48099.6,48538.4,48977.2,49416.0
496,13042,11578,11209.0,11245.9,11282.8,11319.7,11356.6,11393.5,11430.4,11467.3,11504.2,11541.1,11614.9,11651.8,11688.7,11725.6,11762.5
497,13043,6265,6614.0,6579.1,6544.2,6509.3,6474.4,6439.5,6404.6,6369.7,6334.8,6299.9,6230.1,6195.2,6160.3,6125.4,6090.5
498,13044,16948,15666.0,15794.2,15922.4,16050.6,16178.8,16307.0,16435.2,16563.4,16691.6,16819.8,17076.2,17204.4,17332.6,17460.8,17589.0
499,13045,9295,8963.0,8996.2,9029.4,9062.6,9095.8,9129.0,9162.2,9195.4,9228.6,9261.8,9328.2,9361.4,9394.6,9427.8,9461.0
500,13046,38492,39181.0,39112.1,39043.2,38974.3,38905.4,38836.5,38767.6,38698.7,38629.8,38560.9,38423.1,38354.2,38285.3,38216.4,38147.5
501,13047,4748,5049.0,5018.9,4988.8,4958.7,4928.6,4898.5,4868.4,4838.3,4808.2,4778.1,4717.9,4687.8,4657.7,4627.6,4597.5
502,13048,314331,267862.0,272508.9,277155.8,281802.7,286449.6,291096.5,295743.4,300390.3,305037.2,309684.1,318977.9,323624.8,328271.7,332918.6,337565.5
503,13049,18723,18244.0,18291.9,18339.8,18387.7,18435.6,18483.5,18531.4,18579.3,18627.2,18675.1,18770.9,18818.8,18866.7,18914.6,18962.5
504,13050,23641,22217.0,22359.4,22501.8,22644.2,22786.6,22929.0,23071.4,23213.8,23356.2,23498.6,23783.4,23925.8,24068.2,24210.6,24353.0
505,13051,202749,127404.0,134938.5,142473.0,150007.5,157542.0,165076.5,172611.0,180145.5,187680.0,195214.5,210283.5,217818.0,225352.5,232887.0,240421.5
506,13052,38891,32057.0,32740.4,33423.8,34107.2,34790.6,35474.0,36157.4,36840.8,37524.2,38207.6,39574.4,40257.8,40941.2,41624.6,42308.0
507,13053,17699,18137.0,18093.2,18049.4,18005.6,17961.8,17918.0,17874.2,17830.4,17786.6,17742.8,17655.2,17611.4,17567.6,17523.8,17480.0
508,13054,36796,32773.0,33175.3,33577.6,33979.9,34382.2,34784.5,35186.8,35589.1,35991.4,36393.7,37198.3,37600.6,38002.9,38405.2,38807.5
509,13055,18329,16014.0,16245.5,16477.0,16708.5,16940.0,17171.5,17403.0,17634.5,17866.0,18097.5,18560.5,18792.0,19023.5,19255.0,19486.5
510,13056,39561,33495.0,34101.6,34708.2,35314.8,35921.4,36528.0,37134.6,37741.2,38347.8,38954.4,40167.6,40774.2,41380.8,41987.4,42594.0
511,13057,15142,14851.0,14880.1,14909.2,14938.3,14967.4,14996.5,15025.6,15054.7,15083.8,15112.9,15171.1,15200.2,15229.3,15258.4,15287.5
512,13058,17441,16865.0,16922.6,16980.2,17037.8,17095.4,17153.0,17210.6,17268.2,17325.8,17383.4,17498.6,17556.2,17613.8,17671.4,17729.0
513,13059,38010,35067.0,35361.3,35655.6,35949.9,36244.2,36538.5,36832.8,37127.1,37421.4,37715.7,38304.3,38598.6,38892.9,39187.2,39481.5
514,13060,17503,17206.0,17235.7,17265.4,17295.1,17324.8,17354.5,17384.2,17413.9,17443.6,17473.3,17532.7,17562.4,17592.1,17621.8,17651.5
515,13061,56245,51664.0,52122.1,52580.2,53038.3,53496.4,53954.5,54412.6,54870.7,55328.8,55786.9,56703.1,57161.2,57619.3,58077.4,58535.5
516,13062,31235,29125.0,29336.0,29547.0,29758.0,29969.0,30180.0,30391.0,30602.0,30813.0,31024.0,31446.0,31657.0,31868.0,32079.0,32290.0
517,13063,90546,80612.0,81605.4,82598.8,83592.2,84585.6,85579.0,86572.4,87565.8,88559.2,89552.6,91539.4,92532.8,93526.2,94519.6,95513.0
518,13064,10830,9940.0,10029.0,10118.0,10207.0,10296.0,10385.0,10474.0,10563.0,10652.0,10741.0,10919.0,11008.0,11097.0,11186.0,11275.0
519,13065,11768,11112.0,11177.6,11243.2,11308.8,11374.4,11440.0,11505.6,11571.2,11636.8,11702.4,11833.6,11899.2,11964.8,12030.4,12096.0
520,13066,13032,11654.0,11791.8,11929.6,12067.4,12205.2,12343.0,12480.8,12618.6,12756.4,12894.2,13169.8,13307.6,13445.4,13583.2,13721.0
521,13067,55134,48025.0,48735.9,49446.8,50157.7,50868.6,51579.5,52290.4,53001.3,53712.2,54423.1,55844.9,56555.8,57266.7,57977.6,58688.5
522,13068,14340,14037.0,14067.3,14097.6,14127.9,14158.2,14188.5,14218.8,14249.1,14279.4,14309.7,14370.3,14400.6,14430.9,14461.2,14491.5
523,13069,168302,97461.0,104545.1,111629.2,118713.3,125797.4,132881.5,139965.6,147049.7,154133.8,161217.9,175386.1,182470.2,189554.3,196638.4,203722.5
524,13070,19067,17153.0,17344.4,17535.8,17727.2,17918.6,18110.0,18301.4,18492.8,18684.2,18875.6,19258.4,19449.8,19641.2,19832.6,20024.0
525,13071,9086,9753.0,9686.3,9619.6,9552.9,9486.2,9419.5,9352.8,9286.1,9219.4,9152.7,9019.3,8952.6,8885.9,8819.2,8752.5
526,13072,11113,10248.0,10334.5,10421.0,10507.5,10594.0,10680.5,10767.0,10853.5,10940.0,11026.5,11199.5,11286.0,11372.5,11459.0,11545.5
527,13073,37722,36382.0,36516.0,36650.0,36784.0,36918.0,37052.0,37186.0,37320.0,37454.0,37588.0,37856.0,37990.0,38124.0,38258.0,38392.0
528,13074,28626,26758.0,26944.8,27131.6,27318.4,27505.2,27692.0,27878.8,28065.6,28252.4,28439.2,28812.8,28999.6,29186.4,29373.2,29560.0
529,13075,21362,13228.0,14041.4,14854.8,15668.2,16481.6,17295.0,18108.4,18921.8,19735.2,20548.6,22175.4,22988.8,23802.2,24615.6,25429.0
530,13076,115107,103919.0,105037.8,106156.6,107275.4,108394.2,109513.0,110631.8,111750.6,112869.4,113988.2,116225.8,117344.6,118463.4,119582.2,120701.0
531,13077,168369,151584.0,153262.5,154941.0,156619.5,158298.0,159976.5,161655.0,163333.5,165012.0,166690.5,170047.5,171726.0,173404.5,175083.0,176761.5
532,13078,18260,19067.0,18986.3,18905.6,18824.9,18744.2,18663.5,18582.8,18502.1,18421.4,18340.7,18179.3,18098.6,18017.9,17937.2,17856.5
533,13079,7015,7320.0,7289.5,7259.0,7228.5,7198.0,7167.5,7137.0,7106.5,7076.0,7045.5,6984.5,6954.0,6923.5,6893.0,6862.5
534,13080,24674,23607.0,23713.7,23820.4,23927.1,24033.8,24140.5,24247.2,24353.9,24460.6,24567.3,24780.7,24887.4,24994.1,25100.8,25207.5
535,13081,38155,32437.0,33008.8,33580.6,34152.4,34724.2,35296.0,35867.8,36439.6,37011.4,37583.2,38726.8,39298.6,39870.4,40442.2,41014.0
536,13082,21443,18036.0,18376.7,18717.4,19058.1,19398.8,19739.5,20080.2,20420.9,20761.6,21102.3,21783.7,22124.4,22465.1,22805.8,23146.5
537,13083,57906,39143.0,41019.3,42895.6,44771.9,46648.2,48524.5,50400.8,52277.1,54153.4,56029.7,59782.3,61658.6,63534.9,65411.2,67287.5
538,13084,39927,38516.0,38657.1,38798.2,38939.3,39080.4,39221.5,39362.6,39503.7,39644.8,39785.9,40068.1,40209.2,40350.3,40491.4,40632.5
539,14001,23175,21206.0,21402.9,21599.8,21796.7,21993.6,22190.5,22387.4,22584.3,22781.2,22978.1,23371.9,23568.8,23765.7,23962.6,24159.5
540,14002,25250,23241.0,23441.9,23642.8,23843.7,24044.6,24245.5,24446.4,24647.3,24848.2,25049.1,25450.9,25651.8,25852.7,26053.6,26254.5
541,14003,23630,21714.0,21905.6,22097.2,22288.8,22480.4,22672.0,22863.6,23055.2,23246.8,23438.4,23821.6,24013.2,24204.8,24396.4,24588.0
542,14004,5743,5545.0,5564.8,5584.6,5604.4,5624.2,5644.0,5663.8,5683.6,5703.4,5723.2,5762.8,5782.6,5802.4,5822.2,5842.0
543,14005,16490,14648.0,14832.2,15016.4,15200.6,15384.8,15569.0,15753.2,15937.4,16121.6,16305.8,16674.2,16858.4,17042.6,17226.8,17411.0
544,14006,60386,57340.0,57644.6,57949.2,58253.8,58558.4,58863.0,59167.6,59472.2,59776.8,60081.4,60690.6,60995.2,61299.8,61604.4,61909.0
545,14007,9433,8896.0,8949.7,9003.4,9057.1,9110.8,9164.5,9218.2,9271.9,9325.6,9379.3,9486.7,9540.4,9594.1,9647.8,9701.5
546,14008,80609,72812.0,73591.7,74371.4,75151.1,75930.8,76710.5,77490.2,78269.9,79049.6,79829.3,81388.7,82168.4,82948.1,83727.8,84507.5
547,14009,21115,17545.0,17902.0,18259.0,18616.0,18973.0,19330.0,19687.0,20044.0,20401.0,20758.0,21472.0,21829.0,22186.0,22543.0,22900.0
548,14010,7758,6655.0,6765.3,6875.6,6985.9,7096.2,7206.5,7316.8,7427.1,7537.4,7647.7,7868.3,7978.6,8088.9,8199.2,8309.5
549,14011,5599,5400.0,5419.9,5439.8,5459.7,5479.6,5499.5,5519.4,5539.3,5559.2,5579.1,5618.9,5638.8,5658.7,5678.6,5698.5
550,14012,4176,4115.0,4121.1,4127.2,4133.3,4139.4,4145.5,4151.6,4157.7,4163.8,4169.9,4182.1,4188.2,4194.3,4200.4,4206.5
551,14013,64009,57717.0,58346.2,58975.4,59604.6,60233.8,60863.0,61492.2,62121.4,62750.6,63379.8,64638.2,65267.4,65896.6,66525.8,67155.0
552,14014,8689,8276.0,8317.3,8358.6,8399.9,8441.2,8482.5,8523.8,8565.1,8606.4,8647.7,8730.3,8771.6,8812.9,8854.2,8895.5
553,14015,64931,57559.0,58296.2,59033.4,59770.6,60507.8,61245.0,61982.2,62719.4,63456.6,64193.8,65668.2,66405.4,67142.6,67879.8,68617.0
554,14016,41552,38291.0,38617.1,38943.2,39269.3,39595.4,39921.5,40247.6,40573.7,40899.8,41225.9,41878.1,42204.2,42530.3,42856.4,43182.5
555,14017,12880,12664.0,12685.6,12707.2,12728.8,12750.4,12772.0,12793.6,12815.2,12836.8,12858.4,12901.6,12923.2,12944.8,12966.4,12988.0
556,14018,67937,64269.0,64635.8,65002.6,65369.4,65736.2,66103.0,66469.8,66836.6,67203.4,67570.2,68303.8,68670.6,69037.4,69404.2,69771.0
557,14019,7043,6820.0,6842.3,6864.6,6886.9,6909.2,6931.5,6953.8,6976.1,6998.4,7020.7,7065.3,7087.6,7109.9,7132.2,7154.5
558,14020,10940,10029.0,10120.1,10211.2,10302.3,10393.4,10484.5,10575.6,10666.7,10757.8,10848.9,11031.1,11122.2,11213.3,11304.4,11395.5
559,14021,20548,21475.0,21382.3,21289.6,21196.9,21104.2,21011.5,20918.8,20826.1,20733.4,20640.7,20455.3,20362.6,20269.9,20177.2,20084.5
560,14022,40139,39020.0,39131.9,39243.8,39355.7,39467.6,39579.5,39691.4,39803.3,39915.2,40027.1,40250.9,40362.8,40474.7,40586.6,40698.5
561,14023,115141,100534.0,101994.7,103455.4,104916.1,106376.8,107837.5,109298.2,110758.9,112219.6,113680.3,116601.7,118062.4,119523.1,120983.8,122444.5
562,14024,29267,26174.0,26483.3,26792.6,27101.9,27411.2,27720.5,28029.8,28339.1,28648.4,28957.7,29576.3,29885.6,30194.9,30504.2,30813.5
563,14025,19689,18091.0,18250.8,18410.6,18570.4,18730.2,18890.0,19049.8,19209.6,19369.4,19529.2,19848.8,20008.6,20168.4,20328.2,20488.0
564,14026,6334,5933.0,5973.1,6013.2,6053.3,6093.4,6133.5,6173.6,6213.7,6253.8,6293.9,6374.1,6414.2,6454.3,6494.4,6534.5
565,14027,18370,17322.0,17426.8,17531.6,17636.4,17741.2,17846.0,17950.8,18055.6,18160.4,18265.2,18474.8,18579.6,18684.4,18789.2,18894.0
566,14028,2166,2171.0,2170.5,2170.0,2169.5,2169.0,2168.5,2168.0,2167.5,2167.0,2166.5,2165.5,2165.0,2164.5,2164.0,2163.5
567,14029,17820,17795.0,17797.5,17800.0,17802.5,17805.0,17807.5,17810.0,17812.5,17815.0,17817.5,17822.5,17825.0,17827.5,17830.0,17832.5
568,14030,55196,48839.0,49474.7,50110.4,50746.1,51381.8,52017.5,52653.2,53288.9,53924.6,54560.3,55831.7,56467.4,57103.1,57738.8,58374.5
569,14031,3270,3771.0,3720.9,3670.8,3620.7,3570.6,3520.5,3470.4,3420.3,3370.2,3320.1,3219.9,3169.8,3119.7,3069.6,3019.5
570,14032,5983,5814.0,5830.9,5847.8,5864.7,5881.6,5898.5,5915.4,5932.3,5949.2,5966.1,5999.9,6016.8,6033.7,6050.6,6067.5
571,14033,21226,21132.0,21141.4,21150.8,21160.2,21169.6,21179.0,21188.4,21197.8,21207.2,21216.6,21235.4,21244.8,21254.2,21263.6,21273.0
572,14034,1981,2082.0,2071.9,2061.8,2051.7,2041.6,2031.5,2021.4,2011.3,2001.2,1991.1,1970.9,1960.8,1950.7,1940.6,1930.5
573,14035,53039,51396.0,51560.3,51724.6,51888.9,52053.2,52217.5,52381.8,52546.1,52710.4,52874.7,53203.3,53367.6,53531.9,53696.2,53860.5
574,14036,20011,18632.0,18769.9,18907.8,19045.7,19183.6,19321.5,19459.4,19597.3,19735.2,19873.1,20148.9,20286.8,20424.7,20562.6,20700.5
575,14037,25920,23845.0,24052.5,24260.0,24467.5,24675.0,24882.5,25090.0,25297.5,25505.0,25712.5,26127.5,26335.0,26542.5,26750.0,26957.5
576,14038,4199,4323.0,4310.6,4298.2,4285.8,4273.4,4261.0,4248.6,4236.2,4223.8,4211.4,4186.6,4174.2,4161.8,4149.4,4137.0
577,14039,1385629,1495189.0,1484233.0,1473277.0,1462321.0,1451365.0,1440409.0,1429453.0,1418497.0,1407541.0,1396585.0,1374673.0,1363717.0,1352761.0,1341805.0,1330849.0
578,14040,8732,10284.0,10128.8,9973.6,9818.4,9663.2,9508.0,9352.8,9197.6,9042.4,8887.2,8576.8,8421.6,8266.4,8111.2,7956.0
579,14041,5920,6084.0,6067.6,6051.2,6034.8,6018.4,6002.0,5985.6,5969.2,5952.8,5936.4,5903.6,5887.2,5870.8,5854.4,5838.0
580,14042,10015,8781.0,8904.4,9027.8,9151.2,9274.6,9398.0,9521.4,9644.8,9768.2,9891.6,10138.4,10261.8,10385.2,10508.6,10632.0
581,14043,23258,23428.0,23411.0,23394.0,23377.0,23360.0,23343.0,23326.0,23309.0,23292.0,23275.0,23241.0,23224.0,23207.0,23190.0,23173.0
582,14044,67969,41060.0,43750.9,46441.8,49132.7,51823.6,54514.5,57205.4,59896.3,62587.2,65278.100000000006,70659.9,73350.8,76041.7,78732.6,81423.5
583,14045,20465,19005.0,19151.0,19297.0,19443.0,19589.0,19735.0,19881.0,20027.0,20173.0,20319.0,20611.0,20757.0,20903.0,21049.0,21195.0
584,14046,32678,31948.0,32021.0,32094.0,32167.0,32240.0,32313.0,32386.0,32459.0,32532.0,32605.0,32751.0,32824.0,32897.0,32970.0,33043.0
585,14047,24894,22881.0,23082.3,23283.6,23484.9,23686.2,23887.5,24088.8,24290.1,24491.4,24692.7,25095.3,25296.6,25497.9,25699.2,25900.5
586,14048,18982,18634.0,18668.8,18703.6,18738.4,18773.2,18808.0,18842.8,18877.6,18912.4,18947.2,19016.8,19051.6,19086.4,19121.2,19156.0
587,14049,9425,9545.0,9533.0,9521.0,9509.0,9497.0,9485.0,9473.0,9461.0,9449.0,9437.0,9413.0,9401.0,9389.0,9377.0,9365.0
588,14050,47105,42164.0,42658.1,43152.2,43646.3,44140.4,44634.5,45128.6,45622.7,46116.8,46610.9,47599.1,48093.2,48587.3,49081.4,49575.5
589,14051,30855,13218.0,14981.7,16745.4,18509.1,20272.8,22036.5,23800.2,25563.9,27327.6,29091.300000000003,32618.7,34382.4,36146.1,37909.8,39673.5
590,14052,5534,5515.0,5516.9,5518.8,5520.7,5522.6,5524.5,5526.4,5528.3,5530.2,5532.1,5535.9,5537.8,5539.7,5541.6,5543.5
591,14053,172403,153817.0,155675.6,157534.2,159392.8,161251.4,163110.0,164968.6,166827.2,168685.8,170544.4,174261.6,176120.2,177978.8,179837.4,181696.0
592,14054,5368,5499.0,5485.9,5472.8,5459.7,5446.6,5433.5,5420.4,5407.3,5394.2,5381.1,5354.9,5341.8,5328.7,5315.6,5302.5
593,14055,21781,21321.0,21367.0,21413.0,21459.0,21505.0,21551.0,21597.0,21643.0,21689.0,21735.0,21827.0,21873.0,21919.0,21965.0,22011.0
594,14056,1815,2517.0,2446.8,2376.6,2306.4,2236.2,2166.0,2095.8,2025.6,1955.4,1885.1999999999998,1744.8,1674.6,1604.4,1534.2,1464.0
595,14057,4099,3755.0,3789.4,3823.8,3858.2,3892.6,3927.0,3961.4,3995.8,4030.2,4064.6,4133.4,4167.8,4202.2,4236.6,4271.0
596,14058,14451,14245.0,14265.6,14286.2,14306.8,14327.4,14348.0,14368.6,14389.2,14409.8,14430.4,14471.6,14492.2,14512.8,14533.4,14554.0
597,14059,14043,13225.0,13306.8,13388.6,13470.4,13552.2,13634.0,13715.8,13797.6,13879.4,13961.2,14124.8,14206.6,14288.4,14370.2,14452.0
598,14060,5307,6034.0,5961.3,5888.6,5815.9,5743.2,5670.5,5597.8,5525.1,5452.4,5379.7,5234.3,5161.6,5088.9,5016.2,4943.5
599,14061,22083,18084.0,18483.9,18883.8,19283.7,19683.6,20083.5,20483.4,20883.3,21283.2,21683.1,22482.9,22882.8,23282.7,23682.6,24082.5
600,14062,3638,3574.0,3580.4,3586.8,3593.2,3599.6,3606.0,3612.4,3618.8,3625.2,3631.6,3644.4,3650.8,3657.2,3663.6,3670.0
601,14063,106050,92967.0,94275.3,95583.6,96891.9,98200.2,99508.5,100816.8,102125.1,103433.4,104741.7,107358.3,108666.6,109974.9,111283.2,112591.5
602,14064,33588,30097.0,30446.1,30795.2,31144.3,31493.4,31842.5,32191.6,32540.7,32889.8,33238.9,33937.1,34286.2,34635.3,34984.4,35333.5
603,14065,11386,12119.0,12045.7,11972.4,11899.1,11825.8,11752.5,11679.2,11605.9,11532.6,11459.3,11312.7,11239.4,11166.1,11092.8,11019.5
604,14066,53659,48408.0,48933.1,49458.2,49983.3,50508.4,51033.5,51558.6,52083.7,52608.8,53133.9,54184.1,54709.2,55234.3,55759.4,56284.5
605,14067,291839,255681.0,259296.8,262912.6,266528.4,270144.2,273760.0,277375.8,280991.6,284607.4,288223.2,295454.8,299070.6,302686.4,306302.2,309918.0
606,14068,11303,11623.0,11591.0,11559.0,11527.0,11495.0,11463.0,11431.0,11399.0,11367.0,11335.0,11271.0,11239.0,11207.0,11175.0,11143.0
607,14069,7734,8691.0,8595.3,8499.6,8403.9,8308.2,8212.5,8116.8,8021.1,7925.4,7829.7,7638.3,7542.6,7446.9,7351.2,7255.5
608,14070,232852,138226.0,147688.6,157151.2,166613.8,176076.4,185539.0,195001.6,204464.2,213926.8,223389.40000000002,242314.6,251777.2,261239.8,270702.4,280165.0
609,14071,2924,3176.0,3150.8,3125.6,3100.4,3075.2,3050.0,3024.8,2999.6,2974.4,2949.2,2898.8,2873.6,2848.4,2823.2,2798.0
610,14072,7609,6647.0,6743.2,6839.4,6935.6,7031.8,7128.0,7224.2,7320.4,7416.6,7512.8,7705.2,7801.4,7897.6,7993.8,8090.0
611,14073,72230,65219.0,65920.1,66621.2,67322.3,68023.4,68724.5,69425.6,70126.7,70827.8,71528.9,72931.1,73632.2,74333.3,75034.4,75735.5
612,14074,16792,15454.0,15587.8,15721.6,15855.4,15989.2,16123.0,16256.8,16390.6,16524.4,16658.2,16925.8,17059.6,17193.4,17327.2,17461.0
613,14075,3791,3762.0,3764.9,3767.8,3770.7,3773.6,3776.5,3779.4,3782.3,3785.2,3788.1,3793.9,3796.8,3799.7,3802.6,3805.5
614,14076,3095,3405.0,3374.0,3343.0,3312.0,3281.0,3250.0,3219.0,3188.0,3157.0,3126.0,3064.0,3033.0,3002.0,2971.0,2940.0
615,14077,28102,26306.0,26485.6,26665.2,26844.8,27024.4,27204.0,27383.6,27563.2,27742.8,27922.4,28281.6,28461.2,28640.8,28820.4,29000.0
616,14078,31965,31166.0,31245.9,31325.8,31405.7,31485.6,31565.5,31645.4,31725.3,31805.2,31885.1,32044.9,32124.8,32204.7,32284.6,32364.5
617,14079,16431,14011.0,14253.0,14495.0,14737.0,14979.0,15221.0,15463.0,15705.0,15947.0,16189.0,16673.0,16915.0,17157.0,17399.0,17641.0
618,14080,5086,5755.0,5688.1,5621.2,5554.3,5487.4,5420.5,5353.6,5286.7,5219.8,5152.9,5019.1,4952.2,4885.3,4818.4,4751.5
619,14081,3515,3726.0,3704.9,3683.8,3662.7,3641.6,3620.5,3599.4,3578.3,3557.2,3536.1,3493.9,3472.8,3451.7,3430.6,3409.5
620,14082,37186,34829.0,35064.7,35300.4,35536.1,35771.8,36007.5,36243.2,36478.9,36714.6,36950.3,37421.7,37657.4,37893.1,38128.8,38364.5
621,14083,87690,69031.0,70896.9,72762.8,74628.7,76494.6,78360.5,80226.4,82092.3,83958.2,85824.1,89555.9,91421.8,93287.7,95153.6,97019.5
622,14084,14997,14410.0,14468.7,14527.4,14586.1,14644.8,14703.5,14762.2,14820.9,14879.6,14938.3,15055.7,15114.4,15173.1,15231.8,15290.5
623,14085,38955,37986.0,38082.9,38179.8,38276.7,38373.6,38470.5,38567.4,38664.3,38761.2,38858.1,39051.9,39148.8,39245.7,39342.6,39439.5
624,14086,21245,18096.0,18410.9,18725.8,19040.7,19355.6,19670.5,19985.4,20300.3,20615.2,20930.1,21559.9,21874.8,22189.7,22504.6,22819.5
625,14087,16705,16847.0,16832.8,16818.6,16804.4,16790.2,16776.0,16761.8,16747.6,16733.4,16719.2,16690.8,16676.6,16662.4,16648.2,16634.0
626,14088,16603,16573.0,16576.0,16579.0,16582.0,16585.0,16588.0,16591.0,16594.0,16597.0,16600.0,16606.0,16609.0,16612.0,16615.0,16618.0
627,14089,4072,3511.0,3567.1,3623.2,3679.3,3735.4,3791.5,3847.6,3903.7,3959.8,4015.9,4128.1,4184.2,4240.3,4296.4,4352.5
628,14090,7302,7051.0,7076.1,7101.2,7126.3,7151.4,7176.5,7201.6,7226.7,7251.8,7276.9,7327.1,7352.2,7377.3,7402.4,7427.5
629,14091,39839,40105.0,40078.4,40051.8,40025.2,39998.6,39972.0,39945.4,39918.8,39892.2,39865.6,39812.4,39785.8,39759.2,39732.6,39706.0
630,14092,11039,10837.0,10857.2,10877.4,10897.6,10917.8,10938.0,10958.2,10978.4,10998.6,11018.8,11059.2,11079.4,11099.6,11119.8,11140.0
631,14093,150190,136123.0,137529.7,138936.4,140343.1,141749.8,143156.5,144563.2,145969.9,147376.6,148783.3,151596.7,153003.4,154410.1,155816.8,157223.5
632,14094,44353,40697.0,41062.6,41428.2,41793.8,42159.4,42525.0,42890.6,43256.2,43621.8,43987.4,44718.6,45084.2,45449.8,45815.4,46181.0
633,14095,9647,9088.0,9143.9,9199.8,9255.7,9311.6,9367.5,9423.4,9479.3,9535.2,9591.1,9702.9,9758.8,9814.7,9870.6,9926.5
634,14096,22758,20857.0,21047.1,21237.2,21427.3,21617.4,21807.5,21997.6,22187.7,22377.8,22567.9,22948.1,23138.2,23328.3,23518.4,23708.5
635,14097,727750,416626.0,447738.4,478850.8,509963.2,541075.6,572188.0,603300.4,634412.8,665525.2,696637.6000000001,758862.4,789974.8,821087.2,852199.6,883312.0
636,14098,687127,608114.0,616015.3,623916.6,631817.9,639719.2,647620.5,655521.8,663423.1,671324.4,679225.7,695028.3,702929.6,710830.9,718732.2,726633.5
637,14099,11219,9591.0,9753.8,9916.6,10079.4,10242.2,10405.0,10567.8,10730.6,10893.4,11056.2,11381.8,11544.6,11707.4,11870.2,12033.0
638,14100,36316,35050.0,35176.6,35303.2,35429.8,35556.4,35683.0,35809.6,35936.2,36062.8,36189.4,36442.6,36569.2,36695.8,36822.4,36949.0
639,14101,569913,478689.0,487811.4,496933.8,506056.2,515178.6,524301.0,533423.4,542545.8,551668.2,560790.6,579035.4,588157.8,597280.2,606402.6,615525.0
640,14102,5961,5930.0,5933.1,5936.2,5939.3,5942.4,5945.5,5948.6,5951.7,5954.8,5957.9,5964.1,5967.2,5970.3,5973.4,5976.5
641,14103,7565,7256.0,7286.9,7317.8,7348.7,7379.6,7410.5,7441.4,7472.3,7503.2,7534.1,7595.9,7626.8,7657.7,7688.6,7719.5
642,14104,4180,4435.0,4409.5,4384.0,4358.5,4333.0,4307.5,4282.0,4256.5,4231.0,4205.5,4154.5,4129.0,4103.5,4078.0,4052.5
643,14105,23573,21871.0,22041.2,22211.4,22381.6,22551.8,22722.0,22892.2,23062.4,23232.6,23402.8,23743.2,23913.4,24083.6,24253.8,24424.0
644,14106,5482,4234.0,4358.8,4483.6,4608.4,4733.2,4858.0,4982.8,5107.6,5232.4,5357.2,5606.8,5731.6,5856.4,5981.2,6106.0
645,14107,6702,6316.0,6354.6,6393.2,6431.8,6470.4,6509.0,6547.6,6586.2,6624.8,6663.4,6740.6,6779.2,6817.8,6856.4,6895.0
646,14108,37518,34182.0,34515.6,34849.2,35182.8,35516.4,35850.0,36183.6,36517.2,36850.8,37184.4,37851.6,38185.2,38518.8,38852.4,39186.0
647,14109,19069,17325.0,17499.4,17673.8,17848.2,18022.6,18197.0,18371.4,18545.8,18720.2,18894.6,19243.4,19417.8,19592.2,19766.6,19941.0
648,14110,13799,13737.0,13743.2,13749.4,13755.6,13761.8,13768.0,13774.2,13780.4,13786.6,13792.8,13805.2,13811.4,13817.6,13823.8,13830.0
649,14111,6627,6705.0,6697.2,6689.4,6681.6,6673.8,6666.0,6658.2,6650.4,6642.6,6634.8,6619.2,6611.4,6603.6,6595.8,6588.0
650,14112,6151,5798.0,5833.3,5868.6,5903.9,5939.2,5974.5,6009.8,6045.1,6080.4,6115.7,6186.3,6221.6,6256.9,6292.2,6327.5
651,14113,16548,15310.0,15433.8,15557.6,15681.4,15805.2,15929.0,16052.8,16176.6,16300.4,16424.2,16671.8,16795.6,16919.4,17043.2,17167.0
652,14114,19063,16969.0,17178.4,17387.8,17597.2,17806.6,18016.0,18225.4,18434.8,18644.2,18853.6,19272.4,19481.8,19691.2,19900.6,20110.0
653,14115,5525,5638.0,5626.7,5615.4,5604.1,5592.8,5581.5,5570.2,5558.9,5547.6,5536.3,5513.7,5502.4,5491.1,5479.8,5468.5
654,14116,20088,18711.0,18848.7,18986.4,19124.1,19261.8,19399.5,19537.2,19674.9,19812.6,19950.3,20225.7,20363.4,20501.1,20638.8,20776.5
655,14117,4388,4152.0,4175.6,4199.2,4222.8,4246.4,4270.0,4293.6,4317.2,4340.8,4364.4,4411.6,4435.2,4458.8,4482.4,4506.0
656,14118,22394,22284.0,22295.0,22306.0,22317.0,22328.0,22339.0,22350.0,22361.0,22372.0,22383.0,22405.0,22416.0,22427.0,22438.0,22449.0
657,14119,30472,27901.0,28158.1,28415.2,28672.3,28929.4,29186.5,29443.6,29700.7,29957.8,30214.9,30729.1,30986.2,31243.3,31500.4,31757.5
658,14120,1476491,1243756.0,1267029.5,1290303.0,1313576.5,1336850.0,1360123.5,1383397.0,1406670.5,1429944.0,1453217.5,1499764.5,1523038.0,1546311.5,1569585.0,1592858.5
659,14121,33713,29192.0,29644.1,30096.2,30548.3,31000.4,31452.5,31904.6,32356.7,32808.8,33260.9,34165.1,34617.2,35069.3,35521.4,35973.5
660,14122,7466,6685.0,6763.1,6841.2,6919.3,6997.4,7075.5,7153.6,7231.7,7309.8,7387.9,7544.1,7622.2,7700.3,7778.4,7856.5
661,14123,19279,17585.0,17754.4,17923.8,18093.2,18262.6,18432.0,18601.4,18770.8,18940.2,19109.6,19448.4,19617.8,19787.2,19956.6,20126.0
662,14124,64806,63636.0,63753.0,63870.0,63987.0,64104.0,64221.0,64338.0,64455.0,64572.0,64689.0,64923.0,65040.0,65157.0,65274.0,65391.0
663,14125,18341,17626.0,17697.5,17769.0,17840.5,17912.0,17983.5,18055.0,18126.5,18198.0,18269.5,18412.5,18484.0,18555.5,18627.0,18698.5
664,15001,67872,60918.0,61613.4,62308.8,63004.2,63699.6,64395.0,65090.4,65785.8,66481.2,67176.6,68567.4,69262.8,69958.2,70653.6,71349.0
665,15002,171507,136558.0,140052.9,143547.8,147042.7,150537.6,154032.5,157527.4,161022.3,164517.2,168012.1,175001.9,178496.8,181991.7,185486.6,188981.5
666,15003,49266,44823.0,45267.3,45711.6,46155.9,46600.2,47044.5,47488.8,47933.1,48377.4,48821.7,49710.3,50154.6,50598.9,51043.2,51487.5
667,15004,15333,14856.0,14903.7,14951.4,14999.1,15046.8,15094.5,15142.2,15189.9,15237.6,15285.3,15380.7,15428.4,15476.1,15523.8,15571.5
668,15005,174587,147653.0,150346.4,153039.8,155733.2,158426.6,161120.0,163813.4,166506.8,169200.2,171893.6,177280.4,179973.8,182667.2,185360.6,188054.0
669,15006,12694,10886.0,11066.8,11247.6,11428.4,11609.2,11790.0,11970.8,12151.6,12332.4,12513.2,12874.8,13055.6,13236.4,13417.2,13598.0
670,15007,23675,22868.0,22948.7,23029.4,23110.1,23190.8,23271.5,23352.2,23432.9,23513.6,23594.3,23755.7,23836.4,23917.1,23997.8,24078.5
671,15008,25244,26334.0,26225.0,26116.0,26007.0,25898.0,25789.0,25680.0,25571.0,25462.0,25353.0,25135.0,25026.0,24917.0,24808.0,24699.0
672,15009,53441,48421.0,48923.0,49425.0,49927.0,50429.0,50931.0,51433.0,51935.0,52437.0,52939.0,53943.0,54445.0,54947.0,55449.0,55951.0
673,15010,31898,27521.0,27958.7,28396.4,28834.1,29271.8,29709.5,30147.2,30584.9,31022.6,31460.3,32335.7,32773.4,33211.1,33648.8,34086.5
674,15011,75489,56243.0,58167.6,60092.2,62016.8,63941.4,65866.0,67790.6,69715.2,71639.8,73564.4,77413.6,79338.2,81262.8,83187.4,85112.0
675,15012,12984,10299.0,10567.5,10836.0,11104.5,11373.0,11641.5,11910.0,12178.5,12447.0,12715.5,13252.5,13521.0,13789.5,14058.0,14326.5
676,15013,523674,489937.0,493310.7,496684.4,500058.1,503431.8,506805.5,510179.2,513552.9,516926.6,520300.3,527047.7,530421.4,533795.1,537168.8,540542.5
677,15014,109384,93718.0,95284.6,96851.2,98417.8,99984.4,101551.0,103117.6,104684.2,106250.8,107817.4,110950.6,112517.2,114083.8,115650.4,117217.0
678,15015,31900,27663.0,28086.7,28510.4,28934.1,29357.8,29781.5,30205.2,30628.9,31052.6,31476.3,32323.7,32747.4,33171.1,33594.8,34018.5
679,15016,29128,25559.0,25915.9,26272.8,26629.7,26986.6,27343.5,27700.4,28057.3,28414.2,28771.1,29484.9,29841.8,30198.7,30555.6,30912.5
680,15017,10053,8864.0,8982.9,9101.8,9220.7,9339.6,9458.5,9577.4,9696.3,9815.2,9934.1,10171.9,10290.8,10409.7,10528.6,10647.5
681,15018,68489,47033.0,49178.6,51324.2,53469.8,55615.4,57761.0,59906.6,62052.2,64197.8,66343.4,70634.6,72780.2,74925.8,77071.4,79217.0
682,15019,36921,34101.0,34383.0,34665.0,34947.0,35229.0,35511.0,35793.0,36075.0,36357.0,36639.0,37203.0,37485.0,37767.0,38049.0,38331.0
683,15020,293444,278064.0,279602.0,281140.0,282678.0,284216.0,285754.0,287292.0,288830.0,290368.0,291906.0,294982.0,296520.0,298058.0,299596.0,301134.0
684,15021,38643,36174.0,36420.9,36667.8,36914.7,37161.6,37408.5,37655.4,37902.3,38149.2,38396.1,38889.9,39136.8,39383.7,39630.6,39877.5
685,15022,15107,12142.0,12438.5,12735.0,13031.5,13328.0,13624.5,13921.0,14217.5,14514.0,14810.5,15403.5,15700.0,15996.5,16293.0,16589.5
686,15023,40885,39030.0,39215.5,39401.0,39586.5,39772.0,39957.5,40143.0,40328.5,40514.0,40699.5,41070.5,41256.0,41441.5,41627.0,41812.5
687,15024,178847,140059.0,143937.8,147816.6,151695.4,155574.2,159453.0,163331.8,167210.6,171089.4,174968.2,182725.8,186604.6,190483.4,194362.2,198241.0
688,15025,400057,310130.0,319122.7,328115.4,337108.1,346100.8,355093.5,364086.2,373078.9,382071.6,391064.3,409049.7,418042.4,427035.1,436027.8,445020.5
689,15026,31737,27551.0,27969.6,28388.2,28806.8,29225.4,29644.0,30062.6,30481.2,30899.8,31318.4,32155.6,32574.2,32992.8,33411.4,33830.0
690,15027,12772,9676.0,9985.6,10295.2,10604.8,10914.4,11224.0,11533.6,11843.2,12152.8,12462.4,13081.6,13391.2,13700.8,14010.4,14320.0
691,15028,30045,26191.0,26576.4,26961.8,27347.2,27732.6,28118.0,28503.4,28888.8,29274.2,29659.6,30430.4,30815.8,31201.2,31586.6,31972.0
692,15029,200750,175053.0,177622.7,180192.4,182762.1,185331.8,187901.5,190471.2,193040.9,195610.6,198180.3,203319.7,205889.4,208459.1,211028.8,213598.5
693,15030,27692,22819.0,23306.3,23793.6,24280.9,24768.2,25255.5,25742.8,26230.1,26717.4,27204.7,28179.3,28666.6,29153.9,29641.2,30128.5
694,15031,705193,614453.0,623527.0,632601.0,641675.0,650749.0,659823.0,668897.0,677971.0,687045.0,696119.0,714267.0,723341.0,732415.0,741489.0,750563.0
695,15032,37436,33455.0,33853.1,34251.2,34649.3,35047.4,35445.5,35843.6,36241.7,36639.8,37037.9,37834.1,38232.2,38630.3,39028.4,39426.5
696,15033,1645352,1656107.0,1655031.5,1653956.0,1652880.5,1651805.0,1650729.5,1649654.0,1648578.5,1647503.0,1646427.5,1644276.5,1643201.0,1642125.5,1641050.0,1639974.5
697,15034,10827,9369.0,9514.8,9660.6,9806.4,9952.2,10098.0,10243.8,10389.6,10535.4,10681.2,10972.8,11118.6,11264.4,11410.2,11556.0
698,15035,163244,100023.0,106345.1,112667.2,118989.3,125311.4,131633.5,137955.6,144277.7,150599.8,156921.9,169566.1,175888.2,182210.3,188532.4,194854.5
699,15036,46757,39864.0,40553.3,41242.6,41931.9,42621.2,43310.5,43999.8,44689.1,45378.4,46067.7,47446.3,48135.6,48824.9,49514.2,50203.5
700,15037,284965,242167.0,246446.8,250726.6,255006.4,259286.2,263566.0,267845.8,272125.6,276405.4,280685.2,289244.8,293524.6,297804.4,302084.2,306364.0
701,15038,11929,10302.0,10464.7,10627.4,10790.1,10952.8,11115.5,11278.2,11440.9,11603.6,11766.3,12091.7,12254.4,12417.1,12579.8,12742.5
702,15039,542211,467361.0,474846.0,482331.0,489816.0,497301.0,504786.0,512271.0,519756.0,527241.0,534726.0,549696.0,557181.0,564666.0,572151.0,579636.0
703,15040,36911,33541.0,33878.0,34215.0,34552.0,34889.0,35226.0,35563.0,35900.0,36237.0,36574.0,37248.0,37585.0,37922.0,38259.0,38596.0
704,15041,6475,6629.0,6613.6,6598.2,6582.8,6567.4,6552.0,6536.6,6521.2,6505.8,6490.4,6459.6,6444.2,6428.8,6413.4,6398.0
705,15042,160139,141482.0,143347.7,145213.4,147079.1,148944.8,150810.5,152676.2,154541.9,156407.6,158273.3,162004.7,163870.4,165736.1,167601.8,169467.5
706,15043,30687,26865.0,27247.2,27629.4,28011.6,28393.8,28776.0,29158.2,29540.4,29922.6,30304.8,31069.2,31451.4,31833.6,32215.8,32598.0
707,15044,28217,26328.0,26516.9,26705.8,26894.7,27083.6,27272.5,27461.4,27650.3,27839.2,28028.1,28405.9,28594.8,28783.7,28972.6,29161.5
708,15045,87671,83748.0,84140.3,84532.6,84924.9,85317.2,85709.5,86101.8,86494.1,86886.4,87278.7,88063.3,88455.6,88847.9,89240.2,89632.5
709,15046,19877,17970.0,18160.7,18351.4,18542.1,18732.8,18923.5,19114.2,19304.9,19495.6,19686.3,20067.7,20258.4,20449.1,20639.8,20830.5
710,15047,76826,69031.0,69810.5,70590.0,71369.5,72149.0,72928.5,73708.0,74487.5,75267.0,76046.5,77605.5,78385.0,79164.5,79944.0,80723.5
711,15048,69264,61204.0,62010.0,62816.0,63622.0,64428.0,65234.0,66040.0,66846.0,67652.0,68458.0,70070.0,70876.0,71682.0,72488.0,73294.0
712,15049,15428,12840.0,13098.8,13357.6,13616.4,13875.2,14134.0,14392.8,14651.6,14910.4,15169.2,15686.8,15945.6,16204.4,16463.2,16722.0
713,15050,27116,23497.0,23858.9,24220.8,24582.7,24944.6,25306.5,25668.4,26030.3,26392.2,26754.1,27477.9,27839.8,28201.7,28563.6,28925.5
714,15051,170327,134799.0,138351.8,141904.6,145457.4,149010.2,152563.0,156115.8,159668.6,163221.4,166774.2,173879.8,177432.6,180985.4,184538.2,188091.0
715,15052,28155,25624.0,25877.1,26130.2,26383.3,26636.4,26889.5,27142.6,27395.7,27648.8,27901.9,28408.1,28661.2,28914.3,29167.4,29420.5
716,15053,61220,50240.0,51338.0,52436.0,53534.0,54632.0,55730.0,56828.0,57926.0,59024.0,60122.0,62318.0,63416.0,64514.0,65612.0,66710.0
717,15054,242307,214162.0,216976.5,219791.0,222605.5,225420.0,228234.5,231049.0,233863.5,236678.0,239492.5,245121.5,247936.0,250750.5,253565.0,256379.5
718,15055,13807,11712.0,11921.5,12131.0,12340.5,12550.0,12759.5,12969.0,13178.5,13388.0,13597.5,14016.5,14226.0,14435.5,14645.0,14854.5
719,15056,33164,28426.0,28899.8,29373.6,29847.4,30321.2,30795.0,31268.8,31742.6,32216.4,32690.2,33637.8,34111.6,34585.4,35059.2,35533.0
720,15057,834434,833779.0,833844.5,833910.0,833975.5,834041.0,834106.5,834172.0,834237.5,834303.0,834368.5,834499.5,834565.0,834630.5,834696.0,834761.5
721,15058,1077208,1110565.0,1107229.3,1103893.6,1100557.9,1097222.2,1093886.5,1090550.8,1087215.1,1083879.4,1080543.7,1073872.3,1070536.6,1067200.9,1063865.2,1060529.5
722,15059,57082,31691.0,34230.1,36769.2,39308.3,41847.4,44386.5,46925.6,49464.7,52003.8,54542.899999999994,59621.1,62160.2,64699.3,67238.4,69777.5
723,15060,430601,366602.0,373001.9,379401.8,385801.7,392201.6,398601.5,405001.4,411401.3,417801.2,424201.1,437000.9,443400.8,449800.7,456200.6,462600.5
724,15061,10351,8895.0,9040.6,9186.2,9331.8,9477.4,9623.0,9768.6,9914.2,10059.8,10205.4,10496.6,10642.2,10787.8,10933.4,11079.0
725,15062,72103,61805.0,62834.8,63864.6,64894.4,65924.2,66954.0,67983.8,69013.6,70043.4,71073.2,73132.8,74162.6,75192.4,76222.2,77252.0
726,15063,36223,31803.0,32245.0,32687.0,33129.0,33571.0,34013.0,34455.0,34897.0,35339.0,35781.0,36665.0,37107.0,37549.0,37991.0,38433.0
727,15064,36937,34446.0,34695.1,34944.2,35193.3,35442.4,35691.5,35940.6,36189.7,36438.8,36687.9,37186.1,37435.2,37684.3,37933.4,38182.5
728,15065,36331,34232.0,34441.9,34651.8,34861.7,35071.6,35281.5,35491.4,35701.3,35911.2,36121.1,36540.9,36750.8,36960.7,37170.6,37380.5
729,15066,4891,4864.0,4866.7,4869.4,4872.1,4874.8,4877.5,4880.2,4882.9,4885.6,4888.3,4893.7,4896.4,4899.1,4901.8,4904.5
730,15067,88783,78146.0,79209.7,80273.4,81337.1,82400.8,83464.5,84528.2,85591.9,86655.6,87719.3,89846.7,90910.4,91974.1,93037.8,94101.5
731,15068,30785,27207.0,27564.8,27922.6,28280.4,28638.2,28996.0,29353.8,29711.6,30069.4,30427.2,31142.8,31500.6,31858.4,32216.2,32574.0
732,15069,4862,4147.0,4218.5,4290.0,4361.5,4433.0,4504.5,4576.0,4647.5,4719.0,4790.5,4933.5,5005.0,5076.5,5148.0,5219.5
733,15070,304088,253845.0,258869.3,263893.6,268917.9,273942.2,278966.5,283990.8,289015.1,294039.4,299063.7,309112.3,314136.6,319160.9,324185.2,329209.5
734,15071,14985,13002.0,13200.3,13398.6,13596.9,13795.2,13993.5,14191.8,14390.1,14588.4,14786.7,15183.3,15381.6,15579.9,15778.2,15976.5
735,15072,15972,12748.0,13070.4,13392.8,13715.2,14037.6,14360.0,14682.4,15004.8,15327.2,15649.6,16294.4,16616.8,16939.2,17261.6,17584.0
736,15073,31962,22152.0,23133.0,24114.0,25095.0,26076.0,27057.0,28038.0,29019.0,30000.0,30981.0,32943.0,33924.0,34905.0,35886.0,36867.0
737,15074,144924,121396.0,123748.8,126101.6,128454.4,130807.2,133160.0,135512.8,137865.6,140218.4,142571.2,147276.8,149629.6,151982.4,154335.2,156688.0
738,15075,29182,24851.0,25284.1,25717.2,26150.3,26583.4,27016.5,27449.6,27882.7,28315.8,28748.9,29615.1,30048.2,30481.3,30914.4,31347.5
739,15076,97418,72579.0,75062.9,77546.8,80030.7,82514.6,84998.5,87482.4,89966.3,92450.2,94934.1,99901.9,102385.8,104869.7,107353.6,109837.5
740,15077,6692,6272.0,6314.0,6356.0,6398.0,6440.0,6482.0,6524.0,6566.0,6608.0,6650.0,6734.0,6776.0,6818.0,6860.0,6902.0
741,15078,9729,9111.0,9172.8,9234.6,9296.4,9358.2,9420.0,9481.8,9543.6,9605.4,9667.2,9790.8,9852.6,9914.4,9976.2,10038.0
742,15079,14323,11798.0,12050.5,12303.0,12555.5,12808.0,13060.5,13313.0,13565.5,13818.0,14070.5,14575.5,14828.0,15080.5,15333.0,15585.5
743,15080,24145,25809.0,25642.6,25476.2,25309.8,25143.4,24977.0,24810.6,24644.2,24477.8,24311.4,23978.6,23812.2,23645.8,23479.4,23313.0
744,15081,547503,364579.0,382871.4,401163.8,419456.2,437748.6,456041.0,474333.4,492625.80000000005,510918.2,529210.6,565795.4,584087.8,602380.2,620672.6,638965.0
745,15082,79282,71077.0,71897.5,72718.0,73538.5,74359.0,75179.5,76000.0,76820.5,77641.0,78461.5,80102.5,80923.0,81743.5,82564.0,83384.5
746,15083,14130,11206.0,11498.4,11790.8,12083.2,12375.6,12668.0,12960.4,13252.8,13545.2,13837.6,14422.4,14714.8,15007.2,15299.6,15592.0
747,15084,43593,35987.0,36747.6,37508.2,38268.8,39029.4,39790.0,40550.6,41311.2,42071.8,42832.4,44353.6,45114.2,45874.8,46635.4,47396.0
748,15085,66414,62695.0,63066.9,63438.8,63810.7,64182.6,64554.5,64926.4,65298.3,65670.2,66042.1,66785.9,67157.8,67529.7,67901.6,68273.5
749,15086,35014,32870.0,33084.4,33298.8,33513.2,33727.6,33942.0,34156.4,34370.8,34585.2,34799.6,35228.4,35442.8,35657.2,35871.6,36086.0
750,15087,105766,90010.0,91585.6,93161.2,94736.8,96312.4,97888.0,99463.6,101039.2,102614.8,104190.4,107341.6,108917.2,110492.8,112068.4,113644.0
751,15088,104677,90945.0,92318.2,93691.4,95064.6,96437.8,97811.0,99184.2,100557.4,101930.6,103303.8,106050.2,107423.4,108796.6,110169.8,111543.0
752,15089,11359,10578.0,10656.1,10734.2,10812.3,10890.4,10968.5,11046.6,11124.7,11202.8,11280.9,11437.1,11515.2,11593.3,11671.4,11749.5
753,15090,90518,77965.0,79220.3,80475.6,81730.9,82986.2,84241.5,85496.8,86752.1,88007.4,89262.7,91773.3,93028.6,94283.9,95539.2,96794.5
754,15091,65459,63115.0,63349.4,63583.8,63818.2,64052.6,64287.0,64521.4,64755.8,64990.2,65224.6,65693.4,65927.8,66162.2,66396.6,66631.0
755,15092,58507,53010.0,53559.7,54109.4,54659.1,55208.8,55758.5,56308.2,56857.9,57407.6,57957.3,59056.7,59606.4,60156.1,60705.8,61255.5
756,15093,32564,27944.0,28406.0,28868.0,29330.0,29792.0,30254.0,30716.0,31178.0,31640.0,32102.0,33026.0,33488.0,33950.0,34412.0,34874.0
757,15094,20500,18327.0,18544.3,18761.6,18978.9,19196.2,19413.5,19630.8,19848.1,20065.4,20282.7,20717.3,20934.6,21151.9,21369.2,21586.5
758,15095,103696,88559.0,90072.7,91586.4,93100.1,94613.8,96127.5,97641.2,99154.9,100668.6,102182.3,105209.7,106723.4,108237.1,109750.8,111264.5
759,15096,39489,33907.0,34465.2,35023.4,35581.6,36139.8,36698.0,37256.2,37814.4,38372.6,38930.8,40047.2,40605.4,41163.6,41721.8,42280.0
760,15097,18482,17390.0,17499.2,17608.4,17717.6,17826.8,17936.0,18045.2,18154.4,18263.6,18372.8,18591.2,18700.4,18809.6,18918.8,19028.0
761,15098,5736,5111.0,5173.5,5236.0,5298.5,5361.0,5423.5,5486.0,5548.5,5611.0,5673.5,5798.5,5861.0,5923.5,5986.0,6048.5
762,15099,277562,235151.0,239392.1,243633.2,247874.3,252115.4,256356.5,260597.6,264838.7,269079.8,273320.9,281803.1,286044.2,290285.3,294526.4,298767.5
763,15100,47044,35199.0,36383.5,37568.0,38752.5,39937.0,41121.5,42306.0,43490.5,44675.0,45859.5,48228.5,49413.0,50597.5,51782.0,52966.5
764,15101,84259,70682.0,72039.7,73397.4,74755.1,76112.8,77470.5,78828.2,80185.9,81543.6,82901.3,85616.7,86974.4,88332.1,89689.8,91047.5
765,15102,16414,15391.0,15493.3,15595.6,15697.9,15800.2,15902.5,16004.8,16107.1,16209.4,16311.7,16516.3,16618.6,16720.9,16823.2,16925.5
766,15103,49196,46130.0,46436.6,46743.2,47049.8,47356.4,47663.0,47969.6,48276.2,48582.8,48889.4,49502.6,49809.2,50115.8,50422.4,50729.0
767,15104,672202,664225.0,665022.7,665820.4,666618.1,667415.8,668213.5,669011.2,669808.9,670606.6,671404.3,672999.7,673797.4,674595.1,675392.8,676190.5
768,15105,31762,32997.0,32873.5,32750.0,32626.5,32503.0,32379.5,32256.0,32132.5,32009.0,31885.5,31638.5,31515.0,31391.5,31268.0,31144.5
769,15106,910608,819561.0,828665.7,837770.4,846875.1,855979.8,865084.5,874189.2,883293.9,892398.6,901503.3,919712.7,928817.4,937922.1,947026.8,956131.5
770,15107,12912,12099.0,12180.3,12261.6,12342.9,12424.2,12505.5,12586.8,12668.1,12749.4,12830.7,12993.3,13074.6,13155.9,13237.2,13318.5
771,15108,157645,131567.0,134174.8,136782.6,139390.4,141998.2,144606.0,147213.8,149821.6,152429.4,155037.2,160252.8,162860.6,165468.4,168076.2,170684.0
772,15109,516341,486998.0,489932.3,492866.6,495800.9,498735.2,501669.5,504603.8,507538.1,510472.4,513406.7,519275.3,522209.6,525143.9,528078.2,531012.5
773,15110,61590,61599.0,61598.1,61597.2,61596.3,61595.4,61594.5,61593.6,61592.7,61591.8,61590.9,61589.1,61588.2,61587.3,61586.4,61585.5
774,15111,53275,47709.0,48265.6,48822.2,49378.8,49935.4,50492.0,51048.6,51605.2,52161.8,52718.4,53831.6,54388.2,54944.8,55501.4,56058.0
775,15112,51498,44881.0,45542.7,46204.4,46866.1,47527.8,48189.5,48851.2,49512.9,50174.6,50836.3,52159.7,52821.4,53483.1,54144.8,54806.5
776,15113,69086,59991.0,60900.5,61810.0,62719.5,63629.0,64538.5,65448.0,66357.5,67267.0,68176.5,69995.5,70905.0,71814.5,72724.0,73633.5
777,15114,108196,94369.0,95751.7,97134.4,98517.1,99899.8,101282.5,102665.2,104047.9,105430.6,106813.3,109578.7,110961.4,112344.1,113726.8,115109.5
778,15115,54633,46331.0,47161.2,47991.4,48821.6,49651.8,50482.0,51312.2,52142.4,52972.6,53802.8,55463.2,56293.4,57123.6,57953.8,58784.0
779,15116,5109,4051.0,4156.8,4262.6,4368.4,4474.2,4580.0,4685.8,4791.6,4897.4,5003.2,5214.8,5320.6,5426.4,5532.2,5638.0
780,15117,13522,15121.0,14961.1,14801.2,14641.3,14481.4,14321.5,14161.6,14001.7,13841.8,13681.9,13362.1,13202.2,13042.3,12882.4,12722.5
781,15118,203872,167758.0,171369.4,174980.8,178592.2,182203.6,185815.0,189426.4,193037.8,196649.2,200260.6,207483.4,211094.8,214706.2,218317.6,221929.0
782,15119,18833,16365.0,16611.8,16858.6,17105.4,17352.2,17599.0,17845.8,18092.6,18339.4,18586.2,19079.8,19326.6,19573.4,19820.2,20067.0
783,15120,280455,159647.0,171727.8,183808.6,195889.4,207970.2,220051.0,232131.8,244212.59999999998,256293.4,268374.2,292535.8,304616.6,316697.4,328778.2,340859.0
784,15121,555163,511675.0,516023.8,520372.6,524721.4,529070.2,533419.0,537767.8,542116.6,546465.4,550814.2,559511.8,563860.6,568209.4,572558.2,576907.0
785,15122,391731,357645.0,361053.6,364462.2,367870.8,371279.4,374688.0,378096.6,381505.2,384913.8,388322.4,395139.6,398548.2,401956.8,405365.4,408774.0
786,15123,28822,27781.0,27885.1,27989.2,28093.3,28197.4,28301.5,28405.6,28509.7,28613.8,28717.9,28926.1,29030.2,29134.3,29238.4,29342.5
787,15124,100082,91345.0,92218.7,93092.4,93966.1,94839.8,95713.5,96587.2,97460.9,98334.6,99208.3,100955.7,101829.4,102703.1,103576.8,104450.5
788,15125,14883,10216.0,10682.7,11149.4,11616.1,12082.8,12549.5,13016.2,13482.9,13949.6,14416.3,15349.7,15816.4,16283.1,16749.8,17216.5
789,16001,11301,10987.0,11018.4,11049.8,11081.2,11112.6,11144.0,11175.4,11206.8,11238.2,11269.6,11332.4,11363.8,11395.2,11426.6,11458.0
790,16002,14754,16214.0,16068.0,15922.0,15776.0,15630.0,15484.0,15338.0,15192.0,15046.0,14900.0,14608.0,14462.0,14316.0,14170.0,14024.0
791,16003,23000,20913.0,21121.7,21330.4,21539.1,21747.8,21956.5,22165.2,22373.9,22582.6,22791.3,23208.7,23417.4,23626.1,23834.8,24043.5
792,16004,14943,14684.0,14709.9,14735.8,14761.7,14787.6,14813.5,14839.4,14865.3,14891.2,14917.1,14968.9,14994.8,15020.7,15046.6,15072.5
793,16005,10892,10768.0,10780.4,10792.8,10805.2,10817.6,10830.0,10842.4,10854.8,10867.2,10879.6,10904.4,10916.8,10929.2,10941.6,10954.0
794,16006,126191,123649.0,123903.2,124157.4,124411.6,124665.8,124920.0,125174.2,125428.4,125682.6,125936.8,126445.2,126699.4,126953.6,127207.8,127462.0
795,16007,3529,3218.0,3249.1,3280.2,3311.3,3342.4,3373.5,3404.6,3435.7,3466.8,3497.9,3560.1,3591.2,3622.3,3653.4,3684.5
796,16008,24676,23536.0,23650.0,23764.0,23878.0,23992.0,24106.0,24220.0,24334.0,24448.0,24562.0,24790.0,24904.0,25018.0,25132.0,25246.0
797,16009,36268,34848.0,34990.0,35132.0,35274.0,35416.0,35558.0,35700.0,35842.0,35984.0,36126.0,36410.0,36552.0,36694.0,36836.0,36978.0
798,16010,20332,21790.0,21644.2,21498.4,21352.6,21206.8,21061.0,20915.2,20769.4,20623.6,20477.8,20186.2,20040.4,19894.6,19748.8,19603.0
799,16011,11681,10653.0,10755.8,10858.6,10961.4,11064.2,11167.0,11269.8,11372.6,11475.4,11578.2,11783.8,11886.6,11989.4,12092.2,12195.0
800,16012,45538,42230.0,42560.8,42891.6,43222.4,43553.2,43884.0,44214.8,44545.6,44876.4,45207.2,45868.8,46199.6,46530.4,46861.2,47192.0
801,16013,9176,9212.0,9208.4,9204.8,9201.2,9197.6,9194.0,9190.4,9186.8,9183.2,9179.6,9172.4,9168.8,9165.2,9161.6,9158.0
802,16014,17022,14136.0,14424.6,14713.2,15001.8,15290.4,15579.0,15867.6,16156.2,16444.8,16733.4,17310.6,17599.2,17887.8,18176.4,18465.0
803,16015,19633,17615.0,17816.8,18018.6,18220.4,18422.2,18624.0,18825.8,19027.6,19229.4,19431.2,19834.8,20036.6,20238.4,20440.2,20642.0
804,16016,20965,20492.0,20539.3,20586.6,20633.9,20681.2,20728.5,20775.8,20823.1,20870.4,20917.7,21012.3,21059.6,21106.9,21154.2,21201.5
805,16017,35070,32954.0,33165.6,33377.2,33588.8,33800.4,34012.0,34223.6,34435.2,34646.8,34858.4,35281.6,35493.2,35704.8,35916.4,36128.0
806,16018,9484,8952.0,9005.2,9058.4,9111.6,9164.8,9218.0,9271.2,9324.4,9377.6,9430.8,9537.2,9590.4,9643.6,9696.8,9750.0
807,16019,20198,19644.0,19699.4,19754.8,19810.2,19865.6,19921.0,19976.4,20031.8,20087.2,20142.6,20253.4,20308.8,20364.2,20419.6,20475.0
808,16020,29910,28227.0,28395.3,28563.6,28731.9,28900.2,29068.5,29236.8,29405.1,29573.4,29741.7,30078.3,30246.6,30414.9,30583.2,30751.5
809,16021,13539,12163.0,12300.6,12438.2,12575.8,12713.4,12851.0,12988.6,13126.2,13263.8,13401.4,13676.6,13814.2,13951.8,14089.4,14227.0
810,16022,25138,21723.0,22064.5,22406.0,22747.5,23089.0,23430.5,23772.0,24113.5,24455.0,24796.5,25479.5,25821.0,26162.5,26504.0,26845.5
811,16023,10417,9975.0,10019.2,10063.4,10107.6,10151.8,10196.0,10240.2,10284.4,10328.6,10372.8,10461.2,10505.4,10549.6,10593.8,10638.0
812,16024,20586,18141.0,18385.5,18630.0,18874.5,19119.0,19363.5,19608.0,19852.5,20097.0,20341.5,20830.5,21075.0,21319.5,21564.0,21808.5
813,16025,40560,36293.0,36719.7,37146.4,37573.1,37999.8,38426.5,38853.2,39279.9,39706.6,40133.3,40986.7,41413.4,41840.1,42266.8,42693.5
814,16026,4773,5271.0,5221.2,5171.4,5121.6,5071.8,5022.0,4972.2,4922.4,4872.6,4822.8,4723.2,4673.4,4623.6,4573.8,4524.0
815,16027,4944,5166.0,5143.8,5121.6,5099.4,5077.2,5055.0,5032.8,5010.6,4988.4,4966.2,4921.8,4899.6,4877.4,4855.2,4833.0
816,16028,5233,5564.0,5530.9,5497.8,5464.7,5431.6,5398.5,5365.4,5332.3,5299.2,5266.1,5199.9,5166.8,5133.7,5100.6,5067.5
817,16029,12342,14366.0,14163.6,13961.2,13758.8,13556.4,13354.0,13151.6,12949.2,12746.8,12544.4,12139.6,11937.2,11734.8,11532.4,11330.0
818,16030,11850,12855.0,12754.5,12654.0,12553.5,12453.0,12352.5,12252.0,12151.5,12051.0,11950.5,11749.5,11649.0,11548.5,11448.0,11347.5
819,16031,16112,16218.0,16207.4,16196.8,16186.2,16175.6,16165.0,16154.4,16143.8,16133.2,16122.6,16101.4,16090.8,16080.2,16069.6,16059.0
820,16032,15715,14555.0,14671.0,14787.0,14903.0,15019.0,15135.0,15251.0,15367.0,15483.0,15599.0,15831.0,15947.0,16063.0,16179.0,16295.0
821,16033,21466,21294.0,21311.2,21328.4,21345.6,21362.8,21380.0,21397.2,21414.4,21431.6,21448.8,21483.2,21500.4,21517.6,21534.8,21552.0
822,16034,125712,117620.0,118429.2,119238.4,120047.6,120856.8,121666.0,122475.2,123284.4,124093.6,124902.8,126521.2,127330.4,128139.6,128948.8,129758.0
823,16035,30627,32757.0,32544.0,32331.0,32118.0,31905.0,31692.0,31479.0,31266.0,31053.0,30840.0,30414.0,30201.0,29988.0,29775.0,29562.0
824,16036,11644,11592.0,11597.2,11602.4,11607.6,11612.8,11618.0,11623.2,11628.4,11633.6,11638.8,11649.2,11654.4,11659.6,11664.8,11670.0
825,16037,7945,7983.0,7979.2,7975.4,7971.6,7967.8,7964.0,7960.2,7956.4,7952.6,7948.8,7941.2,7937.4,7933.6,7929.8,7926.0
826,16038,41973,41937.0,41940.6,41944.2,41947.8,41951.4,41955.0,41958.6,41962.2,41965.8,41969.4,41976.6,41980.2,41983.8,41987.4,41991.0
827,16039,9015,7925.0,8034.0,8143.0,8252.0,8361.0,8470.0,8579.0,8688.0,8797.0,8906.0,9124.0,9233.0,9342.0,9451.0,9560.0
828,16040,18385,16427.0,16622.8,16818.6,17014.4,17210.2,17406.0,17601.8,17797.6,17993.4,18189.2,18580.8,18776.6,18972.4,19168.2,19364.0
829,16041,16043,14766.0,14893.7,15021.4,15149.1,15276.8,15404.5,15532.2,15659.9,15787.6,15915.3,16170.7,16298.4,16426.1,16553.8,16681.5
830,16042,14302,13584.0,13655.8,13727.6,13799.4,13871.2,13943.0,14014.8,14086.6,14158.4,14230.2,14373.8,14445.6,14517.4,14589.2,14661.0
831,16043,68781,64011.0,64488.0,64965.0,65442.0,65919.0,66396.0,66873.0,67350.0,67827.0,68304.0,69258.0,69735.0,70212.0,70689.0,71166.0
832,16044,12946,13275.0,13242.1,13209.2,13176.3,13143.4,13110.5,13077.6,13044.7,13011.8,12978.9,12913.1,12880.2,12847.3,12814.4,12781.5
833,16045,36158,34199.0,34394.9,34590.8,34786.7,34982.6,35178.5,35374.4,35570.3,35766.2,35962.1,36353.9,36549.8,36745.7,36941.6,37137.5
834,16046,14936,13604.0,13737.2,13870.4,14003.6,14136.8,14270.0,14403.2,14536.4,14669.6,14802.8,15069.2,15202.4,15335.6,15468.8,15602.0
835,16047,19834,19986.0,19970.8,19955.6,19940.4,19925.2,19910.0,19894.8,19879.6,19864.4,19849.2,19818.8,19803.6,19788.4,19773.2,19758.0
836,16048,5745,5506.0,5529.9,5553.8,5577.7,5601.6,5625.5,5649.4,5673.3,5697.2,5721.1,5768.9,5792.8,5816.7,5840.6,5864.5
837,16049,19086,17427.0,17592.9,17758.8,17924.7,18090.6,18256.5,18422.4,18588.3,18754.2,18920.1,19251.9,19417.8,19583.7,19749.6,19915.5
838,16050,89311,80258.0,81163.3,82068.6,82973.9,83879.2,84784.5,85689.8,86595.1,87500.4,88405.7,90216.3,91121.6,92026.9,92932.2,93837.5
839,16051,13983,13031.0,13126.2,13221.4,13316.6,13411.8,13507.0,13602.2,13697.4,13792.6,13887.8,14078.2,14173.4,14268.6,14363.8,14459.0
840,16052,196003,178771.0,180494.2,182217.4,183940.6,185663.8,187387.0,189110.2,190833.4,192556.6,194279.8,197726.2,199449.4,201172.6,202895.8,204619.0
841,16053,849053,729279.0,741256.4,753233.8,765211.2,777188.6,789166.0,801143.4,813120.8,825098.2,837075.6,861030.4,873007.8,884985.2,896962.6,908940.0
842,16054,7983,8091.0,8080.2,8069.4,8058.6,8047.8,8037.0,8026.2,8015.4,8004.6,7993.8,7972.2,7961.4,7950.6,7939.8,7929.0
843,16055,45732,44961.0,45038.1,45115.2,45192.3,45269.4,45346.5,45423.6,45500.7,45577.8,45654.9,45809.1,45886.2,45963.3,46040.4,46117.5
844,16056,32598,27174.0,27716.4,28258.8,28801.2,29343.6,29886.0,30428.4,30970.8,31513.2,32055.6,33140.4,33682.8,34225.2,34767.6,35310.0
845,16057,8196,7799.0,7838.7,7878.4,7918.1,7957.8,7997.5,8037.2,8076.9,8116.6,8156.3,8235.7,8275.4,8315.1,8354.8,8394.5
846,16058,20981,18834.0,19048.7,19263.4,19478.1,19692.8,19907.5,20122.2,20336.9,20551.6,20766.3,21195.7,21410.4,21625.1,21839.8,22054.5
847,16059,9027,8239.0,8317.8,8396.6,8475.4,8554.2,8633.0,8711.8,8790.6,8869.4,8948.2,9105.8,9184.6,9263.4,9342.2,9421.0
848,16060,9437,9599.0,9582.8,9566.6,9550.4,9534.2,9518.0,9501.8,9485.6,9469.4,9453.2,9420.8,9404.6,9388.4,9372.2,9356.0
849,16061,24774,22628.0,22842.6,23057.2,23271.8,23486.4,23701.0,23915.6,24130.2,24344.8,24559.4,24988.6,25203.2,25417.8,25632.4,25847.0
850,16062,21028,19450.0,19607.8,19765.6,19923.4,20081.2,20239.0,20396.8,20554.6,20712.4,20870.2,21185.8,21343.6,21501.4,21659.2,21817.0
851,16063,14889,16064.0,15946.5,15829.0,15711.5,15594.0,15476.5,15359.0,15241.5,15124.0,15006.5,14771.5,14654.0,14536.5,14419.0,14301.5
852,16064,26832,25343.0,25491.9,25640.8,25789.7,25938.6,26087.5,26236.4,26385.3,26534.2,26683.1,26980.9,27129.8,27278.7,27427.6,27576.5
853,16065,39657,34721.0,35214.6,35708.2,36201.8,36695.4,37189.0,37682.6,38176.2,38669.8,39163.4,40150.6,40644.2,41137.8,41631.4,42125.0
854,16066,98382,87794.0,88852.8,89911.6,90970.4,92029.2,93088.0,94146.8,95205.6,96264.4,97323.2,99440.8,100499.6,101558.4,102617.2,103676.0
855,16067,16621,17159.0,17105.2,17051.4,16997.6,16943.8,16890.0,16836.2,16782.4,16728.6,16674.8,16567.2,16513.4,16459.6,16405.8,16352.0
856,16068,29389,25296.0,25705.3,26114.6,26523.9,26933.2,27342.5,27751.8,28161.1,28570.4,28979.7,29798.3,30207.6,30616.9,31026.2,31435.5
857,16069,106490,99576.0,100267.4,100958.8,101650.2,102341.6,103033.0,103724.4,104415.8,105107.2,105798.6,107181.4,107872.8,108564.2,109255.6,109947.0
858,16070,15503,15306.0,15325.7,15345.4,15365.1,15384.8,15404.5,15424.2,15443.9,15463.6,15483.3,15522.7,15542.4,15562.1,15581.8,15601.5
859,16071,69260,67837.0,67979.3,68121.6,68263.9,68406.2,68548.5,68690.8,68833.1,68975.4,69117.7,69402.3,69544.6,69686.9,69829.2,69971.5
860,16072,13961,13550.0,13591.1,13632.2,13673.3,13714.4,13755.5,13796.6,13837.7,13878.8,13919.9,14002.1,14043.2,14084.3,14125.4,14166.5
861,16073,27176,25592.0,25750.4,25908.8,26067.2,26225.6,26384.0,26542.4,26700.8,26859.2,27017.6,27334.4,27492.8,27651.2,27809.6,27968.0
862,16074,10553,9980.0,10037.3,10094.6,10151.9,10209.2,10266.5,10323.8,10381.1,10438.4,10495.7,10610.3,10667.6,10724.9,10782.2,10839.5
863,16075,78935,64141.0,65620.4,67099.8,68579.2,70058.6,71538.0,73017.4,74496.8,75976.2,77455.6,80414.4,81893.8,83373.2,84852.6,86332.0
864,16076,78477,72841.0,73404.6,73968.2,74531.8,75095.4,75659.0,76222.6,76786.2,77349.8,77913.4,79040.6,79604.2,80167.8,80731.4,81295.0
865,16077,17677,18461.0,18382.6,18304.2,18225.8,18147.4,18069.0,17990.6,17912.2,17833.8,17755.4,17598.6,17520.2,17441.8,17363.4,17285.0
866,16078,12812,12618.0,12637.4,12656.8,12676.2,12695.6,12715.0,12734.4,12753.8,12773.2,12792.6,12831.4,12850.8,12870.2,12889.6,12909.0
867,16079,49896,45217.0,45684.9,46152.8,46620.7,47088.6,47556.5,48024.4,48492.3,48960.2,49428.1,50363.9,50831.8,51299.7,51767.6,52235.5
868,16080,19833,18427.0,18567.6,18708.2,18848.8,18989.4,19130.0,19270.6,19411.2,19551.8,19692.4,19973.6,20114.2,20254.8,20395.4,20536.0
869,16081,9076,8704.0,8741.2,8778.4,8815.6,8852.8,8890.0,8927.2,8964.4,9001.6,9038.8,9113.2,9150.4,9187.6,9224.8,9262.0
870,16082,79540,69955.0,70913.5,71872.0,72830.5,73789.0,74747.5,75706.0,76664.5,77623.0,78581.5,80498.5,81457.0,82415.5,83374.0,84332.5
871,16083,33453,29414.0,29817.9,30221.8,30625.7,31029.6,31433.5,31837.4,32241.3,32645.2,33049.1,33856.9,34260.8,34664.7,35068.6,35472.5
872,16084,31716,27822.0,28211.4,28600.8,28990.2,29379.6,29769.0,30158.4,30547.8,30937.2,31326.6,32105.4,32494.8,32884.2,33273.6,33663.0
873,16085,35256,32677.0,32934.9,33192.8,33450.7,33708.6,33966.5,34224.4,34482.3,34740.2,34998.1,35513.9,35771.8,36029.7,36287.6,36545.5
874,16086,15534,15176.0,15211.8,15247.6,15283.4,15319.2,15355.0,15390.8,15426.6,15462.4,15498.2,15569.8,15605.6,15641.4,15677.2,15713.0
875,16087,15589,13558.0,13761.1,13964.2,14167.3,14370.4,14573.5,14776.6,14979.7,15182.8,15385.9,15792.1,15995.2,16198.3,16401.4,16604.5
876,16088,114513,78623.0,82212.0,85801.0,89390.0,92979.0,96568.0,100157.0,103746.0,107335.0,110924.0,118102.0,121691.0,125280.0,128869.0,132458.0
877,16089,24074,22986.0,23094.8,23203.6,23312.4,23421.2,23530.0,23638.8,23747.6,23856.4,23965.2,24182.8,24291.6,24400.4,24509.2,24618.0
878,16090,16325,13950.0,14187.5,14425.0,14662.5,14900.0,15137.5,15375.0,15612.5,15850.0,16087.5,16562.5,16800.0,17037.5,17275.0,17512.5
879,16091,14934,13511.0,13653.3,13795.6,13937.9,14080.2,14222.5,14364.8,14507.1,14649.4,14791.7,15076.3,15218.6,15360.9,15503.2,15645.5
880,16092,12836,14274.0,14130.2,13986.4,13842.6,13698.8,13555.0,13411.2,13267.4,13123.6,12979.8,12692.2,12548.4,12404.6,12260.8,12117.0
881,16093,28556,27587.0,27683.9,27780.8,27877.7,27974.6,28071.5,28168.4,28265.3,28362.2,28459.1,28652.9,28749.8,28846.7,28943.6,29040.5
882,16094,6420,6890.0,6843.0,6796.0,6749.0,6702.0,6655.0,6608.0,6561.0,6514.0,6467.0,6373.0,6326.0,6279.0,6232.0,6185.0
883,16095,12325,11504.0,11586.1,11668.2,11750.3,11832.4,11914.5,11996.6,12078.7,12160.8,12242.9,12407.1,12489.2,12571.3,12653.4,12735.5
884,16096,5971,7890.0,7698.1,7506.2,7314.3,7122.4,6930.5,6738.6,6546.7,6354.8,6162.9,5779.1,5587.2,5395.3,5203.4,5011.5
885,16097,29056,31877.0,31594.9,31312.8,31030.7,30748.6,30466.5,30184.4,29902.3,29620.2,29338.1,28773.9,28491.8,28209.7,27927.6,27645.5
886,16098,25757,26026.0,25999.1,25972.2,25945.3,25918.4,25891.5,25864.6,25837.7,25810.8,25783.9,25730.1,25703.2,25676.3,25649.4,25622.5
887,16099,14329,16305.0,16107.4,15909.8,15712.2,15514.6,15317.0,15119.4,14921.8,14724.2,14526.6,14131.4,13933.8,13736.2,13538.6,13341.0
888,16100,14911,13556.0,13691.5,13827.0,13962.5,14098.0,14233.5,14369.0,14504.5,14640.0,14775.5,15046.5,15182.0,15317.5,15453.0,15588.5
889,16101,8855,9166.0,9134.9,9103.8,9072.7,9041.6,9010.5,8979.4,8948.3,8917.2,8886.1,8823.9,8792.8,8761.7,8730.6,8699.5
890,16102,356786,315350.0,319493.6,323637.2,327780.8,331924.4,336068.0,340211.6,344355.2,348498.8,352642.4,360929.6,365073.2,369216.8,373360.4,377504.0
891,16103,23469,23457.0,23458.2,23459.4,23460.6,23461.8,23463.0,23464.2,23465.4,23466.6,23467.8,23470.2,23471.4,23472.6,23473.8,23475.0
892,16104,15864,16991.0,16878.3,16765.6,16652.9,16540.2,16427.5,16314.8,16202.1,16089.4,15976.7,15751.3,15638.6,15525.9,15413.2,15300.5
893,16105,20982,18995.0,19193.7,19392.4,19591.1,19789.8,19988.5,20187.2,20385.9,20584.6,20783.3,21180.7,21379.4,21578.1,21776.8,21975.5
894,16106,32303,29995.0,30225.8,30456.6,30687.4,30918.2,31149.0,31379.8,31610.6,31841.4,32072.2,32533.8,32764.6,32995.4,33226.2,33457.0
895,16107,76829,73455.0,73792.4,74129.8,74467.2,74804.6,75142.0,75479.4,75816.8,76154.2,76491.6,77166.4,77503.8,77841.2,78178.6,78516.0
896,16108,204860,186102.0,187977.8,189853.6,191729.4,193605.2,195481.0,197356.8,199232.6,201108.4,202984.2,206735.8,208611.6,210487.4,212363.2,214239.0
897,16109,3232,3247.0,3245.5,3244.0,3242.5,3241.0,3239.5,3238.0,3236.5,3235.0,3233.5,3230.5,3229.0,3227.5,3226.0,3224.5
898,16110,49005,46666.0,46899.9,47133.8,47367.7,47601.6,47835.5,48069.4,48303.3,48537.2,48771.1,49238.9,49472.8,49706.7,49940.6,50174.5
899,16111,18402,15222.0,15540.0,15858.0,16176.0,16494.0,16812.0,17130.0,17448.0,17766.0,18084.0,18720.0,19038.0,19356.0,19674.0,19992.0
900,16112,157056,155534.0,155686.2,155838.4,155990.6,156142.8,156295.0,156447.2,156599.4,156751.6,156903.8,157208.2,157360.4,157512.6,157664.8,157817.0
901,16113,26213,25576.0,25639.7,25703.4,25767.1,25830.8,25894.5,25958.2,26021.9,26085.6,26149.3,26276.7,26340.4,26404.1,26467.8,26531.5
902,17001,17598,17021.0,17078.7,17136.4,17194.1,17251.8,17309.5,17367.2,17424.9,17482.6,17540.3,17655.7,17713.4,17771.1,17828.8,17886.5
903,17002,25232,18895.0,19528.7,20162.4,20796.1,21429.8,22063.5,22697.2,23330.9,23964.6,24598.3,25865.7,26499.4,27133.1,27766.8,28400.5
904,17003,39174,33695.0,34242.9,34790.8,35338.7,35886.6,36434.5,36982.4,37530.3,38078.2,38626.1,39721.9,40269.8,40817.7,41365.6,41913.5
905,17004,89834,78866.0,79962.8,81059.6,82156.4,83253.2,84350.0,85446.8,86543.6,87640.4,88737.2,90930.8,92027.6,93124.4,94221.2,95318.0
906,17005,10520,9471.0,9575.9,9680.8,9785.7,9890.6,9995.5,10100.4,10205.3,10310.2,10415.1,10624.9,10729.8,10834.7,10939.6,11044.5
907,17006,187118,175207.0,176398.1,177589.2,178780.3,179971.4,181162.5,182353.6,183544.7,184735.8,185926.9,188309.1,189500.2,190691.3,191882.4,193073.5
908,17007,378476,365168.0,366498.8,367829.6,369160.4,370491.2,371822.0,373152.8,374483.6,375814.4,377145.2,379806.8,381137.6,382468.4,383799.2,385130.0
909,17008,107053,83485.0,85841.8,88198.6,90555.4,92912.2,95269.0,97625.8,99982.6,102339.4,104696.2,109409.8,111766.6,114123.4,116480.2,118837.0
910,17009,24515,17340.0,18057.5,18775.0,19492.5,20210.0,20927.5,21645.0,22362.5,23080.0,23797.5,25232.5,25950.0,26667.5,27385.0,28102.5
911,17010,18402,15646.0,15921.6,16197.2,16472.8,16748.4,17024.0,17299.6,17575.2,17850.8,18126.4,18677.6,18953.2,19228.8,19504.4,19780.0
912,17011,215357,196953.0,198793.4,200633.8,202474.2,204314.6,206155.0,207995.4,209835.8,211676.2,213516.6,217197.4,219037.8,220878.2,222718.6,224559.0
913,17012,57682,55115.0,55371.7,55628.4,55885.1,56141.8,56398.5,56655.2,56911.9,57168.6,57425.3,57938.7,58195.4,58452.1,58708.8,58965.5
914,17013,16694,14604.0,14813.0,15022.0,15231.0,15440.0,15649.0,15858.0,16067.0,16276.0,16485.0,16903.0,17112.0,17321.0,17530.0,17739.0
915,17014,9653,9456.0,9475.7,9495.4,9515.1,9534.8,9554.5,9574.2,9593.9,9613.6,9633.3,9672.7,9692.4,9712.1,9731.8,9751.5
916,17015,15802,24990.0,24071.2,23152.4,22233.6,21314.8,20396.0,19477.2,18558.4,17639.6,16720.800000000003,14883.2,13964.4,13045.6,12126.8,11208.0
917,17016,19219,16858.0,17094.1,17330.2,17566.3,17802.4,18038.5,18274.6,18510.7,18746.8,18982.9,19455.1,19691.2,19927.3,20163.4,20399.5
918,17017,40018,61585.0,59428.3,57271.6,55114.9,52958.2,50801.5,48644.8,46488.100000000006,44331.4,42174.7,37861.3,35704.6,33547.9,31391.2,29234.5
919,17018,122263,108126.0,109539.7,110953.4,112367.1,113780.8,115194.5,116608.2,118021.9,119435.6,120849.3,123676.7,125090.4,126504.1,127917.8,129331.5
920,17019,28122,25346.0,25623.6,25901.2,26178.8,26456.4,26734.0,27011.6,27289.2,27566.8,27844.4,28399.6,28677.2,28954.8,29232.4,29510.0
921,17020,54987,41629.0,42964.8,44300.6,45636.4,46972.2,48308.0,49643.8,50979.6,52315.4,53651.2,56322.8,57658.6,58994.4,60330.2,61666.0
922,17021,7617,7441.0,7458.6,7476.2,7493.8,7511.4,7529.0,7546.6,7564.2,7581.8,7599.4,7634.6,7652.2,7669.8,7687.4,7705.0
923,17022,14853,19138.0,18709.5,18281.0,17852.5,17424.0,16995.5,16567.0,16138.5,15710.0,15281.5,14424.5,13996.0,13567.5,13139.0,12710.5
924,17023,7943,6636.0,6766.7,6897.4,7028.1,7158.8,7289.5,7420.2,7550.9,7681.6,7812.3,8073.7,8204.4,8335.1,8465.8,8596.5
925,17024,52399,48881.0,49232.8,49584.6,49936.4,50288.2,50640.0,50991.8,51343.6,51695.4,52047.2,52750.8,53102.6,53454.4,53806.2,54158.0
926,17025,33789,31534.0,31759.5,31985.0,32210.5,32436.0,32661.5,32887.0,33112.5,33338.0,33563.5,34014.5,34240.0,34465.5,34691.0,34916.5
927,17026,19408,16543.0,16829.5,17116.0,17402.5,17689.0,17975.5,18262.0,18548.5,18835.0,19121.5,19694.5,19981.0,20267.5,20554.0,20840.5
928,17027,12750,10789.0,10985.1,11181.2,11377.3,11573.4,11769.5,11965.6,12161.7,12357.8,12553.9,12946.1,13142.2,13338.3,13534.4,13730.5
929,17028,73539,63382.0,64397.7,65413.4,66429.1,67444.8,68460.5,69476.2,70491.9,71507.6,72523.3,74554.7,75570.4,76586.1,77601.8,78617.5
930,17029,105780,97827.0,98622.3,99417.6,100212.9,101008.2,101803.5,102598.8,103394.1,104189.4,104984.7,106575.3,107370.6,108165.9,108961.2,109756.5
931,17030,56083,46809.0,47736.4,48663.8,49591.2,50518.6,51446.0,52373.4,53300.8,54228.2,55155.6,57010.4,57937.8,58865.2,59792.6,60720.0
932,17031,36094,35063.0,35166.1,35269.2,35372.3,35475.4,35578.5,35681.6,35784.7,35887.8,35990.9,36197.1,36300.2,36403.3,36506.4,36609.5
933,17032,9965,9087.0,9174.8,9262.6,9350.4,9438.2,9526.0,9613.8,9701.6,9789.4,9877.2,10052.8,10140.6,10228.4,10316.2,10404.0
934,17033,16574,14641.0,14834.3,15027.6,15220.9,15414.2,15607.5,15800.8,15994.1,16187.4,16380.7,16767.3,16960.6,17153.9,17347.2,17540.5
935,17034,11347,,,,,,,,,,,,,,,
936,17035,27805,,,,,,,,,,,,,,,
937,17036,7855,,,,,,,,,,,,,,,
938,18001,37232,36572.0,36638.0,36704.0,36770.0,36836.0,36902.0,36968.0,37034.0,37100.0,37166.0,37298.0,37364.0,37430.0,37496.0,37562.0
939,18002,15393,15229.0,15245.4,15261.8,15278.2,15294.6,15311.0,15327.4,15343.8,15360.2,15376.6,15409.4,15425.8,15442.2,15458.6,15475.0
940,18003,11536,11188.0,11222.8,11257.6,11292.4,11327.2,11362.0,11396.8,11431.6,11466.4,11501.2,11570.8,11605.6,11640.4,11675.2,11710.0
941,18004,77436,70399.0,71102.7,71806.4,72510.1,73213.8,73917.5,74621.2,75324.9,76028.6,76732.3,78139.7,78843.4,79547.1,80250.8,80954.5
942,18005,12230,11400.0,11483.0,11566.0,11649.0,11732.0,11815.0,11898.0,11981.0,12064.0,12147.0,12313.0,12396.0,12479.0,12562.0,12645.0
943,18006,29299,27273.0,27475.6,27678.2,27880.8,28083.4,28286.0,28488.6,28691.2,28893.8,29096.4,29501.6,29704.2,29906.8,30109.4,30312.0
944,18007,19321,17698.0,17860.3,18022.6,18184.9,18347.2,18509.5,18671.8,18834.1,18996.4,19158.7,19483.3,19645.6,19807.9,19970.2,20132.5
945,18008,65229,49102.0,50714.7,52327.4,53940.1,55552.8,57165.5,58778.2,60390.9,62003.6,63616.3,66841.7,68454.4,70067.1,71679.8,73292.5
946,18009,47550,34300.0,35625.0,36950.0,38275.0,39600.0,40925.0,42250.0,43575.0,44900.0,46225.0,48875.0,50200.0,51525.0,52850.0,54175.0
947,18010,33567,34393.0,34310.4,34227.8,34145.2,34062.6,33980.0,33897.4,33814.8,33732.2,33649.6,33484.4,33401.8,33319.2,33236.6,33154.0
948,18011,24096,23469.0,23531.7,23594.4,23657.1,23719.8,23782.5,23845.2,23907.9,23970.6,24033.3,24158.7,24221.4,24284.1,24346.8,24409.5
949,18012,41518,43120.0,42959.8,42799.6,42639.4,42479.2,42319.0,42158.8,41998.6,41838.4,41678.2,41357.8,41197.6,41037.4,40877.2,40717.0
950,18013,7683,7510.0,7527.3,7544.6,7561.9,7579.2,7596.5,7613.8,7631.1,7648.4,7665.7,7700.3,7717.6,7734.9,7752.2,7769.5
951,18014,24911,22412.0,22661.9,22911.8,23161.7,23411.6,23661.5,23911.4,24161.3,24411.2,24661.1,25160.9,25410.8,25660.7,25910.6,26160.5
952,18015,93981,93074.0,93164.7,93255.4,93346.1,93436.8,93527.5,93618.2,93708.9,93799.6,93890.3,94071.7,94162.4,94253.1,94343.8,94434.5
953,18016,37135,39756.0,39493.9,39231.8,38969.7,38707.6,38445.5,38183.4,37921.3,37659.2,37397.1,36872.9,36610.8,36348.7,36086.6,35824.5
954,18017,425924,380249.0,384816.5,389384.0,393951.5,398519.0,403086.5,407654.0,412221.5,416789.0,421356.5,430491.5,435059.0,439626.5,444194.0,448761.5
955,18018,30064,30030.0,30033.4,30036.8,30040.2,30043.6,30047.0,30050.4,30053.8,30057.2,30060.6,30067.4,30070.8,30074.2,30077.6,30081.0
956,18019,13719,13600.0,13611.9,13623.8,13635.7,13647.6,13659.5,13671.4,13683.3,13695.2,13707.1,13730.9,13742.8,13754.7,13766.6,13778.5
957,18020,187632,124205.0,130547.7,136890.4,143233.1,149575.8,155918.5,162261.2,168603.9,174946.6,181289.3,193974.7,200317.4,206660.1,213002.8,219345.5
958,19001,2974,2791.0,2809.3,2827.6,2845.9,2864.2,2882.5,2900.8,2919.1,2937.4,2955.7,2992.3,3010.6,3028.9,3047.2,3065.5
959,19002,3382,3443.0,3436.9,3430.8,3424.7,3418.6,3412.5,3406.4,3400.3,3394.2,3388.1,3375.9,3369.8,3363.7,3357.6,3351.5
960,19003,1407,1374.0,1377.3,1380.6,1383.9,1387.2,1390.5,1393.8,1397.1,1400.4,1403.7,1410.3,1413.6,1416.9,1420.2,1423.5
961,19004,35289,32593.0,32862.6,33132.2,33401.8,33671.4,33941.0,34210.6,34480.2,34749.8,35019.4,35558.6,35828.2,36097.8,36367.4,36637.0
962,19005,18030,18480.0,18435.0,18390.0,18345.0,18300.0,18255.0,18210.0,18165.0,18120.0,18075.0,17985.0,17940.0,17895.0,17850.0,17805.0
963,19006,656464,523370.0,536679.4,549988.8,563298.2,576607.6,589917.0,603226.4,616535.8,629845.2,643154.6,669773.4,683082.8,696392.2,709701.6,723011.0
964,19007,14992,15470.0,15422.2,15374.4,15326.6,15278.8,15231.0,15183.2,15135.4,15087.6,15039.8,14944.2,14896.4,14848.6,14800.8,14753.0
965,19008,3661,3773.0,3761.8,3750.6,3739.4,3728.2,3717.0,3705.8,3694.6,3683.4,3672.2,3649.8,3638.6,3627.4,3616.2,3605.0
966,19009,122337,86445.0,90034.2,93623.4,97212.6,100801.8,104391.0,107980.2,111569.4,115158.6,118747.8,125926.2,129515.4,133104.6,136693.8,140283.0
967,19010,104478,16092.0,24930.6,33769.2,42607.8,51446.4,60285.0,69123.6,77962.20000000001,86800.8,95639.40000000001,113316.6,122155.2,130993.8,139832.4,148671.0
968,19011,7340,7855.0,7803.5,7752.0,7700.5,7649.0,7597.5,7546.0,7494.5,7443.0,7391.5,7288.5,7237.0,7185.5,7134.0,7082.5
969,19012,68747,24526.0,28948.1,33370.2,37792.3,42214.4,46636.5,51058.600000000006,55480.700000000004,59902.8,64324.9,73169.1,77591.2,82013.3,86435.4,90857.5
970,19013,9930,10864.0,10770.6,10677.2,10583.8,10490.4,10397.0,10303.6,10210.2,10116.8,10023.4,9836.6,9743.2,9649.8,9556.4,9463.0
971,19014,36088,35445.0,35509.3,35573.6,35637.9,35702.2,35766.5,35830.8,35895.1,35959.4,36023.7,36152.3,36216.6,36280.9,36345.2,36409.5
972,19015,1360,1716.0,1680.4,1644.8,1609.2,1573.6,1538.0,1502.4,1466.8,1431.2,1395.6,1324.4,1288.8,1253.2,1217.6,1182.0
973,19016,3256,3345.0,3336.1,3327.2,3318.3,3309.4,3300.5,3291.6,3282.7,3273.8,3264.9,3247.1,3238.2,3229.3,3220.4,3211.5
974,19017,40903,39991.0,40082.2,40173.4,40264.6,40355.8,40447.0,40538.2,40629.4,40720.6,40811.8,40994.2,41085.4,41176.6,41267.8,41359.0
975,19018,397205,143665.0,169019.0,194373.0,219727.0,245081.0,270435.0,295789.0,321143.0,346497.0,371851.0,422559.0,447913.0,473267.0,498621.0,523975.0
976,19019,132169,122659.0,123610.0,124561.0,125512.0,126463.0,127414.0,128365.0,129316.0,130267.0,131218.0,133120.0,134071.0,135022.0,135973.0,136924.0
977,19020,5506,5527.0,5524.9,5522.8,5520.7,5518.6,5516.5,5514.4,5512.3,5510.2,5508.1,5503.9,5501.8,5499.7,5497.6,5495.5
978,19021,481213,357937.0,370264.6,382592.2,394919.8,407247.4,419575.0,431902.6,444230.2,456557.8,468885.4,493540.6,505868.2,518195.8,530523.4,542851.0
979,19022,14109,14437.0,14404.2,14371.4,14338.6,14305.8,14273.0,14240.2,14207.4,14174.6,14141.8,14076.2,14043.4,14010.6,13977.8,13945.0
980,19023,1808,1277.0,1330.1,1383.2,1436.3,1489.4,1542.5,1595.6,1648.7,1701.8,1754.9,1861.1,1914.2,1967.3,2020.4,2073.5
981,19024,6282,5942.0,5976.0,6010.0,6044.0,6078.0,6112.0,6146.0,6180.0,6214.0,6248.0,6316.0,6350.0,6384.0,6418.0,6452.0
982,19025,102149,55213.0,59906.6,64600.2,69293.8,73987.4,78681.0,83374.6,88068.20000000001,92761.8,97455.4,106842.6,111536.2,116229.8,120923.4,125617.0
983,19026,643143,678006.0,674519.7,671033.4,667547.1,664060.8,660574.5,657088.2,653601.9,650115.6,646629.3,639656.7,636170.4,632684.1,629197.8,625711.5
984,19027,1959,2030.0,2022.9,2015.8,2008.7,2001.6,1994.5,1987.4,1980.3,1973.2,1966.1,1951.9,1944.8,1937.7,1930.6,1923.5
985,19028,1386,1594.0,1573.2,1552.4,1531.6,1510.8,1490.0,1469.2,1448.4,1427.6,1406.8,1365.2,1344.4,1323.6,1302.8,1282.0
986,19029,7026,6914.0,6925.2,6936.4,6947.6,6958.8,6970.0,6981.2,6992.4,7003.6,7014.8,7037.2,7048.4,7059.6,7070.8,7082.0
987,19030,3298,3558.0,3532.0,3506.0,3480.0,3454.0,3428.0,3402.0,3376.0,3350.0,3324.0,3272.0,3246.0,3220.0,3194.0,3168.0
988,19031,471523,256970.0,278425.3,299880.6,321335.9,342791.2,364246.5,385701.8,407157.1,428612.4,450067.69999999995,492978.3,514433.6,535888.9,557344.2,578799.5
989,19032,5351,5349.0,5349.2,5349.4,5349.6,5349.8,5350.0,5350.2,5350.4,5350.6,5350.8,5351.2,5351.4,5351.6,5351.8,5352.0
990,19033,84666,78669.0,79268.7,79868.4,80468.1,81067.8,81667.5,82267.2,82866.9,83466.6,84066.3,85265.7,85865.4,86465.1,87064.8,87664.5
991,19034,5119,5488.0,5451.1,5414.2,5377.3,5340.4,5303.5,5266.6,5229.7,5192.8,5155.9,5082.1,5045.2,5008.3,4971.4,4934.5
992,19035,1483,862.0,924.1,986.2,1048.3,1110.4,1172.5,1234.6,1296.7,1358.8,1420.9,1545.1,1607.2,1669.3,1731.4,1793.5
993,19036,7652,7095.0,7150.7,7206.4,7262.1,7317.8,7373.5,7429.2,7484.9,7540.6,7596.3,7707.7,7763.4,7819.1,7874.8,7930.5
994,19037,6048,5447.0,5507.1,5567.2,5627.3,5687.4,5747.5,5807.6,5867.7,5927.8,5987.9,6108.1,6168.2,6228.3,6288.4,6348.5
995,19038,67428,59113.0,59944.5,60776.0,61607.5,62439.0,63270.5,64102.0,64933.5,65765.0,66596.5,68259.5,69091.0,69922.5,70754.0,71585.5
996,19039,1142994,1135550.0,1136294.4,1137038.8,1137783.2,1138527.6,1139272.0,1140016.4,1140760.8,1141505.2,1142249.6,1143738.4,1144482.8,1145227.2,1145971.6,1146716.0
997,19040,906,1034.0,1021.2,1008.4,995.6,982.8,970.0,957.2,944.4,931.6,918.8,893.2,880.4,867.6,854.8,842.0
998,19041,147624,20843.0,33521.1,46199.2,58877.3,71555.4,84233.5,96911.6,109589.7,122267.8,134945.90000000002,160302.1,172980.2,185658.3,198336.4,211014.5
999,19042,5389,5359.0,5362.0,5365.0,5368.0,5371.0,5374.0,5377.0,5380.0,5383.0,5386.0,5392.0,5395.0,5398.0,5401.0,5404.0
1000,19043,2377,2628.0,2602.9,2577.8,2552.7,2527.6,2502.5,2477.4,2452.3,2427.2,2402.1,2351.9,2326.8,2301.7,2276.6,2251.5
1001,19044,34709,34671.0,34674.8,34678.6,34682.4,34686.2,34690.0,34693.8,34697.6,34701.4,34705.2,34712.8,34716.6,34720.4,34724.2,34728.0
1002,19045,86766,32660.0,38070.6,43481.2,48891.8,54302.4,59713.0,65123.600000000006,70534.20000000001,75944.8,81355.4,92176.6,97587.2,102997.8,108408.4,113819.0
1003,19046,412199,443273.0,440165.6,437058.2,433950.8,430843.4,427736.0,424628.6,421521.2,418413.8,415306.4,409091.6,405984.2,402876.8,399769.4,396662.0
1004,19047,16086,16604.0,16552.2,16500.4,16448.6,16396.8,16345.0,16293.2,16241.4,16189.6,16137.8,16034.2,15982.4,15930.6,15878.8,15827.0
1005,19048,306322,268955.0,272691.7,276428.4,280165.1,283901.8,287638.5,291375.2,295111.9,298848.6,302585.3,310058.7,313795.4,317532.1,321268.8,325005.5
1006,19049,46784,40469.0,41100.5,41732.0,42363.5,42995.0,43626.5,44258.0,44889.5,45521.0,46152.5,47415.5,48047.0,48678.5,49310.0,49941.5
1007,19050,1552,1971.0,1929.1,1887.2,1845.3,1803.4,1761.5,1719.6,1677.7,1635.8,1593.9,1510.1,1468.2,1426.3,1384.4,1342.5
1008,19051,3573,4113.0,4059.0,4005.0,3951.0,3897.0,3843.0,3789.0,3735.0,3681.0,3627.0,3519.0,3465.0,3411.0,3357.0,3303.0
1009,20001,841,1084.0,1059.7,1035.4,1011.1,986.8,962.5,938.2,913.9,889.6,865.3,816.7,792.4,768.1,743.8,719.5
1010,20002,45167,44885.0,44913.2,44941.4,44969.6,44997.8,45026.0,45054.2,45082.4,45110.6,45138.8,45195.2,45223.4,45251.6,45279.8,45308.0
1011,20003,2547,2495.0,2500.2,2505.4,2510.6,2515.8,2521.0,2526.2,2531.4,2536.6,2541.8,2552.2,2557.4,2562.6,2567.8,2573.0
1012,20004,1107,1012.0,1021.5,1031.0,1040.5,1050.0,1059.5,1069.0,1078.5,1088.0,1097.5,1116.5,1126.0,1135.5,1145.0,1154.5
1013,20005,15261,14751.0,14802.0,14853.0,14904.0,14955.0,15006.0,15057.0,15108.0,15159.0,15210.0,15312.0,15363.0,15414.0,15465.0,15516.0
1014,20006,20464,17820.0,18084.4,18348.8,18613.2,18877.6,19142.0,19406.4,19670.8,19935.2,20199.6,20728.4,20992.8,21257.2,21521.6,21786.0
1015,20007,2395,2612.0,2590.3,2568.6,2546.9,2525.2,2503.5,2481.8,2460.1,2438.4,2416.7,2373.3,2351.6,2329.9,2308.2,2286.5
1016,20008,734,842.0,831.2,820.4,809.6,798.8,788.0,777.2,766.4,755.6,744.8,723.2,712.4,701.6,690.8,680.0
1017,20009,6857,6720.0,6733.7,6747.4,6761.1,6774.8,6788.5,6802.2,6815.9,6829.6,6843.3,6870.7,6884.4,6898.1,6911.8,6925.5
1018,20010,13474,13608.0,13594.6,13581.2,13567.8,13554.4,13541.0,13527.6,13514.2,13500.8,13487.4,13460.6,13447.2,13433.8,13420.4,13407.0
1019,20011,1402,1220.0,1238.2,1256.4,1274.6,1292.8,1311.0,1329.2,1347.4,1365.6,1383.8,1420.2,1438.4,1456.6,1474.8,1493.0
1020,20012,11166,9860.0,9990.6,10121.2,10251.8,10382.4,10513.0,10643.6,10774.2,10904.8,11035.4,11296.6,11427.2,11557.8,11688.4,11819.0
1021,20013,3043,2785.0,2810.8,2836.6,2862.4,2888.2,2914.0,2939.8,2965.6,2991.4,3017.2,3068.8,3094.6,3120.4,3146.2,3172.0
1022,20014,28082,26450.0,26613.2,26776.4,26939.6,27102.8,27266.0,27429.2,27592.4,27755.6,27918.8,28245.2,28408.4,28571.6,28734.8,28898.0
1023,20015,5356,4712.0,4776.4,4840.8,4905.2,4969.6,5034.0,5098.4,5162.8,5227.2,5291.6,5420.4,5484.8,5549.2,5613.6,5678.0
1024,20016,9563,8531.0,8634.2,8737.4,8840.6,8943.8,9047.0,9150.2,9253.4,9356.6,9459.8,9666.2,9769.4,9872.6,9975.8,10079.0
1025,20017,3607,3302.0,3332.5,3363.0,3393.5,3424.0,3454.5,3485.0,3515.5,3546.0,3576.5,3637.5,3668.0,3698.5,3729.0,3759.5
1026,20018,752,834.0,825.8,817.6,809.4,801.2,793.0,784.8,776.6,768.4,760.2,743.8,735.6,727.4,719.2,711.0
1027,20019,2754,3071.0,3039.3,3007.6,2975.9,2944.2,2912.5,2880.8,2849.1,2817.4,2785.7,2722.3,2690.6,2658.9,2627.2,2595.5
1028,20020,4847,3860.0,3958.7,4057.4,4156.1,4254.8,4353.5,4452.2,4550.9,4649.6,4748.3,4945.7,5044.4,5143.1,5241.8,5340.5
1029,20021,14488,14667.0,14649.1,14631.2,14613.3,14595.4,14577.5,14559.6,14541.7,14523.8,14505.9,14470.1,14452.2,14434.3,14416.4,14398.5
1030,20022,803,866.0,859.7,853.4,847.1,840.8,834.5,828.2,821.9,815.6,809.3,796.7,790.4,784.1,777.8,771.5
1031,20023,26882,18428.0,19273.4,20118.8,20964.2,21809.6,22655.0,23500.4,24345.8,25191.2,26036.6,27727.4,28572.8,29418.2,30263.6,31109.0
1032,20024,3644,3846.0,3825.8,3805.6,3785.4,3765.2,3745.0,3724.8,3704.6,3684.4,3664.2,3623.8,3603.6,3583.4,3563.2,3543.0
1033,20025,11356,11105.0,11130.1,11155.2,11180.3,11205.4,11230.5,11255.6,11280.7,11305.8,11330.9,11381.1,11406.2,11431.3,11456.4,11481.5
1034,20026,9035,8481.0,8536.4,8591.8,8647.2,8702.6,8758.0,8813.4,8868.8,8924.2,8979.6,9090.4,9145.8,9201.2,9256.6,9312.0
1035,20027,2179,2458.0,2430.1,2402.2,2374.3,2346.4,2318.5,2290.6,2262.7,2234.8,2206.9,2151.1,2123.2,2095.3,2067.4,2039.5
1036,20028,23148,19679.0,20025.9,20372.8,20719.7,21066.6,21413.5,21760.4,22107.3,22454.2,22801.1,23494.9,23841.8,24188.7,24535.6,24882.5
1037,20029,4215,4263.0,4258.2,4253.4,4248.6,4243.8,4239.0,4234.2,4229.4,4224.6,4219.8,4210.2,4205.4,4200.6,4195.8,4191.0
1038,20030,8730,8310.0,8352.0,8394.0,8436.0,8478.0,8520.0,8562.0,8604.0,8646.0,8688.0,8772.0,8814.0,8856.0,8898.0,8940.0
1039,20031,7185,7362.0,7344.3,7326.6,7308.9,7291.2,7273.5,7255.8,7238.1,7220.4,7202.7,7167.3,7149.6,7131.9,7114.2,7096.5
1040,20032,1077,1033.0,1037.4,1041.8,1046.2,1050.6,1055.0,1059.4,1063.8,1068.2,1072.6,1081.4,1085.8,1090.2,1094.6,1099.0
1041,20033,2929,2433.0,2482.6,2532.2,2581.8,2631.4,2681.0,2730.6,2780.2,2829.8,2879.4,2978.6,3028.2,3077.8,3127.4,3177.0
1042,20034,1288,1425.0,1411.3,1397.6,1383.9,1370.2,1356.5,1342.8,1329.1,1315.4,1301.7,1274.3,1260.6,1246.9,1233.2,1219.5
1043,20035,657,544.0,555.3,566.6,577.9,589.2,600.5,611.8,623.1,634.4,645.7,668.3,679.6,690.9,702.2,713.5
1044,20036,5256,5285.0,5282.1,5279.2,5276.3,5273.4,5270.5,5267.6,5264.7,5261.8,5258.9,5253.1,5250.2,5247.3,5244.4,5241.5
1045,20037,4424,4402.0,4404.2,4406.4,4408.6,4410.8,4413.0,4415.2,4417.4,4419.6,4421.8,4426.2,4428.4,4430.6,4432.8,4435.0
1046,20038,1885,2112.0,2089.3,2066.6,2043.9,2021.2,1998.5,1975.8,1953.1,1930.4,1907.7,1862.3,1839.6,1816.9,1794.2,1771.5
1047,20039,78313,69839.0,70686.4,71533.8,72381.2,73228.6,74076.0,74923.4,75770.8,76618.2,77465.6,79160.4,80007.8,80855.2,81702.6,82550.0
1048,20040,6385,5995.0,6034.0,6073.0,6112.0,6151.0,6190.0,6229.0,6268.0,6307.0,6346.0,6424.0,6463.0,6502.0,6541.0,6580.0
1049,20041,31710,30004.0,30174.6,30345.2,30515.8,30686.4,30857.0,31027.6,31198.2,31368.8,31539.4,31880.6,32051.2,32221.8,32392.4,32563.0
1050,20042,8385,7674.0,7745.1,7816.2,7887.3,7958.4,8029.5,8100.6,8171.7,8242.8,8313.9,8456.1,8527.2,8598.3,8669.4,8740.5
1051,20043,113570,93038.0,95091.2,97144.4,99197.6,101250.8,103304.0,105357.2,107410.4,109463.6,111516.8,115623.2,117676.4,119729.6,121782.8,123836.0
1052,20044,40934,41535.0,41474.9,41414.8,41354.7,41294.6,41234.5,41174.4,41114.3,41054.2,40994.1,40873.9,40813.8,40753.7,40693.6,40633.5
1053,20045,7888,7522.0,7558.6,7595.2,7631.8,7668.4,7705.0,7741.6,7778.2,7814.8,7851.4,7924.6,7961.2,7997.8,8034.4,8071.0
1054,20046,2943,3313.0,3276.0,3239.0,3202.0,3165.0,3128.0,3091.0,3054.0,3017.0,2980.0,2906.0,2869.0,2832.0,2795.0,2758.0
1055,20047,81,93.0,91.8,90.6,89.4,88.2,87.0,85.8,84.6,83.4,82.2,79.8,78.6,77.4,76.2,75.0
1056,20048,1433,1304.0,1316.9,1329.8,1342.7,1355.6,1368.5,1381.4,1394.3,1407.2,1420.1,1445.9,1458.8,1471.7,1484.6,1497.5
1057,20049,1184,1141.0,1145.3,1149.6,1153.9,1158.2,1162.5,1166.8,1171.1,1175.4,1179.7,1188.3,1192.6,1196.9,1201.2,1205.5
1058,20050,3750,3778.0,3775.2,3772.4,3769.6,3766.8,3764.0,3761.2,3758.4,3755.6,3752.8,3747.2,3744.4,3741.6,3738.8,3736.0
1059,20051,4764,4368.0,4407.6,4447.2,4486.8,4526.4,4566.0,4605.6,4645.2,4684.8,4724.4,4803.6,4843.2,4882.8,4922.4,4962.0
1060,20052,5996,6182.0,6163.4,6144.8,6126.2,6107.6,6089.0,6070.4,6051.8,6033.2,6014.6,5977.4,5958.8,5940.2,5921.6,5903.0
1061,20053,1297,1221.0,1228.6,1236.2,1243.8,1251.4,1259.0,1266.6,1274.2,1281.8,1289.4,1304.6,1312.2,1319.8,1327.4,1335.0
1062,20054,404,409.0,408.5,408.0,407.5,407.0,406.5,406.0,405.5,405.0,404.5,403.5,403.0,402.5,402.0,401.5
1063,20055,3739,3530.0,3550.9,3571.8,3592.7,3613.6,3634.5,3655.4,3676.3,3697.2,3718.1,3759.9,3780.8,3801.7,3822.6,3843.5
1064,20056,1446,1451.0,1450.5,1450.0,1449.5,1449.0,1448.5,1448.0,1447.5,1447.0,1446.5,1445.5,1445.0,1444.5,1444.0,1443.5
1065,20057,38183,38019.0,38035.4,38051.8,38068.2,38084.6,38101.0,38117.4,38133.8,38150.2,38166.6,38199.4,38215.8,38232.2,38248.6,38265.0
1066,20058,12722,13435.0,13363.7,13292.4,13221.1,13149.8,13078.5,13007.2,12935.9,12864.6,12793.3,12650.7,12579.4,12508.1,12436.8,12365.5
1067,20059,50375,41387.0,42285.8,43184.6,44083.4,44982.2,45881.0,46779.8,47678.6,48577.4,49476.2,51273.8,52172.6,53071.4,53970.2,54869.0
1068,20060,2487,2770.0,2741.7,2713.4,2685.1,2656.8,2628.5,2600.2,2571.9,2543.6,2515.3,2458.7,2430.4,2402.1,2373.8,2345.5
1069,20061,2893,2568.0,2600.5,2633.0,2665.5,2698.0,2730.5,2763.0,2795.5,2828.0,2860.5,2925.5,2958.0,2990.5,3023.0,3055.5
1070,20062,498,586.0,577.2,568.4,559.6,550.8,542.0,533.2,524.4,515.6,506.8,489.2,480.4,471.6,462.8,454.0
1071,20063,4293,3882.0,3923.1,3964.2,4005.3,4046.4,4087.5,4128.6,4169.7,4210.8,4251.9,4334.1,4375.2,4416.3,4457.4,4498.5
1072,20064,8494,7390.0,7500.4,7610.8,7721.2,7831.6,7942.0,8052.4,8162.8,8273.2,8383.6,8604.4,8714.8,8825.2,8935.6,9046.0
1073,20065,1079,1182.0,1171.7,1161.4,1151.1,1140.8,1130.5,1120.2,1109.9,1099.6,1089.3,1068.7,1058.4,1048.1,1037.8,1027.5
1074,20066,5342,5353.0,5351.9,5350.8,5349.7,5348.6,5347.5,5346.4,5345.3,5344.2,5343.1,5340.9,5339.8,5338.7,5337.6,5336.5
1075,20067,270955,263357.0,264116.8,264876.6,265636.4,266396.2,267156.0,267915.8,268675.6,269435.4,270195.2,271714.8,272474.6,273234.4,273994.2,274754.0
1076,20068,23751,21341.0,21582.0,21823.0,22064.0,22305.0,22546.0,22787.0,23028.0,23269.0,23510.0,23992.0,24233.0,24474.0,24715.0,24956.0
1077,20069,3052,2446.0,2506.6,2567.2,2627.8,2688.4,2749.0,2809.6,2870.2,2930.8,2991.4,3112.6,3173.2,3233.8,3294.4,3355.0
1078,20070,6416,6629.0,6607.7,6586.4,6565.1,6543.8,6522.5,6501.2,6479.9,6458.6,6437.3,6394.7,6373.4,6352.1,6330.8,6309.5
1079,20071,3255,3060.0,3079.5,3099.0,3118.5,3138.0,3157.5,3177.0,3196.5,3216.0,3235.5,3274.5,3294.0,3313.5,3333.0,3352.5
1080,20072,8059,6579.0,6727.0,6875.0,7023.0,7171.0,7319.0,7467.0,7615.0,7763.0,7911.0,8207.0,8355.0,8503.0,8651.0,8799.0
1081,20073,34652,31897.0,32172.5,32448.0,32723.5,32999.0,33274.5,33550.0,33825.5,34101.0,34376.5,34927.5,35203.0,35478.5,35754.0,36029.5
1082,20074,456,505.0,500.1,495.2,490.3,485.4,480.5,475.6,470.7,465.8,460.9,451.1,446.2,441.3,436.4,431.5
1083,20075,2660,2671.0,2669.9,2668.8,2667.7,2666.6,2665.5,2664.4,2663.3,2662.2,2661.1,2658.9,2657.8,2656.7,2655.6,2654.5
1084,20076,3411,3331.0,3339.0,3347.0,3355.0,3363.0,3371.0,3379.0,3387.0,3395.0,3403.0,3419.0,3427.0,3435.0,3443.0,3451.0
1085,20077,4370,3568.0,3648.2,3728.4,3808.6,3888.8,3969.0,4049.2,4129.4,4209.6,4289.8,4450.2,4530.4,4610.6,4690.8,4771.0
1086,20078,1301,1092.0,1112.9,1133.8,1154.7,1175.6,1196.5,1217.4,1238.3,1259.2,1280.1,1321.9,1342.8,1363.7,1384.6,1405.5
1087,20079,84438,82371.0,82577.7,82784.4,82991.1,83197.8,83404.5,83611.2,83817.9,84024.6,84231.3,84644.7,84851.4,85058.1,85264.8,85471.5
1088,20080,1593,1312.0,1340.1,1368.2,1396.3,1424.4,1452.5,1480.6,1508.7,1536.8,1564.9,1621.1,1649.2,1677.3,1705.4,1733.5
1089,20081,1871,1914.0,1909.7,1905.4,1901.1,1896.8,1892.5,1888.2,1883.9,1879.6,1875.3,1866.7,1862.4,1858.1,1853.8,1849.5
1090,20082,4163,3952.0,3973.1,3994.2,4015.3,4036.4,4057.5,4078.6,4099.7,4120.8,4141.9,4184.1,4205.2,4226.3,4247.4,4268.5
1091,20083,11391,8089.0,8419.2,8749.4,9079.6,9409.8,9740.0,10070.2,10400.4,10730.6,11060.8,11721.2,12051.4,12381.6,12711.8,13042.0
1092,20084,4168,3893.0,3920.5,3948.0,3975.5,4003.0,4030.5,4058.0,4085.5,4113.0,4140.5,4195.5,4223.0,4250.5,4278.0,4305.5
1093,20085,26194,22565.0,22927.9,23290.8,23653.7,24016.6,24379.5,24742.4,25105.3,25468.2,25831.1,26556.9,26919.8,27282.7,27645.6,28008.5
1094,20086,1032,874.0,889.8,905.6,921.4,937.2,953.0,968.8,984.6,1000.4,1016.2,1047.8,1063.6,1079.4,1095.2,1111.0
1095,20087,5521,4075.0,4219.6,4364.2,4508.8,4653.4,4798.0,4942.6,5087.2,5231.8,5376.4,5665.6,5810.2,5954.8,6099.4,6244.0
1096,20088,2881,2851.0,2854.0,2857.0,2860.0,2863.0,2866.0,2869.0,2872.0,2875.0,2878.0,2884.0,2887.0,2890.0,2893.0,2896.0
1097,20089,2308,2152.0,2167.6,2183.2,2198.8,2214.4,2230.0,2245.6,2261.2,2276.8,2292.4,2323.6,2339.2,2354.8,2370.4,2386.0
1098,20090,6234,5867.0,5903.7,5940.4,5977.1,6013.8,6050.5,6087.2,6123.9,6160.6,6197.3,6270.7,6307.4,6344.1,6380.8,6417.5
1099,20091,6279,4879.0,5019.0,5159.0,5299.0,5439.0,5579.0,5719.0,5859.0,5999.0,6139.0,6419.0,6559.0,6699.0,6839.0,6979.0
1100,20092,1776,1439.0,1472.7,1506.4,1540.1,1573.8,1607.5,1641.2,1674.9,1708.6,1742.3,1809.7,1843.4,1877.1,1910.8,1944.5
1101,20093,518,505.0,506.3,507.6,508.9,510.2,511.5,512.8,514.1,515.4,516.7,519.3,520.6,521.9,523.2,524.5
1102,20094,1850,1898.0,1893.2,1888.4,1883.6,1878.8,1874.0,1869.2,1864.4,1859.6,1854.8,1845.2,1840.4,1835.6,1830.8,1826.0
1103,20095,4562,3990.0,4047.2,4104.4,4161.6,4218.8,4276.0,4333.2,4390.4,4447.6,4504.8,4619.2,4676.4,4733.6,4790.8,4848.0
1104,20096,756,772.0,770.4,768.8,767.2,765.6,764.0,762.4,760.8,759.2,757.6,754.4,752.8,751.2,749.6,748.0
1105,20097,1771,1740.0,1743.1,1746.2,1749.3,1752.4,1755.5,1758.6,1761.7,1764.8,1767.9,1774.1,1777.2,1780.3,1783.4,1786.5
1106,20098,4233,4427.0,4407.6,4388.2,4368.8,4349.4,4330.0,4310.6,4291.2,4271.8,4252.4,4213.6,4194.2,4174.8,4155.4,4136.0
1107,20099,381,475.0,465.6,456.2,446.8,437.4,428.0,418.6,409.2,399.8,390.4,371.6,362.2,352.8,343.4,334.0
1108,20100,393,497.0,486.6,476.2,465.8,455.4,445.0,434.6,424.2,413.8,403.4,382.6,372.2,361.8,351.4,341.0
1109,20101,748,726.0,728.2,730.4,732.6,734.8,737.0,739.2,741.4,743.6,745.8,750.2,752.4,754.6,756.8,759.0
1110,20102,5326,4405.0,4497.1,4589.2,4681.3,4773.4,4865.5,4957.6,5049.7,5141.8,5233.9,5418.1,5510.2,5602.3,5694.4,5786.5
1111,20103,6064,5651.0,5692.3,5733.6,5774.9,5816.2,5857.5,5898.8,5940.1,5981.4,6022.7,6105.3,6146.6,6187.9,6229.2,6270.5
1112,20104,2705,2508.0,2527.7,2547.4,2567.1,2586.8,2606.5,2626.2,2645.9,2665.6,2685.3,2724.7,2744.4,2764.1,2783.8,2803.5
1113,20105,7678,6650.0,6752.8,6855.6,6958.4,7061.2,7164.0,7266.8,7369.6,7472.4,7575.2,7780.8,7883.6,7986.4,8089.2,8192.0
1114,20106,249,297.0,292.2,287.4,282.6,277.8,273.0,268.2,263.4,258.6,253.8,244.2,239.4,234.6,229.8,225.0
1115,20107,26282,21456.0,21938.6,22421.2,22903.8,23386.4,23869.0,24351.6,24834.2,25316.8,25799.4,26764.6,27247.2,27729.8,28212.4,28695.0
1116,20108,2936,4289.0,4153.7,4018.4,3883.1,3747.8,3612.5,3477.2,3341.8999999999996,3206.6,3071.3,2800.7,2665.4,2530.1,2394.8,2259.5
1117,20109,1232,1233.0,1232.9,1232.8,1232.7,1232.6,1232.5,1232.4,1232.3,1232.2,1232.1,1231.9,1231.8,1231.7,1231.6,1231.5
1118,20110,1668,1603.0,1609.5,1616.0,1622.5,1629.0,1635.5,1642.0,1648.5,1655.0,1661.5,1674.5,1681.0,1687.5,1694.0,1700.5
1119,20111,4873,4394.0,4441.9,4489.8,4537.7,4585.6,4633.5,4681.4,4729.3,4777.2,4825.1,4920.9,4968.8,5016.7,5064.6,5112.5
1120,20112,2576,2439.0,2452.7,2466.4,2480.1,2493.8,2507.5,2521.2,2534.9,2548.6,2562.3,2589.7,2603.4,2617.1,2630.8,2644.5
1121,20113,3169,2832.0,2865.7,2899.4,2933.1,2966.8,3000.5,3034.2,3067.9,3101.6,3135.3,3202.7,3236.4,3270.1,3303.8,3337.5
1122,20114,674,677.0,676.7,676.4,676.1,675.8,675.5,675.2,674.9,674.6,674.3,673.7,673.4,673.1,672.8,672.5
1123,20115,10391,8684.0,8854.7,9025.4,9196.1,9366.8,9537.5,9708.2,9878.9,10049.6,10220.3,10561.7,10732.4,10903.1,11073.8,11244.5
1124,20116,4131,4052.0,4059.9,4067.8,4075.7,4083.6,4091.5,4099.4,4107.3,4115.2,4123.1,4138.9,4146.8,4154.7,4162.6,4170.5
1125,20117,2213,2422.0,2401.1,2380.2,2359.3,2338.4,2317.5,2296.6,2275.7,2254.8,2233.9,2192.1,2171.2,2150.3,2129.4,2108.5
1126,20118,2389,2470.0,2461.9,2453.8,2445.7,2437.6,2429.5,2421.4,2413.3,2405.2,2397.1,2380.9,2372.8,2364.7,2356.6,2348.5
1127,20119,735,399.0,432.6,466.2,499.8,533.4,567.0,600.6,634.2,667.8,701.4000000000001,768.6,802.2,835.8,869.4,903.0
1128,20120,449,368.0,376.1,384.2,392.3,400.4,408.5,416.6,424.7,432.8,440.9,457.1,465.2,473.3,481.4,489.5
1129,20121,596,655.0,649.1,643.2,637.3,631.4,625.5,619.6,613.7,607.8,601.9,590.1,584.2,578.3,572.4,566.5
1130,20122,653,677.0,674.6,672.2,669.8,667.4,665.0,662.6,660.2,657.8,655.4,650.6,648.2,645.8,643.4,641.0
1131,20123,2829,2705.0,2717.4,2729.8,2742.2,2754.6,2767.0,2779.4,2791.8,2804.2,2816.6,2841.4,2853.8,2866.2,2878.6,2891.0
1132,20124,19696,17094.0,17354.2,17614.4,17874.6,18134.8,18395.0,18655.2,18915.4,19175.6,19435.8,19956.2,20216.4,20476.6,20736.8,20997.0
1133,20125,11662,11813.0,11797.9,11782.8,11767.7,11752.6,11737.5,11722.4,11707.3,11692.2,11677.1,11646.9,11631.8,11616.7,11601.6,11586.5
1134,20126,5396,5024.0,5061.2,5098.4,5135.6,5172.8,5210.0,5247.2,5284.4,5321.6,5358.8,5433.2,5470.4,5507.6,5544.8,5582.0
1135,20127,1252,1283.0,1279.9,1276.8,1273.7,1270.6,1267.5,1264.4,1261.3,1258.2,1255.1,1248.9,1245.8,1242.7,1239.6,1236.5
1136,20128,1342,1230.0,1241.2,1252.4,1263.6,1274.8,1286.0,1297.2,1308.4,1319.6,1330.8,1353.2,1364.4,1375.6,1386.8,1398.0
1137,20129,356,334.0,336.2,338.4,340.6,342.8,345.0,347.2,349.4,351.6,353.8,358.2,360.4,362.6,364.8,367.0
1138,20130,5180,5098.0,5106.2,5114.4,5122.6,5130.8,5139.0,5147.2,5155.4,5163.6,5171.8,5188.2,5196.4,5204.6,5212.8,5221.0
1139,20131,11411,10500.0,10591.1,10682.2,10773.3,10864.4,10955.5,11046.6,11137.7,11228.8,11319.9,11502.1,11593.2,11684.3,11775.4,11866.5
1140,20132,1380,1245.0,1258.5,1272.0,1285.5,1299.0,1312.5,1326.0,1339.5,1353.0,1366.5,1393.5,1407.0,1420.5,1434.0,1447.5
1141,20133,3934,3974.0,3970.0,3966.0,3962.0,3958.0,3954.0,3950.0,3946.0,3942.0,3938.0,3930.0,3926.0,3922.0,3918.0,3914.0
1142,20134,28500,26838.0,27004.2,27170.4,27336.6,27502.8,27669.0,27835.2,28001.4,28167.6,28333.8,28666.2,28832.4,28998.6,29164.8,29331.0
1143,20135,8231,7187.0,7291.4,7395.8,7500.2,7604.6,7709.0,7813.4,7917.8,8022.2,8126.6,8335.4,8439.8,8544.2,8648.6,8753.0
1144,20136,12191,11575.0,11636.6,11698.2,11759.8,11821.4,11883.0,11944.6,12006.2,12067.8,12129.4,12252.6,12314.2,12375.8,12437.4,12499.0
1145,20137,3450,3427.0,3429.3,3431.6,3433.9,3436.2,3438.5,3440.8,3443.1,3445.4,3447.7,3452.3,3454.6,3456.9,3459.2,3461.5
1146,20138,451,460.0,459.1,458.2,457.3,456.4,455.5,454.6,453.7,452.8,451.9,450.1,449.2,448.3,447.4,446.5
1147,20139,2195,2136.0,2141.9,2147.8,2153.7,2159.6,2165.5,2171.4,2177.3,2183.2,2189.1,2200.9,2206.8,2212.7,2218.6,2224.5
1148,20140,812,827.0,825.5,824.0,822.5,821.0,819.5,818.0,816.5,815.0,813.5,810.5,809.0,807.5,806.0,804.5
1149,20141,8710,7232.0,7379.8,7527.6,7675.4,7823.2,7971.0,8118.8,8266.6,8414.4,8562.2,8857.8,9005.6,9153.4,9301.2,9449.0
1150,20142,842,1160.0,1128.2,1096.4,1064.6,1032.8,1001.0,969.2,937.4,905.6,873.8,810.2,778.4,746.6,714.8,683.0
1151,20143,9461,8959.0,9009.2,9059.4,9109.6,9159.8,9210.0,9260.2,9310.4,9360.6,9410.8,9511.2,9561.4,9611.6,9661.8,9712.0
1152,20144,1075,1110.0,1106.5,1103.0,1099.5,1096.0,1092.5,1089.0,1085.5,1082.0,1078.5,1071.5,1068.0,1064.5,1061.0,1057.5
1153,20145,5215,3474.0,3648.1,3822.2,3996.3,4170.4,4344.5,4518.6,4692.7,4866.8,5040.9,5389.1,5563.2,5737.3,5911.4,6085.5
1154,20146,2803,2666.0,2679.7,2693.4,2707.1,2720.8,2734.5,2748.2,2761.9,2775.6,2789.3,2816.7,2830.4,2844.1,2857.8,2871.5
1155,20147,376,378.0,377.8,377.6,377.4,377.2,377.0,376.8,376.6,376.4,376.2,375.8,375.6,375.4,375.2,375.0
1156,20148,2182,1945.0,1968.7,1992.4,2016.1,2039.8,2063.5,2087.2,2110.9,2134.6,2158.3,2205.7,2229.4,2253.1,2276.8,2300.5
1157,20149,2019,1509.0,1560.0,1611.0,1662.0,1713.0,1764.0,1815.0,1866.0,1917.0,1968.0,2070.0,2121.0,2172.0,2223.0,2274.0
1158,20150,13856,11893.0,12089.3,12285.6,12481.9,12678.2,12874.5,13070.8,13267.1,13463.4,13659.7,14052.3,14248.6,14444.9,14641.2,14837.5
1159,20151,312,394.0,385.8,377.6,369.4,361.2,353.0,344.8,336.6,328.4,320.2,303.8,295.6,287.4,279.2,271.0
1160,20152,2472,2152.0,2184.0,2216.0,2248.0,2280.0,2312.0,2344.0,2376.0,2408.0,2440.0,2504.0,2536.0,2568.0,2600.0,2632.0
1161,20153,4910,4733.0,4750.7,4768.4,4786.1,4803.8,4821.5,4839.2,4856.9,4874.6,4892.3,4927.7,4945.4,4963.1,4980.8,4998.5
1162,20154,2329,2393.0,2386.6,2380.2,2373.8,2367.4,2361.0,2354.6,2348.2,2341.8,2335.4,2322.6,2316.2,2309.8,2303.4,2297.0
1163,20155,1060,940.0,952.0,964.0,976.0,988.0,1000.0,1012.0,1024.0,1036.0,1048.0,1072.0,1084.0,1096.0,1108.0,1120.0
1164,20156,3677,3478.0,3497.9,3517.8,3537.7,3557.6,3577.5,3597.4,3617.3,3637.2,3657.1,3696.9,3716.8,3736.7,3756.6,3776.5
1165,20157,16827,13860.0,14156.7,14453.4,14750.1,15046.8,15343.5,15640.2,15936.9,16233.6,16530.3,17123.7,17420.4,17717.1,18013.8,18310.5
1166,20158,2233,2231.0,2231.2,2231.4,2231.6,2231.8,2232.0,2232.2,2232.4,2232.6,2232.8,2233.2,2233.4,2233.6,2233.8,2234.0
1167,20159,5537,5449.0,5457.8,5466.6,5475.4,5484.2,5493.0,5501.8,5510.6,5519.4,5528.2,5545.8,5554.6,5563.4,5572.2,5581.0
1168,20160,1429,1449.0,1447.0,1445.0,1443.0,1441.0,1439.0,1437.0,1435.0,1433.0,1431.0,1427.0,1425.0,1423.0,1421.0,1419.0
1169,20161,2730,2559.0,2576.1,2593.2,2610.3,2627.4,2644.5,2661.6,2678.7,2695.8,2712.9,2747.1,2764.2,2781.3,2798.4,2815.5
1170,20162,2046,1848.0,1867.8,1887.6,1907.4,1927.2,1947.0,1966.8,1986.6,2006.4,2026.2,2065.8,2085.6,2105.4,2125.2,2145.0
1171,20163,1577,1606.0,1603.1,1600.2,1597.3,1594.4,1591.5,1588.6,1585.7,1582.8,1579.9,1574.1,1571.2,1568.3,1565.4,1562.5
1172,20164,2881,3215.0,3181.6,3148.2,3114.8,3081.4,3048.0,3014.6,2981.2,2947.8,2914.4,2847.6,2814.2,2780.8,2747.4,2714.0
1173,20165,1629,1511.0,1522.8,1534.6,1546.4,1558.2,1570.0,1581.8,1593.6,1605.4,1617.2,1640.8,1652.6,1664.4,1676.2,1688.0
1174,20166,11310,11019.0,11048.1,11077.2,11106.3,11135.4,11164.5,11193.6,11222.7,11251.8,11280.9,11339.1,11368.2,11397.3,11426.4,11455.5
1175,20167,2149,2094.0,2099.5,2105.0,2110.5,2116.0,2121.5,2127.0,2132.5,2138.0,2143.5,2154.5,2160.0,2165.5,2171.0,2176.5
1176,20168,938,977.0,973.1,969.2,965.3,961.4,957.5,953.6,949.7,945.8,941.9,934.1,930.2,926.3,922.4,918.5
1177,20169,4251,3684.0,3740.7,3797.4,3854.1,3910.8,3967.5,4024.2,4080.9,4137.6,4194.3,4307.7,4364.4,4421.1,4477.8,4534.5
1178,20170,3700,3849.0,3834.1,3819.2,3804.3,3789.4,3774.5,3759.6,3744.7,3729.8,3714.9,3685.1,3670.2,3655.3,3640.4,3625.5
1179,20171,18102,18478.0,18440.4,18402.8,18365.2,18327.6,18290.0,18252.4,18214.8,18177.2,18139.6,18064.4,18026.8,17989.2,17951.6,17914.0
1180,20172,408,430.0,427.8,425.6,423.4,421.2,419.0,416.8,414.6,412.4,410.2,405.8,403.6,401.4,399.2,397.0
1181,20173,1457,1517.0,1511.0,1505.0,1499.0,1493.0,1487.0,1481.0,1475.0,1469.0,1463.0,1451.0,1445.0,1439.0,1433.0,1427.0
1182,20174,4564,3759.0,3839.5,3920.0,4000.5,4081.0,4161.5,4242.0,4322.5,4403.0,4483.5,4644.5,4725.0,4805.5,4886.0,4966.5
1183,20175,1424,1724.0,1694.0,1664.0,1634.0,1604.0,1574.0,1544.0,1514.0,1484.0,1454.0,1394.0,1364.0,1334.0,1304.0,1274.0
1184,20176,2725,2808.0,2799.7,2791.4,2783.1,2774.8,2766.5,2758.2,2749.9,2741.6,2733.3,2716.7,2708.4,2700.1,2691.8,2683.5
1185,20177,10365,9441.0,9533.4,9625.8,9718.2,9810.6,9903.0,9995.4,10087.8,10180.2,10272.6,10457.4,10549.8,10642.2,10734.6,10827.0
1186,20178,6692,6287.0,6327.5,6368.0,6408.5,6449.0,6489.5,6530.0,6570.5,6611.0,6651.5,6732.5,6773.0,6813.5,6854.0,6894.5
1187,20179,1447,1462.0,1460.5,1459.0,1457.5,1456.0,1454.5,1453.0,1451.5,1450.0,1448.5,1445.5,1444.0,1442.5,1441.0,1439.5
1188,20180,2344,2325.0,2326.9,2328.8,2330.7,2332.6,2334.5,2336.4,2338.3,2340.2,2342.1,2345.9,2347.8,2349.7,2351.6,2353.5
1189,20181,453,417.0,420.6,424.2,427.8,431.4,435.0,438.6,442.2,445.8,449.4,456.6,460.2,463.8,467.4,471.0
1190,20182,2181,2292.0,2280.9,2269.8,2258.7,2247.6,2236.5,2225.4,2214.3,2203.2,2192.1,2169.9,2158.8,2147.7,2136.6,2125.5
1191,20183,1475,1447.0,1449.8,1452.6,1455.4,1458.2,1461.0,1463.8,1466.6,1469.4,1472.2,1477.8,1480.6,1483.4,1486.2,1489.0
1192,20184,159452,155766.0,156134.6,156503.2,156871.8,157240.4,157609.0,157977.6,158346.2,158714.8,159083.4,159820.6,160189.2,160557.8,160926.4,161295.0
1193,20185,8939,8680.0,8705.9,8731.8,8757.7,8783.6,8809.5,8835.4,8861.3,8887.2,8913.1,8964.9,8990.8,9016.7,9042.6,9068.5
1194,20186,524,605.0,596.9,588.8,580.7,572.6,564.5,556.4,548.3,540.2,532.1,515.9,507.8,499.7,491.6,483.5
1195,20187,1808,2535.0,2462.3,2389.6,2316.9,2244.2,2171.5,2098.8,2026.1,1953.4,1880.6999999999998,1735.3,1662.6,1589.9,1517.2,1444.5
1196,20188,9609,9494.0,9505.5,9517.0,9528.5,9540.0,9551.5,9563.0,9574.5,9586.0,9597.5,9620.5,9632.0,9643.5,9655.0,9666.5
1197,20189,3116,2517.0,2576.9,2636.8,2696.7,2756.6,2816.5,2876.4,2936.3,2996.2,3056.1,3175.9,3235.8,3295.7,3355.6,3415.5
1198,20190,22444,22356.0,22364.8,22373.6,22382.4,22391.2,22400.0,22408.8,22417.6,22426.4,22435.2,22452.8,22461.6,22470.4,22479.2,22488.0
1199,20191,296,320.0,317.6,315.2,312.8,310.4,308.0,305.6,303.2,300.8,298.4,293.6,291.2,288.8,286.4,284.0
1200,20192,1522,1442.0,1450.0,1458.0,1466.0,1474.0,1482.0,1490.0,1498.0,1506.0,1514.0,1530.0,1538.0,1546.0,1554.0,1562.0
1201,20193,2807,2546.0,2572.1,2598.2,2624.3,2650.4,2676.5,2702.6,2728.7,2754.8,2780.9,2833.1,2859.2,2885.3,2911.4,2937.5
1202,20194,1372,1231.0,1245.1,1259.2,1273.3,1287.4,1301.5,1315.6,1329.7,1343.8,1357.9,1386.1,1400.2,1414.3,1428.4,1442.5
1203,20195,1056,1256.0,1236.0,1216.0,1196.0,1176.0,1156.0,1136.0,1116.0,1096.0,1076.0,1036.0,1016.0,996.0,976.0,956.0
1204,20196,407,404.0,404.3,404.6,404.9,405.2,405.5,405.8,406.1,406.4,406.7,407.3,407.6,407.9,408.2,408.5
1205,20197,3288,3047.0,3071.1,3095.2,3119.3,3143.4,3167.5,3191.6,3215.7,3239.8,3263.9,3312.1,3336.2,3360.3,3384.4,3408.5
1206,20198,29802,28142.0,28308.0,28474.0,28640.0,28806.0,28972.0,29138.0,29304.0,29470.0,29636.0,29968.0,30134.0,30300.0,30466.0,30632.0
1207,20199,494,713.0,691.1,669.2,647.3,625.4,603.5,581.6,559.7,537.8,515.9,472.1,450.2,428.3,406.4,384.5
1208,20200,3703,3924.0,3901.9,3879.8,3857.7,3835.6,3813.5,3791.4,3769.3,3747.2,3725.1,3680.9,3658.8,3636.7,3614.6,3592.5
1209,20201,1880,1832.0,1836.8,1841.6,1846.4,1851.2,1856.0,1860.8,1865.6,1870.4,1875.2,1884.8,1889.6,1894.4,1899.2,1904.0
1210,20202,4577,4531.0,4535.6,4540.2,4544.8,4549.4,4554.0,4558.6,4563.2,4567.8,4572.4,4581.6,4586.2,4590.8,4595.4,4600.0
1211,20203,3538,3285.0,3310.3,3335.6,3360.9,3386.2,3411.5,3436.8,3462.1,3487.4,3512.7,3563.3,3588.6,3613.9,3639.2,3664.5
1212,20204,634,715.0,706.9,698.8,690.7,682.6,674.5,666.4,658.3,650.2,642.1,625.9,617.8,609.7,601.6,593.5
1213,20205,16989,17398.0,17357.1,17316.2,17275.3,17234.4,17193.5,17152.6,17111.7,17070.8,17029.9,16948.1,16907.2,16866.3,16825.4,16784.5
1214,20206,2421,2357.0,2363.4,2369.8,2376.2,2382.6,2389.0,2395.4,2401.8,2408.2,2414.6,2427.4,2433.8,2440.2,2446.6,2453.0
1215,20207,19032,17100.0,17293.2,17486.4,17679.6,17872.8,18066.0,18259.2,18452.4,18645.6,18838.8,19225.2,19418.4,19611.6,19804.8,19998.0
1216,20208,6941,7611.0,7544.0,7477.0,7410.0,7343.0,7276.0,7209.0,7142.0,7075.0,7008.0,6874.0,6807.0,6740.0,6673.0,6606.0
1217,20209,607,711.0,700.6,690.2,679.8,669.4,659.0,648.6,638.2,627.8,617.4,596.6,586.2,575.8,565.4,555.0
1218,20210,5773,6666.0,6576.7,6487.4,6398.1,6308.8,6219.5,6130.2,6040.9,5951.6,5862.3,5683.7,5594.4,5505.1,5415.8,5326.5
1219,20211,3411,3168.0,3192.3,3216.6,3240.9,3265.2,3289.5,3313.8,3338.1,3362.4,3386.7,3435.3,3459.6,3483.9,3508.2,3532.5
1220,20212,3117,2807.0,2838.0,2869.0,2900.0,2931.0,2962.0,2993.0,3024.0,3055.0,3086.0,3148.0,3179.0,3210.0,3241.0,3272.0
1221,20213,4203,3628.0,3685.5,3743.0,3800.5,3858.0,3915.5,3973.0,4030.5,4088.0,4145.5,4260.5,4318.0,4375.5,4433.0,4490.5
1222,20214,2033,2313.0,2285.0,2257.0,2229.0,2201.0,2173.0,2145.0,2117.0,2089.0,2061.0,2005.0,1977.0,1949.0,1921.0,1893.0
1223,20215,879,764.0,775.5,787.0,798.5,810.0,821.5,833.0,844.5,856.0,867.5,890.5,902.0,913.5,925.0,936.5
1224,20216,1241,1331.0,1322.0,1313.0,1304.0,1295.0,1286.0,1277.0,1268.0,1259.0,1250.0,1232.0,1223.0,1214.0,1205.0,1196.0
1225,20217,3325,3446.0,3433.9,3421.8,3409.7,3397.6,3385.5,3373.4,3361.3,3349.2,3337.1,3312.9,3300.8,3288.7,3276.6,3264.5
1226,20218,544,607.0,600.7,594.4,588.1,581.8,575.5,569.2,562.9,556.6,550.3,537.7,531.4,525.1,518.8,512.5
1227,20219,2668,2565.0,2575.3,2585.6,2595.9,2606.2,2616.5,2626.8,2637.1,2647.4,2657.7,2678.3,2688.6,2698.9,2709.2,2719.5
1228,20220,2692,2773.0,2764.9,2756.8,2748.7,2740.6,2732.5,2724.4,2716.3,2708.2,2700.1,2683.9,2675.8,2667.7,2659.6,2651.5
1229,20221,1494,1340.0,1355.4,1370.8,1386.2,1401.6,1417.0,1432.4,1447.8,1463.2,1478.6,1509.4,1524.8,1540.2,1555.6,1571.0
1230,20222,1426,1530.0,1519.6,1509.2,1498.8,1488.4,1478.0,1467.6,1457.2,1446.8,1436.4,1415.6,1405.2,1394.8,1384.4,1374.0
1231,20223,440,452.0,450.8,449.6,448.4,447.2,446.0,444.8,443.6,442.4,441.2,438.8,437.6,436.4,435.2,434.0
1232,20224,643,684.0,679.9,675.8,671.7,667.6,663.5,659.4,655.3,651.2,647.1,638.9,634.8,630.7,626.6,622.5
1233,20225,5903,5955.0,5949.8,5944.6,5939.4,5934.2,5929.0,5923.8,5918.6,5913.4,5908.2,5897.8,5892.6,5887.4,5882.2,5877.0
1234,20226,2971,2708.0,2734.3,2760.6,2786.9,2813.2,2839.5,2865.8,2892.1,2918.4,2944.7,2997.3,3023.6,3049.9,3076.2,3102.5
1235,20227,18339,13704.0,14167.5,14631.0,15094.5,15558.0,16021.5,16485.0,16948.5,17412.0,17875.5,18802.5,19266.0,19729.5,20193.0,20656.5
1236,20228,833,771.0,777.2,783.4,789.6,795.8,802.0,808.2,814.4,820.6,826.8,839.2,845.4,851.6,857.8,864.0
1237,20229,9148,7048.0,7258.0,7468.0,7678.0,7888.0,8098.0,8308.0,8518.0,8728.0,8938.0,9358.0,9568.0,9778.0,9988.0,10198.0
1238,20230,932,1007.0,999.5,992.0,984.5,977.0,969.5,962.0,954.5,947.0,939.5,924.5,917.0,909.5,902.0,894.5
1239,20231,3187,3026.0,3042.1,3058.2,3074.3,3090.4,3106.5,3122.6,3138.7,3154.8,3170.9,3203.1,3219.2,3235.3,3251.4,3267.5
1240,20232,22185,21514.0,21581.1,21648.2,21715.3,21782.4,21849.5,21916.6,21983.7,22050.8,22117.9,22252.1,22319.2,22386.3,22453.4,22520.5
1241,20233,1720,1745.0,1742.5,1740.0,1737.5,1735.0,1732.5,1730.0,1727.5,1725.0,1722.5,1717.5,1715.0,1712.5,1710.0,1707.5
1242,20234,7163,7554.0,7514.9,7475.8,7436.7,7397.6,7358.5,7319.4,7280.3,7241.2,7202.1,7123.9,7084.8,7045.7,7006.6,6967.5
1243,20235,3829,3624.0,3644.5,3665.0,3685.5,3706.0,3726.5,3747.0,3767.5,3788.0,3808.5,3849.5,3870.0,3890.5,3911.0,3931.5
1244,20236,1372,1525.0,1509.7,1494.4,1479.1,1463.8,1448.5,1433.2,1417.9,1402.6,1387.3,1356.7,1341.4,1326.1,1310.8,1295.5
1245,20237,1568,1557.0,1558.1,1559.2,1560.3,1561.4,1562.5,1563.6,1564.7,1565.8,1566.9,1569.1,1570.2,1571.3,1572.4,1573.5
1246,20238,994,816.0,833.8,851.6,869.4,887.2,905.0,922.8,940.6,958.4,976.2,1011.8,1029.6,1047.4,1065.2,1083.0
1247,20239,1000,1077.0,1069.3,1061.6,1053.9,1046.2,1038.5,1030.8,1023.1,1015.4,1007.7,992.3,984.6,976.9,969.2,961.5
1248,20240,2749,2460.0,2488.9,2517.8,2546.7,2575.6,2604.5,2633.4,2662.3,2691.2,2720.1,2777.9,2806.8,2835.7,2864.6,2893.5
1249,20241,1034,1084.0,1079.0,1074.0,1069.0,1064.0,1059.0,1054.0,1049.0,1044.0,1039.0,1029.0,1024.0,1019.0,1014.0,1009.0
1250,20242,12436,11361.0,11468.5,11576.0,11683.5,11791.0,11898.5,12006.0,12113.5,12221.0,12328.5,12543.5,12651.0,12758.5,12866.0,12973.5
1251,20243,1975,1742.0,1765.3,1788.6,1811.9,1835.2,1858.5,1881.8,1905.1,1928.4,1951.7,1998.3,2021.6,2044.9,2068.2,2091.5
1252,20244,3934,3669.0,3695.5,3722.0,3748.5,3775.0,3801.5,3828.0,3854.5,3881.0,3907.5,3960.5,3987.0,4013.5,4040.0,4066.5
1253,20245,1324,1277.0,1281.7,1286.4,1291.1,1295.8,1300.5,1305.2,1309.9,1314.6,1319.3,1328.7,1333.4,1338.1,1342.8,1347.5
1254,20246,611,620.0,619.1,618.2,617.3,616.4,615.5,614.6,613.7,612.8,611.9,610.1,609.2,608.3,607.4,606.5
1255,20247,1619,1467.0,1482.2,1497.4,1512.6,1527.8,1543.0,1558.2,1573.4,1588.6,1603.8,1634.2,1649.4,1664.6,1679.8,1695.0
1256,20248,15571,14252.0,14383.9,14515.8,14647.7,14779.6,14911.5,15043.4,15175.3,15307.2,15439.1,15702.9,15834.8,15966.7,16098.6,16230.5
1257,20249,3831,3475.0,3510.6,3546.2,3581.8,3617.4,3653.0,3688.6,3724.2,3759.8,3795.4,3866.6,3902.2,3937.8,3973.4,4009.0
1258,20250,1239,1181.0,1186.8,1192.6,1198.4,1204.2,1210.0,1215.8,1221.6,1227.4,1233.2,1244.8,1250.6,1256.4,1262.2,1268.0
1259,20251,1217,1180.0,1183.7,1187.4,1191.1,1194.8,1198.5,1202.2,1205.9,1209.6,1213.3,1220.7,1224.4,1228.1,1231.8,1235.5
1260,20252,2384,2116.0,2142.8,2169.6,2196.4,2223.2,2250.0,2276.8,2303.6,2330.4,2357.2,2410.8,2437.6,2464.4,2491.2,2518.0
1261,20253,2021,2226.0,2205.5,2185.0,2164.5,2144.0,2123.5,2103.0,2082.5,2062.0,2041.5,2000.5,1980.0,1959.5,1939.0,1918.5
1262,20254,3207,3308.0,3297.9,3287.8,3277.7,3267.6,3257.5,3247.4,3237.3,3227.2,3217.1,3196.9,3186.8,3176.7,3166.6,3156.5
1263,20255,1977,2086.0,2075.1,2064.2,2053.3,2042.4,2031.5,2020.6,2009.7,1998.8,1987.9,1966.1,1955.2,1944.3,1933.4,1922.5
1264,20256,229,234.0,233.5,233.0,232.5,232.0,231.5,231.0,230.5,230.0,229.5,228.5,228.0,227.5,227.0,226.5
1265,20257,1052,1091.0,1087.1,1083.2,1079.3,1075.4,1071.5,1067.6,1063.7,1059.8,1055.9,1048.1,1044.2,1040.3,1036.4,1032.5
1266,20258,698,744.0,739.4,734.8,730.2,725.6,721.0,716.4,711.8,707.2,702.6,693.4,688.8,684.2,679.6,675.0
1267,20259,2142,2465.0,2432.7,2400.4,2368.1,2335.8,2303.5,2271.2,2238.9,2206.6,2174.3,2109.7,2077.4,2045.1,2012.8,1980.5
1268,20260,2191,2488.0,2458.3,2428.6,2398.9,2369.2,2339.5,2309.8,2280.1,2250.4,2220.7,2161.3,2131.6,2101.9,2072.2,2042.5
1269,20261,6932,7244.0,7212.8,7181.6,7150.4,7119.2,7088.0,7056.8,7025.6,6994.4,6963.2,6900.8,6869.6,6838.4,6807.2,6776.0
1270,20262,991,1043.0,1037.8,1032.6,1027.4,1022.2,1017.0,1011.8,1006.6,1001.4,996.2,985.8,980.6,975.4,970.2,965.0
1271,20263,3184,3483.0,3453.1,3423.2,3393.3,3363.4,3333.5,3303.6,3273.7,3243.8,3213.9,3154.1,3124.2,3094.3,3064.4,3034.5
1272,20264,2169,2274.0,2263.5,2253.0,2242.5,2232.0,2221.5,2211.0,2200.5,2190.0,2179.5,2158.5,2148.0,2137.5,2127.0,2116.5
1273,20265,6711,6608.0,6618.3,6628.6,6638.9,6649.2,6659.5,6669.8,6680.1,6690.4,6700.7,6721.3,6731.6,6741.9,6752.2,6762.5
1274,20266,8551,8481.0,8488.0,8495.0,8502.0,8509.0,8516.0,8523.0,8530.0,8537.0,8544.0,8558.0,8565.0,8572.0,8579.0,8586.0
1275,20267,245,294.0,289.1,284.2,279.3,274.4,269.5,264.6,259.7,254.8,249.9,240.1,235.2,230.3,225.4,220.5
1276,20268,1149,916.0,939.3,962.6,985.9,1009.2,1032.5,1055.8,1079.1,1102.4,1125.7,1172.3,1195.6,1218.9,1242.2,1265.5
1277,20269,4313,4127.0,4145.6,4164.2,4182.8,4201.4,4220.0,4238.6,4257.2,4275.8,4294.4,4331.6,4350.2,4368.8,4387.4,4406.0
1278,20270,1311,1399.0,1390.2,1381.4,1372.6,1363.8,1355.0,1346.2,1337.4,1328.6,1319.8,1302.2,1293.4,1284.6,1275.8,1267.0
1279,20271,3194,3245.0,3239.9,3234.8,3229.7,3224.6,3219.5,3214.4,3209.3,3204.2,3199.1,3188.9,3183.8,3178.7,3173.6,3168.5
1280,20272,6252,6161.0,6170.1,6179.2,6188.3,6197.4,6206.5,6215.6,6224.7,6233.8,6242.9,6261.1,6270.2,6279.3,6288.4,6297.5
1281,20273,3818,3497.0,3529.1,3561.2,3593.3,3625.4,3657.5,3689.6,3721.7,3753.8,3785.9,3850.1,3882.2,3914.3,3946.4,3978.5
1282,20274,1328,1296.0,1299.2,1302.4,1305.6,1308.8,1312.0,1315.2,1318.4,1321.6,1324.8,1331.2,1334.4,1337.6,1340.8,1344.0
1283,20275,7286,7293.0,7292.3,7291.6,7290.9,7290.2,7289.5,7288.8,7288.1,7287.4,7286.7,7285.3,7284.6,7283.9,7283.2,7282.5
1284,20276,691,801.0,790.0,779.0,768.0,757.0,746.0,735.0,724.0,713.0,702.0,680.0,669.0,658.0,647.0,636.0
1285,20277,12350,12525.0,12507.5,12490.0,12472.5,12455.0,12437.5,12420.0,12402.5,12385.0,12367.5,12332.5,12315.0,12297.5,12280.0,12262.5
1286,20278,38682,36564.0,36775.8,36987.6,37199.4,37411.2,37623.0,37834.8,38046.6,38258.4,38470.2,38893.8,39105.6,39317.4,39529.2,39741.0
1287,20279,2932,2911.0,2913.1,2915.2,2917.3,2919.4,2921.5,2923.6,2925.7,2927.8,2929.9,2934.1,2936.2,2938.3,2940.4,2942.5
1288,20280,2011,2394.0,2355.7,2317.4,2279.1,2240.8,2202.5,2164.2,2125.9,2087.6,2049.3,1972.7,1934.4,1896.1,1857.8,1819.5
1289,20281,305,308.0,307.7,307.4,307.1,306.8,306.5,306.2,305.9,305.6,305.3,304.7,304.4,304.1,303.8,303.5
1290,20282,653,794.0,779.9,765.8,751.7,737.6,723.5,709.4,695.3,681.2,667.1,638.9,624.8,610.7,596.6,582.5
1291,20283,1044,1042.0,1042.2,1042.4,1042.6,1042.8,1043.0,1043.2,1043.4,1043.6,1043.8,1044.2,1044.4,1044.6,1044.8,1045.0
1292,20284,3141,3160.0,3158.1,3156.2,3154.3,3152.4,3150.5,3148.6,3146.7,3144.8,3142.9,3139.1,3137.2,3135.3,3133.4,3131.5
1293,20285,3668,3386.0,3414.2,3442.4,3470.6,3498.8,3527.0,3555.2,3583.4,3611.6,3639.8,3696.2,3724.4,3752.6,3780.8,3809.0
1294,20286,3100,3220.0,3208.0,3196.0,3184.0,3172.0,3160.0,3148.0,3136.0,3124.0,3112.0,3088.0,3076.0,3064.0,3052.0,3040.0
1295,20287,307,346.0,342.1,338.2,334.3,330.4,326.5,322.6,318.7,314.8,310.9,303.1,299.2,295.3,291.4,287.5
1296,20288,585,611.0,608.4,605.8,603.2,600.6,598.0,595.4,592.8,590.2,587.6,582.4,579.8,577.2,574.6,572.0
1297,20289,1214,1143.0,1150.1,1157.2,1164.3,1171.4,1178.5,1185.6,1192.7,1199.8,1206.9,1221.1,1228.2,1235.3,1242.4,1249.5
1298,20290,1043,1012.0,1015.1,1018.2,1021.3,1024.4,1027.5,1030.6,1033.7,1036.8,1039.9,1046.1,1049.2,1052.3,1055.4,1058.5
1299,20291,4308,4167.0,4181.1,4195.2,4209.3,4223.4,4237.5,4251.6,4265.7,4279.8,4293.9,4322.1,4336.2,4350.3,4364.4,4378.5
1300,20292,1510,1388.0,1400.2,1412.4,1424.6,1436.8,1449.0,1461.2,1473.4,1485.6,1497.8,1522.2,1534.4,1546.6,1558.8,1571.0
1301,20293,17116,15535.0,15693.1,15851.2,16009.3,16167.4,16325.5,16483.6,16641.7,16799.8,16957.9,17274.1,17432.2,17590.3,17748.4,17906.5
1302,20294,7035,6307.0,6379.8,6452.6,6525.4,6598.2,6671.0,6743.8,6816.6,6889.4,6962.2,7107.8,7180.6,7253.4,7326.2,7399.0
1303,20295,10020,9025.0,9124.5,9224.0,9323.5,9423.0,9522.5,9622.0,9721.5,9821.0,9920.5,10119.5,10219.0,10318.5,10418.0,10517.5
1304,20296,955,929.0,931.6,934.2,936.8,939.4,942.0,944.6,947.2,949.8,952.4,957.6,960.2,962.8,965.4,968.0
1305,20297,2751,2150.0,2210.1,2270.2,2330.3,2390.4,2450.5,2510.6,2570.7,2630.8,2690.9,2811.1,2871.2,2931.3,2991.4,3051.5
1306,20298,13587,11825.0,12001.2,12177.4,12353.6,12529.8,12706.0,12882.2,13058.4,13234.6,13410.8,13763.2,13939.4,14115.6,14291.8,14468.0
1307,20299,1125,1108.0,1109.7,1111.4,1113.1,1114.8,1116.5,1118.2,1119.9,1121.6,1123.3,1126.7,1128.4,1130.1,1131.8,1133.5
1308,20300,6632,6468.0,6484.4,6500.8,6517.2,6533.6,6550.0,6566.4,6582.8,6599.2,6615.6,6648.4,6664.8,6681.2,6697.6,6714.0
1309,20301,1594,1544.0,1549.0,1554.0,1559.0,1564.0,1569.0,1574.0,1579.0,1584.0,1589.0,1599.0,1604.0,1609.0,1614.0,1619.0
1310,20302,4559,4136.0,4178.3,4220.6,4262.9,4305.2,4347.5,4389.8,4432.1,4474.4,4516.7,4601.3,4643.6,4685.9,4728.2,4770.5
1311,20303,1081,1172.0,1162.9,1153.8,1144.7,1135.6,1126.5,1117.4,1108.3,1099.2,1090.1,1071.9,1062.8,1053.7,1044.6,1035.5
1312,20304,716,851.0,837.5,824.0,810.5,797.0,783.5,770.0,756.5,743.0,729.5,702.5,689.0,675.5,662.0,648.5
1313,20305,4333,3944.0,3982.9,4021.8,4060.7,4099.6,4138.5,4177.4,4216.3,4255.2,4294.1,4371.9,4410.8,4449.7,4488.6,4527.5
1314,20306,4654,3903.0,3978.1,4053.2,4128.3,4203.4,4278.5,4353.6,4428.7,4503.8,4578.9,4729.1,4804.2,4879.3,4954.4,5029.5
1315,20307,9735,9594.0,9608.1,9622.2,9636.3,9650.4,9664.5,9678.6,9692.7,9706.8,9720.9,9749.1,9763.2,9777.3,9791.4,9805.5
1316,20308,3307,2839.0,2885.8,2932.6,2979.4,3026.2,3073.0,3119.8,3166.6,3213.4,3260.2,3353.8,3400.6,3447.4,3494.2,3541.0
1317,20309,10368,10371.0,10370.7,10370.4,10370.1,10369.8,10369.5,10369.2,10368.9,10368.6,10368.3,10367.7,10367.4,10367.1,10366.8,10366.5
1318,20310,14552,6822.0,7595.0,8368.0,9141.0,9914.0,10687.0,11460.0,12233.0,13006.0,13779.0,15325.0,16098.0,16871.0,17644.0,18417.0
1319,20311,483,458.0,460.5,463.0,465.5,468.0,470.5,473.0,475.5,478.0,480.5,485.5,488.0,490.5,493.0,495.5
1320,20312,11279,11555.0,11527.4,11499.8,11472.2,11444.6,11417.0,11389.4,11361.8,11334.2,11306.6,11251.4,11223.8,11196.2,11168.6,11141.0
1321,20313,730,834.0,823.6,813.2,802.8,792.4,782.0,771.6,761.2,750.8,740.4,719.6,709.2,698.8,688.4,678.0
1322,20314,1755,1693.0,1699.2,1705.4,1711.6,1717.8,1724.0,1730.2,1736.4,1742.6,1748.8,1761.2,1767.4,1773.6,1779.8,1786.0
1323,20315,1899,1711.0,1729.8,1748.6,1767.4,1786.2,1805.0,1823.8,1842.6,1861.4,1880.2,1917.8,1936.6,1955.4,1974.2,1993.0
1324,20316,738,753.0,751.5,750.0,748.5,747.0,745.5,744.0,742.5,741.0,739.5,736.5,735.0,733.5,732.0,730.5
1325,20317,1257,1405.0,1390.2,1375.4,1360.6,1345.8,1331.0,1316.2,1301.4,1286.6,1271.8,1242.2,1227.4,1212.6,1197.8,1183.0
1326,20318,49780,42860.0,43552.0,44244.0,44936.0,45628.0,46320.0,47012.0,47704.0,48396.0,49088.0,50472.0,51164.0,51856.0,52548.0,53240.0
1327,20319,972,1099.0,1086.3,1073.6,1060.9,1048.2,1035.5,1022.8,1010.1,997.4,984.7,959.3,946.6,933.9,921.2,908.5
1328,20320,706,723.0,721.3,719.6,717.9,716.2,714.5,712.8,711.1,709.4,707.7,704.3,702.6,700.9,699.2,697.5
1329,20321,751,840.0,831.1,822.2,813.3,804.4,795.5,786.6,777.7,768.8,759.9,742.1,733.2,724.3,715.4,706.5
1330,20322,786,884.0,874.2,864.4,854.6,844.8,835.0,825.2,815.4,805.6,795.8,776.2,766.4,756.6,746.8,737.0
1331,20323,2404,2135.0,2161.9,2188.8,2215.7,2242.6,2269.5,2296.4,2323.3,2350.2,2377.1,2430.9,2457.8,2484.7,2511.6,2538.5
1332,20324,48204,43860.0,44294.4,44728.8,45163.2,45597.6,46032.0,46466.4,46900.8,47335.2,47769.6,48638.4,49072.8,49507.2,49941.6,50376.0
1333,20325,11930,10491.0,10634.9,10778.8,10922.7,11066.6,11210.5,11354.4,11498.3,11642.2,11786.1,12073.9,12217.8,12361.7,12505.6,12649.5
1334,20326,5052,4957.0,4966.5,4976.0,4985.5,4995.0,5004.5,5014.0,5023.5,5033.0,5042.5,5061.5,5071.0,5080.5,5090.0,5099.5
1335,20327,15479,13992.0,14140.7,14289.4,14438.1,14586.8,14735.5,14884.2,15032.9,15181.6,15330.3,15627.7,15776.4,15925.1,16073.8,16222.5
1336,20328,1441,1173.0,1199.8,1226.6,1253.4,1280.2,1307.0,1333.8,1360.6,1387.4,1414.2,1467.8,1494.6,1521.4,1548.2,1575.0
1337,20329,1153,1320.0,1303.3,1286.6,1269.9,1253.2,1236.5,1219.8,1203.1,1186.4,1169.7,1136.3,1119.6,1102.9,1086.2,1069.5
1338,20330,4296,4277.0,4278.9,4280.8,4282.7,4284.6,4286.5,4288.4,4290.3,4292.2,4294.1,4297.9,4299.8,4301.7,4303.6,4305.5
1339,20331,982,894.0,902.8,911.6,920.4,929.2,938.0,946.8,955.6,964.4,973.2,990.8,999.6,1008.4,1017.2,1026.0
1340,20332,373,406.0,402.7,399.4,396.1,392.8,389.5,386.2,382.9,379.6,376.3,369.7,366.4,363.1,359.8,356.5
1341,20333,3294,2603.0,2672.1,2741.2,2810.3,2879.4,2948.5,3017.6,3086.7,3155.8,3224.9,3363.1,3432.2,3501.3,3570.4,3639.5
1342,20334,50541,43913.0,44575.8,45238.6,45901.4,46564.2,47227.0,47889.8,48552.6,49215.4,49878.2,51203.8,51866.6,52529.4,53192.2,53855.0
1343,20335,867,1002.0,988.5,975.0,961.5,948.0,934.5,921.0,907.5,894.0,880.5,853.5,840.0,826.5,813.0,799.5
1344,20336,1697,2267.0,2210.0,2153.0,2096.0,2039.0,1982.0,1925.0,1868.0,1811.0,1754.0,1640.0,1583.0,1526.0,1469.0,1412.0
1345,20337,5616,5602.0,5603.4,5604.8,5606.2,5607.6,5609.0,5610.4,5611.8,5613.2,5614.6,5617.4,5618.8,5620.2,5621.6,5623.0
1346,20338,10361,9280.0,9388.1,9496.2,9604.3,9712.4,9820.5,9928.6,10036.7,10144.8,10252.9,10469.1,10577.2,10685.3,10793.4,10901.5
1347,20339,4353,3989.0,4025.4,4061.8,4098.2,4134.6,4171.0,4207.4,4243.8,4280.2,4316.6,4389.4,4425.8,4462.2,4498.6,4535.0
1348,20340,1747,1878.0,1864.9,1851.8,1838.7,1825.6,1812.5,1799.4,1786.3,1773.2,1760.1,1733.9,1720.8,1707.7,1694.6,1681.5
1349,20341,241,232.0,232.9,233.8,234.7,235.6,236.5,237.4,238.3,239.2,240.1,241.9,242.8,243.7,244.6,245.5
1350,20342,4105,2079.0,2281.6,2484.2,2686.8,2889.4,3092.0,3294.6,3497.2,3699.8,3902.3999999999996,4307.6,4510.2,4712.8,4915.4,5118.0
1351,20343,1999,1849.0,1864.0,1879.0,1894.0,1909.0,1924.0,1939.0,1954.0,1969.0,1984.0,2014.0,2029.0,2044.0,2059.0,2074.0
1352,20344,2809,2613.0,2632.6,2652.2,2671.8,2691.4,2711.0,2730.6,2750.2,2769.8,2789.4,2828.6,2848.2,2867.8,2887.4,2907.0
1353,20345,4188,3968.0,3990.0,4012.0,4034.0,4056.0,4078.0,4100.0,4122.0,4144.0,4166.0,4210.0,4232.0,4254.0,4276.0,4298.0
1354,20346,1542,1449.0,1458.3,1467.6,1476.9,1486.2,1495.5,1504.8,1514.1,1523.4,1532.7,1551.3,1560.6,1569.9,1579.2,1588.5
1355,20347,4202,3664.0,3717.8,3771.6,3825.4,3879.2,3933.0,3986.8,4040.6,4094.4,4148.2,4255.8,4309.6,4363.4,4417.2,4471.0
1356,20348,8192,8246.0,8240.6,8235.2,8229.8,8224.4,8219.0,8213.6,8208.2,8202.8,8197.4,8186.6,8181.2,8175.8,8170.4,8165.0
1357,20349,2189,1976.0,1997.3,2018.6,2039.9,2061.2,2082.5,2103.8,2125.1,2146.4,2167.7,2210.3,2231.6,2252.9,2274.2,2295.5
1358,20350,16878,16241.0,16304.7,16368.4,16432.1,16495.8,16559.5,16623.2,16686.9,16750.6,16814.3,16941.7,17005.4,17069.1,17132.8,17196.5
1359,20351,2802,2623.0,2640.9,2658.8,2676.7,2694.6,2712.5,2730.4,2748.3,2766.2,2784.1,2819.9,2837.8,2855.7,2873.6,2891.5
1360,20352,4940,3833.0,3943.7,4054.4,4165.1,4275.8,4386.5,4497.2,4607.9,4718.6,4829.3,5050.7,5161.4,5272.1,5382.8,5493.5
1361,20353,2406,1978.0,2020.8,2063.6,2106.4,2149.2,2192.0,2234.8,2277.6,2320.4,2363.2,2448.8,2491.6,2534.4,2577.2,2620.0
1362,20354,477,510.0,506.7,503.4,500.1,496.8,493.5,490.2,486.9,483.6,480.3,473.7,470.4,467.1,463.8,460.5
1363,20355,681,738.0,732.3,726.6,720.9,715.2,709.5,703.8,698.1,692.4,686.7,675.3,669.6,663.9,658.2,652.5
1364,20356,2179,1993.0,2011.6,2030.2,2048.8,2067.4,2086.0,2104.6,2123.2,2141.8,2160.4,2197.6,2216.2,2234.8,2253.4,2272.0
1365,20357,848,908.0,902.0,896.0,890.0,884.0,878.0,872.0,866.0,860.0,854.0,842.0,836.0,830.0,824.0,818.0
1366,20358,1958,1854.0,1864.4,1874.8,1885.2,1895.6,1906.0,1916.4,1926.8,1937.2,1947.6,1968.4,1978.8,1989.2,1999.6,2010.0
1367,20359,637,809.0,791.8,774.6,757.4,740.2,723.0,705.8,688.6,671.4,654.2,619.8,602.6,585.4,568.2,551.0
1368,20360,3981,3592.0,3630.9,3669.8,3708.7,3747.6,3786.5,3825.4,3864.3,3903.2,3942.1,4019.9,4058.8,4097.7,4136.6,4175.5
1369,20361,825,922.0,912.3,902.6,892.9,883.2,873.5,863.8,854.1,844.4,834.7,815.3,805.6,795.9,786.2,776.5
1370,20362,1495,1496.0,1495.9,1495.8,1495.7,1495.6,1495.5,1495.4,1495.3,1495.2,1495.1,1494.9,1494.8,1494.7,1494.6,1494.5
1371,20363,2675,2633.0,2637.2,2641.4,2645.6,2649.8,2654.0,2658.2,2662.4,2666.6,2670.8,2679.2,2683.4,2687.6,2691.8,2696.0
1372,20364,18654,14710.0,15104.4,15498.8,15893.2,16287.6,16682.0,17076.4,17470.8,17865.2,18259.6,19048.4,19442.8,19837.2,20231.6,20626.0
1373,20365,1059,1307.0,1282.2,1257.4,1232.6,1207.8,1183.0,1158.2,1133.4,1108.6,1083.8,1034.2,1009.4,984.6,959.8,935.0
1374,20366,3676,3986.0,3955.0,3924.0,3893.0,3862.0,3831.0,3800.0,3769.0,3738.0,3707.0,3645.0,3614.0,3583.0,3552.0,3521.0
1375,20367,4582,4543.0,4546.9,4550.8,4554.7,4558.6,4562.5,4566.4,4570.3,4574.2,4578.1,4585.9,4589.8,4593.7,4597.6,4601.5
1376,20368,2067,1816.0,1841.1,1866.2,1891.3,1916.4,1941.5,1966.6,1991.7,2016.8,2041.9,2092.1,2117.2,2142.3,2167.4,2192.5
1377,20369,2193,1847.0,1881.6,1916.2,1950.8,1985.4,2020.0,2054.6,2089.2,2123.8,2158.4,2227.6,2262.2,2296.8,2331.4,2366.0
1378,20370,662,679.0,677.3,675.6,673.9,672.2,670.5,668.8,667.1,665.4,663.7,660.3,658.6,656.9,655.2,653.5
1379,20371,986,954.0,957.2,960.4,963.6,966.8,970.0,973.2,976.4,979.6,982.8,989.2,992.4,995.6,998.8,1002.0
1380,20372,1316,1886.0,1829.0,1772.0,1715.0,1658.0,1601.0,1544.0,1487.0,1430.0,1373.0,1259.0,1202.0,1145.0,1088.0,1031.0
1381,20373,403,448.0,443.5,439.0,434.5,430.0,425.5,421.0,416.5,412.0,407.5,398.5,394.0,389.5,385.0,380.5
1382,20374,1645,1470.0,1487.5,1505.0,1522.5,1540.0,1557.5,1575.0,1592.5,1610.0,1627.5,1662.5,1680.0,1697.5,1715.0,1732.5
1383,20375,13200,10120.0,10428.0,10736.0,11044.0,11352.0,11660.0,11968.0,12276.0,12584.0,12892.0,13508.0,13816.0,14124.0,14432.0,14740.0
1384,20376,365,364.0,364.1,364.2,364.3,364.4,364.5,364.6,364.7,364.8,364.9,365.1,365.2,365.3,365.4,365.5
1385,20377,10860,10975.0,10963.5,10952.0,10940.5,10929.0,10917.5,10906.0,10894.5,10883.0,10871.5,10848.5,10837.0,10825.5,10814.0,10802.5
1386,20378,3720,3615.0,3625.5,3636.0,3646.5,3657.0,3667.5,3678.0,3688.5,3699.0,3709.5,3730.5,3741.0,3751.5,3762.0,3772.5
1387,20379,2951,2958.0,2957.3,2956.6,2955.9,2955.2,2954.5,2953.8,2953.1,2952.4,2951.7,2950.3,2949.6,2948.9,2948.2,2947.5
1388,20380,2242,1972.0,1999.0,2026.0,2053.0,2080.0,2107.0,2134.0,2161.0,2188.0,2215.0,2269.0,2296.0,2323.0,2350.0,2377.0
1389,20381,2940,2606.0,2639.4,2672.8,2706.2,2739.6,2773.0,2806.4,2839.8,2873.2,2906.6,2973.4,3006.8,3040.2,3073.6,3107.0
1390,20382,1182,1170.0,1171.2,1172.4,1173.6,1174.8,1176.0,1177.2,1178.4,1179.6,1180.8,1183.2,1184.4,1185.6,1186.8,1188.0
1391,20383,595,608.0,606.7,605.4,604.1,602.8,601.5,600.2,598.9,597.6,596.3,593.7,592.4,591.1,589.8,588.5
1392,20384,4794,4514.0,4542.0,4570.0,4598.0,4626.0,4654.0,4682.0,4710.0,4738.0,4766.0,4822.0,4850.0,4878.0,4906.0,4934.0
1393,20385,100402,77833.0,80089.9,82346.8,84603.7,86860.6,89117.5,91374.4,93631.3,95888.2,98145.1,102658.9,104915.8,107172.7,109429.6,111686.5
1394,20386,19079,17897.0,18015.2,18133.4,18251.6,18369.8,18488.0,18606.2,18724.4,18842.6,18960.8,19197.2,19315.4,19433.6,19551.8,19670.0
1395,20387,2891,2858.0,2861.3,2864.6,2867.9,2871.2,2874.5,2877.8,2881.1,2884.4,2887.7,2894.3,2897.6,2900.9,2904.2,2907.5
1396,20388,2809,2535.0,2562.4,2589.8,2617.2,2644.6,2672.0,2699.4,2726.8,2754.2,2781.6,2836.4,2863.8,2891.2,2918.6,2946.0
1397,20389,908,921.0,919.7,918.4,917.1,915.8,914.5,913.2,911.9,910.6,909.3,906.7,905.4,904.1,902.8,901.5
1398,20390,50362,47356.0,47656.6,47957.2,48257.8,48558.4,48859.0,49159.6,49460.2,49760.8,50061.4,50662.6,50963.2,51263.8,51564.4,51865.0
1399,20391,3375,3356.0,3357.9,3359.8,3361.7,3363.6,3365.5,3367.4,3369.3,3371.2,3373.1,3376.9,3378.8,3380.7,3382.6,3384.5
1400,20392,6726,6678.0,6682.8,6687.6,6692.4,6697.2,6702.0,6706.8,6711.6,6716.4,6721.2,6730.8,6735.6,6740.4,6745.2,6750.0
1401,20393,4173,3604.0,3660.9,3717.8,3774.7,3831.6,3888.5,3945.4,4002.3,4059.2,4116.1,4229.9,4286.8,4343.7,4400.6,4457.5
1402,20394,2796,2778.0,2779.8,2781.6,2783.4,2785.2,2787.0,2788.8,2790.6,2792.4,2794.2,2797.8,2799.6,2801.4,2803.2,2805.0
1403,20395,1629,1898.0,1871.1,1844.2,1817.3,1790.4,1763.5,1736.6,1709.7,1682.8,1655.9,1602.1,1575.2,1548.3,1521.4,1494.5
1404,20396,3259,3252.0,3252.7,3253.4,3254.1,3254.8,3255.5,3256.2,3256.9,3257.6,3258.3,3259.7,3260.4,3261.1,3261.8,3262.5
1405,20397,40123,38453.0,38620.0,38787.0,38954.0,39121.0,39288.0,39455.0,39622.0,39789.0,39956.0,40290.0,40457.0,40624.0,40791.0,40958.0
1406,20398,4874,4406.0,4452.8,4499.6,4546.4,4593.2,4640.0,4686.8,4733.6,4780.4,4827.2,4920.8,4967.6,5014.4,5061.2,5108.0
1407,20399,41921,27465.0,28910.6,30356.2,31801.8,33247.4,34693.0,36138.6,37584.2,39029.8,40475.4,43366.6,44812.2,46257.8,47703.4,49149.0
1408,20400,1713,1632.0,1640.1,1648.2,1656.3,1664.4,1672.5,1680.6,1688.7,1696.8,1704.9,1721.1,1729.2,1737.3,1745.4,1753.5
1409,20401,27046,22562.0,23010.4,23458.8,23907.2,24355.6,24804.0,25252.4,25700.8,26149.2,26597.6,27494.4,27942.8,28391.2,28839.6,29288.0
1410,20402,1067,1083.0,1081.4,1079.8,1078.2,1076.6,1075.0,1073.4,1071.8,1070.2,1068.6,1065.4,1063.8,1062.2,1060.6,1059.0
1411,20403,3751,2772.0,2869.9,2967.8,3065.7,3163.6,3261.5,3359.4,3457.3,3555.2,3653.1,3848.9,3946.8,4044.7,4142.6,4240.5
1412,20404,761,766.0,765.5,765.0,764.5,764.0,763.5,763.0,762.5,762.0,761.5,760.5,760.0,759.5,759.0,758.5
1413,20405,1815,1932.0,1920.3,1908.6,1896.9,1885.2,1873.5,1861.8,1850.1,1838.4,1826.7,1803.3,1791.6,1779.9,1768.2,1756.5
1414,20406,21469,20584.0,20672.5,20761.0,20849.5,20938.0,21026.5,21115.0,21203.5,21292.0,21380.5,21557.5,21646.0,21734.5,21823.0,21911.5
1415,20407,9578,8506.0,8613.2,8720.4,8827.6,8934.8,9042.0,9149.2,9256.4,9363.6,9470.8,9685.2,9792.4,9899.6,10006.8,10114.0
1416,20408,499,480.0,481.9,483.8,485.7,487.6,489.5,491.4,493.3,495.2,497.1,500.9,502.8,504.7,506.6,508.5
1417,20409,8939,8165.0,8242.4,8319.8,8397.2,8474.6,8552.0,8629.4,8706.8,8784.2,8861.6,9016.4,9093.8,9171.2,9248.6,9326.0
1418,20410,3418,3461.0,3456.7,3452.4,3448.1,3443.8,3439.5,3435.2,3430.9,3426.6,3422.3,3413.7,3409.4,3405.1,3400.8,3396.5
1419,20411,908,816.0,825.2,834.4,843.6,852.8,862.0,871.2,880.4,889.6,898.8,917.2,926.4,935.6,944.8,954.0
1420,20412,3178,3286.0,3275.2,3264.4,3253.6,3242.8,3232.0,3221.2,3210.4,3199.6,3188.8,3167.2,3156.4,3145.6,3134.8,3124.0
1421,20413,50862,38629.0,39852.3,41075.6,42298.9,43522.2,44745.5,45968.8,47192.1,48415.4,49638.7,52085.3,53308.6,54531.9,55755.2,56978.5
1422,20414,11995,10794.0,10914.1,11034.2,11154.3,11274.4,11394.5,11514.6,11634.7,11754.8,11874.9,12115.1,12235.2,12355.3,12475.4,12595.5
1423,20415,4878,4888.0,4887.0,4886.0,4885.0,4884.0,4883.0,4882.0,4881.0,4880.0,4879.0,4877.0,4876.0,4875.0,4874.0,4873.0
1424,20416,461,516.0,510.5,505.0,499.5,494.0,488.5,483.0,477.5,472.0,466.5,455.5,450.0,444.5,439.0,433.5
1425,20417,9682,9240.0,9284.2,9328.4,9372.6,9416.8,9461.0,9505.2,9549.4,9593.6,9637.8,9726.2,9770.4,9814.6,9858.8,9903.0
1426,20418,11735,11888.0,11872.7,11857.4,11842.1,11826.8,11811.5,11796.2,11780.9,11765.6,11750.3,11719.7,11704.4,11689.1,11673.8,11658.5
1427,20419,592,575.0,576.7,578.4,580.1,581.8,583.5,585.2,586.9,588.6,590.3,593.7,595.4,597.1,598.8,600.5
1428,20420,1679,1680.0,1679.9,1679.8,1679.7,1679.6,1679.5,1679.4,1679.3,1679.2,1679.1,1678.9,1678.8,1678.7,1678.6,1678.5
1429,20421,4690,4442.0,4466.8,4491.6,4516.4,4541.2,4566.0,4590.8,4615.6,4640.4,4665.2,4714.8,4739.6,4764.4,4789.2,4814.0
1430,20422,603,681.0,673.2,665.4,657.6,649.8,642.0,634.2,626.4,618.6,610.8,595.2,587.4,579.6,571.8,564.0
1431,20423,453,550.0,540.3,530.6,520.9,511.2,501.5,491.8,482.1,472.4,462.7,443.3,433.6,423.9,414.2,404.5
1432,20424,3793,3992.0,3972.1,3952.2,3932.3,3912.4,3892.5,3872.6,3852.7,3832.8,3812.9,3773.1,3753.2,3733.3,3713.4,3693.5
1433,20425,2058,2209.0,2193.9,2178.8,2163.7,2148.6,2133.5,2118.4,2103.3,2088.2,2073.1,2042.9,2027.8,2012.7,1997.6,1982.5
1434,20426,8967,7865.0,7975.2,8085.4,8195.6,8305.8,8416.0,8526.2,8636.4,8746.6,8856.8,9077.2,9187.4,9297.6,9407.8,9518.0
1435,20427,16706,15387.0,15518.9,15650.8,15782.7,15914.6,16046.5,16178.4,16310.3,16442.2,16574.1,16837.9,16969.8,17101.7,17233.6,17365.5
1436,20428,2224,1770.0,1815.4,1860.8,1906.2,1951.6,1997.0,2042.4,2087.8,2133.2,2178.6,2269.4,2314.8,2360.2,2405.6,2451.0
1437,20429,1516,1524.0,1523.2,1522.4,1521.6,1520.8,1520.0,1519.2,1518.4,1517.6,1516.8,1515.2,1514.4,1513.6,1512.8,1512.0
1438,20430,317,253.0,259.4,265.8,272.2,278.6,285.0,291.4,297.8,304.2,310.6,323.4,329.8,336.2,342.6,349.0
1439,20431,1830,1774.0,1779.6,1785.2,1790.8,1796.4,1802.0,1807.6,1813.2,1818.8,1824.4,1835.6,1841.2,1846.8,1852.4,1858.0
1440,20432,903,968.0,961.5,955.0,948.5,942.0,935.5,929.0,922.5,916.0,909.5,896.5,890.0,883.5,877.0,870.5
1441,20433,2694,2595.0,2604.9,2614.8,2624.7,2634.6,2644.5,2654.4,2664.3,2674.2,2684.1,2703.9,2713.8,2723.7,2733.6,2743.5
1442,20434,3985,4651.0,4584.4,4517.8,4451.2,4384.6,4318.0,4251.4,4184.8,4118.2,4051.6,3918.4,3851.8,3785.2,3718.6,3652.0
1443,20435,3576,3505.0,3512.1,3519.2,3526.3,3533.4,3540.5,3547.6,3554.7,3561.8,3568.9,3583.1,3590.2,3597.3,3604.4,3611.5
1444,20436,896,1113.0,1091.3,1069.6,1047.9,1026.2,1004.5,982.8,961.1,939.4,917.7,874.3,852.6,830.9,809.2,787.5
1445,20437,9653,9663.0,9662.0,9661.0,9660.0,9659.0,9658.0,9657.0,9656.0,9655.0,9654.0,9652.0,9651.0,9650.0,9649.0,9648.0
1446,20438,1839,1754.0,1762.5,1771.0,1779.5,1788.0,1796.5,1805.0,1813.5,1822.0,1830.5,1847.5,1856.0,1864.5,1873.0,1881.5
1447,20439,25347,24318.0,24420.9,24523.8,24626.7,24729.6,24832.5,24935.4,25038.3,25141.2,25244.1,25449.9,25552.8,25655.7,25758.6,25861.5
1448,20440,812,896.0,887.6,879.2,870.8,862.4,854.0,845.6,837.2,828.8,820.4,803.6,795.2,786.8,778.4,770.0
1449,20441,9234,7781.0,7926.3,8071.6,8216.9,8362.2,8507.5,8652.8,8798.1,8943.4,9088.7,9379.3,9524.6,9669.9,9815.2,9960.5
1450,20442,250,354.0,343.6,333.2,322.8,312.4,302.0,291.6,281.2,270.8,260.4,239.6,229.2,218.8,208.4,198.0
1451,20443,434,448.0,446.6,445.2,443.8,442.4,441.0,439.6,438.2,436.8,435.4,432.6,431.2,429.8,428.4,427.0
1452,20444,481,461.0,463.0,465.0,467.0,469.0,471.0,473.0,475.0,477.0,479.0,483.0,485.0,487.0,489.0,491.0
1453,20445,1699,1642.0,1647.7,1653.4,1659.1,1664.8,1670.5,1676.2,1681.9,1687.6,1693.3,1704.7,1710.4,1716.1,1721.8,1727.5
1454,20446,6008,6551.0,6496.7,6442.4,6388.1,6333.8,6279.5,6225.2,6170.9,6116.6,6062.3,5953.7,5899.4,5845.1,5790.8,5736.5
1455,20447,17100,15076.0,15278.4,15480.8,15683.2,15885.6,16088.0,16290.4,16492.8,16695.2,16897.6,17302.4,17504.8,17707.2,17909.6,18112.0
1456,20448,2469,2009.0,2055.0,2101.0,2147.0,2193.0,2239.0,2285.0,2331.0,2377.0,2423.0,2515.0,2561.0,2607.0,2653.0,2699.0
1457,20449,3294,3359.0,3352.5,3346.0,3339.5,3333.0,3326.5,3320.0,3313.5,3307.0,3300.5,3287.5,3281.0,3274.5,3268.0,3261.5
1458,20450,13855,12313.0,12467.2,12621.4,12775.6,12929.8,13084.0,13238.2,13392.4,13546.6,13700.8,14009.2,14163.4,14317.6,14471.8,14626.0
1459,20451,1019,1053.0,1049.6,1046.2,1042.8,1039.4,1036.0,1032.6,1029.2,1025.8,1022.4,1015.6,1012.2,1008.8,1005.4,1002.0
1460,20452,4421,4220.0,4240.1,4260.2,4280.3,4300.4,4320.5,4340.6,4360.7,4380.8,4400.9,4441.1,4461.2,4481.3,4501.4,4521.5
1461,20453,3918,3915.0,3915.3,3915.6,3915.9,3916.2,3916.5,3916.8,3917.1,3917.4,3917.7,3918.3,3918.6,3918.9,3919.2,3919.5
1462,20454,3556,3180.0,3217.6,3255.2,3292.8,3330.4,3368.0,3405.6,3443.2,3480.8,3518.4,3593.6,3631.2,3668.8,3706.4,3744.0
1463,20455,2904,2748.0,2763.6,2779.2,2794.8,2810.4,2826.0,2841.6,2857.2,2872.8,2888.4,2919.6,2935.2,2950.8,2966.4,2982.0
1464,20456,1667,1686.0,1684.1,1682.2,1680.3,1678.4,1676.5,1674.6,1672.7,1670.8,1668.9,1665.1,1663.2,1661.3,1659.4,1657.5
1465,20457,3346,3395.0,3390.1,3385.2,3380.3,3375.4,3370.5,3365.6,3360.7,3355.8,3350.9,3341.1,3336.2,3331.3,3326.4,3321.5
1466,20458,1157,1115.0,1119.2,1123.4,1127.6,1131.8,1136.0,1140.2,1144.4,1148.6,1152.8,1161.2,1165.4,1169.6,1173.8,1178.0
1467,20459,4877,4479.0,4518.8,4558.6,4598.4,4638.2,4678.0,4717.8,4757.6,4797.4,4837.2,4916.8,4956.6,4996.4,5036.2,5076.0
1468,20460,5242,5413.0,5395.9,5378.8,5361.7,5344.6,5327.5,5310.4,5293.3,5276.2,5259.1,5224.9,5207.8,5190.7,5173.6,5156.5
1469,20461,527,614.0,605.3,596.6,587.9,579.2,570.5,561.8,553.1,544.4,535.7,518.3,509.6,500.9,492.2,483.5
1470,20462,4600,4350.0,4375.0,4400.0,4425.0,4450.0,4475.0,4500.0,4525.0,4550.0,4575.0,4625.0,4650.0,4675.0,4700.0,4725.0
1471,20463,525,663.0,649.2,635.4,621.6,607.8,594.0,580.2,566.4,552.6,538.8,511.2,497.4,483.6,469.8,456.0
1472,20464,341,480.0,466.1,452.2,438.3,424.4,410.5,396.6,382.7,368.8,354.9,327.1,313.2,299.3,285.4,271.5
1473,20465,1636,1568.0,1574.8,1581.6,1588.4,1595.2,1602.0,1608.8,1615.6,1622.4,1629.2,1642.8,1649.6,1656.4,1663.2,1670.0
1474,20466,13880,11917.0,12113.3,12309.6,12505.9,12702.2,12898.5,13094.8,13291.1,13487.4,13683.7,14076.3,14272.6,14468.9,14665.2,14861.5
1475,20467,19112,18383.0,18455.9,18528.8,18601.7,18674.6,18747.5,18820.4,18893.3,18966.2,19039.1,19184.9,19257.8,19330.7,19403.6,19476.5
1476,20468,14198,13568.0,13631.0,13694.0,13757.0,13820.0,13883.0,13946.0,14009.0,14072.0,14135.0,14261.0,14324.0,14387.0,14450.0,14513.0
1477,20469,34735,32927.0,33107.8,33288.6,33469.4,33650.2,33831.0,34011.8,34192.6,34373.4,34554.2,34915.8,35096.6,35277.4,35458.2,35639.0
1478,20470,4394,4693.0,4663.1,4633.2,4603.3,4573.4,4543.5,4513.6,4483.7,4453.8,4423.9,4364.1,4334.2,4304.3,4274.4,4244.5
1479,20471,431,496.0,489.5,483.0,476.5,470.0,463.5,457.0,450.5,444.0,437.5,424.5,418.0,411.5,405.0,398.5
1480,20472,3361,3198.0,3214.3,3230.6,3246.9,3263.2,3279.5,3295.8,3312.1,3328.4,3344.7,3377.3,3393.6,3409.9,3426.2,3442.5
1481,20473,1291,1394.0,1383.7,1373.4,1363.1,1352.8,1342.5,1332.2,1321.9,1311.6,1301.3,1280.7,1270.4,1260.1,1249.8,1239.5
1482,20474,3440,3260.0,3278.0,3296.0,3314.0,3332.0,3350.0,3368.0,3386.0,3404.0,3422.0,3458.0,3476.0,3494.0,3512.0,3530.0
1483,20475,10175,9653.0,9705.2,9757.4,9809.6,9861.8,9914.0,9966.2,10018.4,10070.6,10122.8,10227.2,10279.4,10331.6,10383.8,10436.0
1484,20476,421,409.0,410.2,411.4,412.6,413.8,415.0,416.2,417.4,418.6,419.8,422.2,423.4,424.6,425.8,427.0
1485,20477,1327,1430.0,1419.7,1409.4,1399.1,1388.8,1378.5,1368.2,1357.9,1347.6,1337.3,1316.7,1306.4,1296.1,1285.8,1275.5
1486,20478,1599,1913.0,1881.6,1850.2,1818.8,1787.4,1756.0,1724.6,1693.2,1661.8,1630.4,1567.6,1536.2,1504.8,1473.4,1442.0
1487,20479,174,219.0,214.5,210.0,205.5,201.0,196.5,192.0,187.5,183.0,178.5,169.5,165.0,160.5,156.0,151.5
1488,20480,1351,967.0,1005.4,1043.8,1082.2,1120.6,1159.0,1197.4,1235.8,1274.2,1312.6,1389.4,1427.8,1466.2,1504.6,1543.0
1489,20481,1898,1966.0,1959.2,1952.4,1945.6,1938.8,1932.0,1925.2,1918.4,1911.6,1904.8,1891.2,1884.4,1877.6,1870.8,1864.0
1490,20482,55840,50309.0,50862.1,51415.2,51968.3,52521.4,53074.5,53627.6,54180.7,54733.8,55286.9,56393.1,56946.2,57499.3,58052.4,58605.5
1491,20483,10886,9542.0,9676.4,9810.8,9945.2,10079.6,10214.0,10348.4,10482.8,10617.2,10751.6,11020.4,11154.8,11289.2,11423.6,11558.0
1492,20484,4458,4207.0,4232.1,4257.2,4282.3,4307.4,4332.5,4357.6,4382.7,4407.8,4432.9,4483.1,4508.2,4533.3,4558.4,4583.5
1493,20485,3134,3031.0,3041.3,3051.6,3061.9,3072.2,3082.5,3092.8,3103.1,3113.4,3123.7,3144.3,3154.6,3164.9,3175.2,3185.5
1494,20486,2419,2469.0,2464.0,2459.0,2454.0,2449.0,2444.0,2439.0,2434.0,2429.0,2424.0,2414.0,2409.0,2404.0,2399.0,2394.0
1495,20487,1966,1945.0,1947.1,1949.2,1951.3,1953.4,1955.5,1957.6,1959.7,1961.8,1963.9,1968.1,1970.2,1972.3,1974.4,1976.5
1496,20488,130,131.0,130.9,130.8,130.7,130.6,130.5,130.4,130.3,130.2,130.1,129.9,129.8,129.7,129.6,129.5
1497,20489,4909,4953.0,4948.6,4944.2,4939.8,4935.4,4931.0,4926.6,4922.2,4917.8,4913.4,4904.6,4900.2,4895.8,4891.4,4887.0
1498,20490,2974,3076.0,3065.8,3055.6,3045.4,3035.2,3025.0,3014.8,3004.6,2994.4,2984.2,2963.8,2953.6,2943.4,2933.2,2923.0
1499,20491,4930,4170.0,4246.0,4322.0,4398.0,4474.0,4550.0,4626.0,4702.0,4778.0,4854.0,5006.0,5082.0,5158.0,5234.0,5310.0
1500,20492,2764,3210.0,3165.4,3120.8,3076.2,3031.6,2987.0,2942.4,2897.8,2853.2,2808.6,2719.4,2674.8,2630.2,2585.6,2541.0
1501,20493,545,553.0,552.2,551.4,550.6,549.8,549.0,548.2,547.4,546.6,545.8,544.2,543.4,542.6,541.8,541.0
1502,20494,6300,4894.0,5034.6,5175.2,5315.8,5456.4,5597.0,5737.6,5878.2,6018.8,6159.4,6440.6,6581.2,6721.8,6862.4,7003.0
1503,20495,3029,2884.0,2898.5,2913.0,2927.5,2942.0,2956.5,2971.0,2985.5,3000.0,3014.5,3043.5,3058.0,3072.5,3087.0,3101.5
1504,20496,1893,2171.0,2143.2,2115.4,2087.6,2059.8,2032.0,2004.2,1976.4,1948.6,1920.8,1865.2,1837.4,1809.6,1781.8,1754.0
1505,20497,4233,4122.0,4133.1,4144.2,4155.3,4166.4,4177.5,4188.6,4199.7,4210.8,4221.9,4244.1,4255.2,4266.3,4277.4,4288.5
1506,20498,7593,6665.0,6757.8,6850.6,6943.4,7036.2,7129.0,7221.8,7314.6,7407.4,7500.2,7685.8,7778.6,7871.4,7964.2,8057.0
1507,20499,1922,2021.0,2011.1,2001.2,1991.3,1981.4,1971.5,1961.6,1951.7,1941.8,1931.9,1912.1,1902.2,1892.3,1882.4,1872.5
1508,20500,7991,7883.0,7893.8,7904.6,7915.4,7926.2,7937.0,7947.8,7958.6,7969.4,7980.2,8001.8,8012.6,8023.4,8034.2,8045.0
1509,20501,998,940.0,945.8,951.6,957.4,963.2,969.0,974.8,980.6,986.4,992.2,1003.8,1009.6,1015.4,1021.2,1027.0
1510,20502,5089,5515.0,5472.4,5429.8,5387.2,5344.6,5302.0,5259.4,5216.8,5174.2,5131.6,5046.4,5003.8,4961.2,4918.6,4876.0
1511,20503,425,374.0,379.1,384.2,389.3,394.4,399.5,404.6,409.7,414.8,419.9,430.1,435.2,440.3,445.4,450.5
1512,20504,1590,1652.0,1645.8,1639.6,1633.4,1627.2,1621.0,1614.8,1608.6,1602.4,1596.2,1583.8,1577.6,1571.4,1565.2,1559.0
1513,20505,7681,7554.0,7566.7,7579.4,7592.1,7604.8,7617.5,7630.2,7642.9,7655.6,7668.3,7693.7,7706.4,7719.1,7731.8,7744.5
1514,20506,798,782.0,783.6,785.2,786.8,788.4,790.0,791.6,793.2,794.8,796.4,799.6,801.2,802.8,804.4,806.0
1515,20507,3155,3224.0,3217.1,3210.2,3203.3,3196.4,3189.5,3182.6,3175.7,3168.8,3161.9,3148.1,3141.2,3134.3,3127.4,3120.5
1516,20508,1618,1521.0,1530.7,1540.4,1550.1,1559.8,1569.5,1579.2,1588.9,1598.6,1608.3,1627.7,1637.4,1647.1,1656.8,1666.5
1517,20509,11384,10547.0,10630.7,10714.4,10798.1,10881.8,10965.5,11049.2,11132.9,11216.6,11300.3,11467.7,11551.4,11635.1,11718.8,11802.5
1518,20510,760,877.0,865.3,853.6,841.9,830.2,818.5,806.8,795.1,783.4,771.7,748.3,736.6,724.9,713.2,701.5
1519,20511,3335,3610.0,3582.5,3555.0,3527.5,3500.0,3472.5,3445.0,3417.5,3390.0,3362.5,3307.5,3280.0,3252.5,3225.0,3197.5
1520,20512,1101,913.0,931.8,950.6,969.4,988.2,1007.0,1025.8,1044.6,1063.4,1082.2,1119.8,1138.6,1157.4,1176.2,1195.0
1521,20513,9027,8394.0,8457.3,8520.6,8583.9,8647.2,8710.5,8773.8,8837.1,8900.4,8963.7,9090.3,9153.6,9216.9,9280.2,9343.5
1522,20514,941,997.0,991.4,985.8,980.2,974.6,969.0,963.4,957.8,952.2,946.6,935.4,929.8,924.2,918.6,913.0
1523,20515,67739,61872.0,62458.7,63045.4,63632.1,64218.8,64805.5,65392.2,65978.9,66565.6,67152.3,68325.7,68912.4,69499.1,70085.8,70672.5
1524,20516,5260,4571.0,4639.9,4708.8,4777.7,4846.6,4915.5,4984.4,5053.3,5122.2,5191.1,5328.9,5397.8,5466.7,5535.6,5604.5
1525,20517,6029,5194.0,5277.5,5361.0,5444.5,5528.0,5611.5,5695.0,5778.5,5862.0,5945.5,6112.5,6196.0,6279.5,6363.0,6446.5
1526,20518,113,153.0,149.0,145.0,141.0,137.0,133.0,129.0,125.0,121.0,117.0,109.0,105.0,101.0,97.0,93.0
1527,20519,3386,2790.0,2849.6,2909.2,2968.8,3028.4,3088.0,3147.6,3207.2,3266.8,3326.4,3445.6,3505.2,3564.8,3624.4,3684.0
1528,20520,7393,7153.0,7177.0,7201.0,7225.0,7249.0,7273.0,7297.0,7321.0,7345.0,7369.0,7417.0,7441.0,7465.0,7489.0,7513.0
1529,20521,250,276.0,273.4,270.8,268.2,265.6,263.0,260.4,257.8,255.2,252.6,247.4,244.8,242.2,239.6,237.0
1530,20522,1205,1213.0,1212.2,1211.4,1210.6,1209.8,1209.0,1208.2,1207.4,1206.6,1205.8,1204.2,1203.4,1202.6,1201.8,1201.0
1531,20523,1633,1609.0,1611.4,1613.8,1616.2,1618.6,1621.0,1623.4,1625.8,1628.2,1630.6,1635.4,1637.8,1640.2,1642.6,1645.0
1532,20524,327,369.0,364.8,360.6,356.4,352.2,348.0,343.8,339.6,335.4,331.2,322.8,318.6,314.4,310.2,306.0
1533,20525,12483,11218.0,11344.5,11471.0,11597.5,11724.0,11850.5,11977.0,12103.5,12230.0,12356.5,12609.5,12736.0,12862.5,12989.0,13115.5
1534,20526,16688,15986.0,16056.2,16126.4,16196.6,16266.8,16337.0,16407.2,16477.4,16547.6,16617.8,16758.2,16828.4,16898.6,16968.8,17039.0
1535,20527,2490,2829.0,2795.1,2761.2,2727.3,2693.4,2659.5,2625.6,2591.7,2557.8,2523.9,2456.1,2422.2,2388.3,2354.4,2320.5
1536,20528,904,1213.0,1182.1,1151.2,1120.3,1089.4,1058.5,1027.6,996.7,965.8,934.9000000000001,873.1,842.2,811.3,780.4,749.5
1537,20529,1474,1332.0,1346.2,1360.4,1374.6,1388.8,1403.0,1417.2,1431.4,1445.6,1459.8,1488.2,1502.4,1516.6,1530.8,1545.0
1538,20530,3923,3385.0,3438.8,3492.6,3546.4,3600.2,3654.0,3707.8,3761.6,3815.4,3869.2,3976.8,4030.6,4084.4,4138.2,4192.0
1539,20531,2612,2333.0,2360.9,2388.8,2416.7,2444.6,2472.5,2500.4,2528.3,2556.2,2584.1,2639.9,2667.8,2695.7,2723.6,2751.5
1540,20532,4066,4076.0,4075.0,4074.0,4073.0,4072.0,4071.0,4070.0,4069.0,4068.0,4067.0,4065.0,4064.0,4063.0,4062.0,4061.0
1541,20533,2726,2191.0,2244.5,2298.0,2351.5,2405.0,2458.5,2512.0,2565.5,2619.0,2672.5,2779.5,2833.0,2886.5,2940.0,2993.5
1542,20534,3512,3964.0,3918.8,3873.6,3828.4,3783.2,3738.0,3692.8,3647.6,3602.4,3557.2,3466.8,3421.6,3376.4,3331.2,3286.0
1543,20535,3227,2976.0,3001.1,3026.2,3051.3,3076.4,3101.5,3126.6,3151.7,3176.8,3201.9,3252.1,3277.2,3302.3,3327.4,3352.5
1544,20536,449,493.0,488.6,484.2,479.8,475.4,471.0,466.6,462.2,457.8,453.4,444.6,440.2,435.8,431.4,427.0
1545,20537,6710,6747.0,6743.3,6739.6,6735.9,6732.2,6728.5,6724.8,6721.1,6717.4,6713.7,6706.3,6702.6,6698.9,6695.2,6691.5
1546,20538,713,705.0,705.8,706.6,707.4,708.2,709.0,709.8,710.6,711.4,712.2,713.8,714.6,715.4,716.2,717.0
1547,20539,6348,5025.0,5157.3,5289.6,5421.9,5554.2,5686.5,5818.8,5951.1,6083.4,6215.7,6480.3,6612.6,6744.9,6877.2,7009.5
1548,20540,8326,7059.0,7185.7,7312.4,7439.1,7565.8,7692.5,7819.2,7945.9,8072.6,8199.3,8452.7,8579.4,8706.1,8832.8,8959.5
1549,20541,1558,1707.0,1692.1,1677.2,1662.3,1647.4,1632.5,1617.6,1602.7,1587.8,1572.9,1543.1,1528.2,1513.3,1498.4,1483.5
1550,20542,887,746.0,760.1,774.2,788.3,802.4,816.5,830.6,844.7,858.8,872.9,901.1,915.2,929.3,943.4,957.5
1551,20543,6386,5561.0,5643.5,5726.0,5808.5,5891.0,5973.5,6056.0,6138.5,6221.0,6303.5,6468.5,6551.0,6633.5,6716.0,6798.5
1552,20544,1032,1106.0,1098.6,1091.2,1083.8,1076.4,1069.0,1061.6,1054.2,1046.8,1039.4,1024.6,1017.2,1009.8,1002.4,995.0
1553,20545,10099,8966.0,9079.3,9192.6,9305.9,9419.2,9532.5,9645.8,9759.1,9872.4,9985.7,10212.3,10325.6,10438.9,10552.2,10665.5
1554,20546,6392,5638.0,5713.4,5788.8,5864.2,5939.6,6015.0,6090.4,6165.8,6241.2,6316.6,6467.4,6542.8,6618.2,6693.6,6769.0
1555,20547,1005,951.0,956.4,961.8,967.2,972.6,978.0,983.4,988.8,994.2,999.6,1010.4,1015.8,1021.2,1026.6,1032.0
1556,20548,1960,1734.0,1756.6,1779.2,1801.8,1824.4,1847.0,1869.6,1892.2,1914.8,1937.4,1982.6,2005.2,2027.8,2050.4,2073.0
1557,20549,11465,11319.0,11333.6,11348.2,11362.8,11377.4,11392.0,11406.6,11421.2,11435.8,11450.4,11479.6,11494.2,11508.8,11523.4,11538.0
1558,20550,5764,5076.0,5144.8,5213.6,5282.4,5351.2,5420.0,5488.8,5557.6,5626.4,5695.2,5832.8,5901.6,5970.4,6039.2,6108.0
1559,20551,30254,19625.0,20687.9,21750.8,22813.7,23876.6,24939.5,26002.4,27065.300000000003,28128.2,29191.1,31316.9,32379.8,33442.7,34505.6,35568.5
1560,20552,410,510.0,500.0,490.0,480.0,470.0,460.0,450.0,440.0,430.0,420.0,400.0,390.0,380.0,370.0,360.0
1561,20553,12067,9417.0,9682.0,9947.0,10212.0,10477.0,10742.0,11007.0,11272.0,11537.0,11802.0,12332.0,12597.0,12862.0,13127.0,13392.0
1562,20554,5904,5598.0,5628.6,5659.2,5689.8,5720.4,5751.0,5781.6,5812.2,5842.8,5873.4,5934.6,5965.2,5995.8,6026.4,6057.0
1563,20555,3419,2653.0,2729.6,2806.2,2882.8,2959.4,3036.0,3112.6,3189.2,3265.8,3342.4,3495.6,3572.2,3648.8,3725.4,3802.0
1564,20556,306,249.0,254.7,260.4,266.1,271.8,277.5,283.2,288.9,294.6,300.3,311.7,317.4,323.1,328.8,334.5
1565,20557,14542,13970.0,14027.2,14084.4,14141.6,14198.8,14256.0,14313.2,14370.4,14427.6,14484.8,14599.2,14656.4,14713.6,14770.8,14828.0
1566,20558,1376,1543.0,1526.3,1509.6,1492.9,1476.2,1459.5,1442.8,1426.1,1409.4,1392.7,1359.3,1342.6,1325.9,1309.2,1292.5
1567,20559,23067,22446.0,22508.1,22570.2,22632.3,22694.4,22756.5,22818.6,22880.7,22942.8,23004.9,23129.1,23191.2,23253.3,23315.4,23377.5
1568,20560,6467,6174.0,6203.3,6232.6,6261.9,6291.2,6320.5,6349.8,6379.1,6408.4,6437.7,6496.3,6525.6,6554.9,6584.2,6613.5
1569,20561,2954,2683.0,2710.1,2737.2,2764.3,2791.4,2818.5,2845.6,2872.7,2899.8,2926.9,2981.1,3008.2,3035.3,3062.4,3089.5
1570,20562,1682,1458.0,1480.4,1502.8,1525.2,1547.6,1570.0,1592.4,1614.8,1637.2,1659.6,1704.4,1726.8,1749.2,1771.6,1794.0
1571,20563,1245,1308.0,1301.7,1295.4,1289.1,1282.8,1276.5,1270.2,1263.9,1257.6,1251.3,1238.7,1232.4,1226.1,1219.8,1213.5
1572,20564,1195,1292.0,1282.3,1272.6,1262.9,1253.2,1243.5,1233.8,1224.1,1214.4,1204.7,1185.3,1175.6,1165.9,1156.2,1146.5
1573,20565,46464,34101.0,35337.3,36573.6,37809.9,39046.2,40282.5,41518.8,42755.1,43991.4,45227.7,47700.3,48936.6,50172.9,51409.2,52645.5
1574,20566,3144,3034.0,3045.0,3056.0,3067.0,3078.0,3089.0,3100.0,3111.0,3122.0,3133.0,3155.0,3166.0,3177.0,3188.0,3199.0
1575,20567,3382,3133.0,3157.9,3182.8,3207.7,3232.6,3257.5,3282.4,3307.3,3332.2,3357.1,3406.9,3431.8,3456.7,3481.6,3506.5
1576,20568,1695,1514.0,1532.1,1550.2,1568.3,1586.4,1604.5,1622.6,1640.7,1658.8,1676.9,1713.1,1731.2,1749.3,1767.4,1785.5
1577,20569,1454,1707.0,1681.7,1656.4,1631.1,1605.8,1580.5,1555.2,1529.9,1504.6,1479.3,1428.7,1403.4,1378.1,1352.8,1327.5
1578,20570,22093,19215.0,19502.8,19790.6,20078.4,20366.2,20654.0,20941.8,21229.6,21517.4,21805.2,22380.8,22668.6,22956.4,23244.2,23532.0
1579,21001,72894,60353.0,61607.1,62861.2,64115.3,65369.4,66623.5,67877.6,69131.7,70385.8,71639.9,74148.1,75402.2,76656.3,77910.4,79164.5
1580,21002,9170,8916.0,8941.4,8966.8,8992.2,9017.6,9043.0,9068.4,9093.8,9119.2,9144.6,9195.4,9220.8,9246.2,9271.6,9297.0
1581,21003,37955,33865.0,34274.0,34683.0,35092.0,35501.0,35910.0,36319.0,36728.0,37137.0,37546.0,38364.0,38773.0,39182.0,39591.0,40000.0
1582,21004,63743,52078.0,53244.5,54411.0,55577.5,56744.0,57910.5,59077.0,60243.5,61410.0,62576.5,64909.5,66076.0,67242.5,68409.0,69575.5
1583,21005,3070,2881.0,2899.9,2918.8,2937.7,2956.6,2975.5,2994.4,3013.3,3032.2,3051.1,3088.9,3107.8,3126.7,3145.6,3164.5
1584,21006,14542,14754.0,14732.8,14711.6,14690.4,14669.2,14648.0,14626.8,14605.6,14584.4,14563.2,14520.8,14499.6,14478.4,14457.2,14436.0
1585,21007,3162,3403.0,3378.9,3354.8,3330.7,3306.6,3282.5,3258.4,3234.3,3210.2,3186.1,3137.9,3113.8,3089.7,3065.6,3041.5
1586,21008,11439,10457.0,10555.2,10653.4,10751.6,10849.8,10948.0,11046.2,11144.4,11242.6,11340.8,11537.2,11635.4,11733.6,11831.8,11930.0
1587,21009,2207,2008.0,2027.9,2047.8,2067.7,2087.6,2107.5,2127.4,2147.3,2167.2,2187.1,2226.9,2246.8,2266.7,2286.6,2306.5
1588,21010,74768,60621.0,62035.7,63450.4,64865.1,66279.8,67694.5,69109.2,70523.9,71938.6,73353.3,76182.7,77597.4,79012.1,80426.8,81841.5
1589,21011,1885,1770.0,1781.5,1793.0,1804.5,1816.0,1827.5,1839.0,1850.5,1862.0,1873.5,1896.5,1908.0,1919.5,1931.0,1942.5
1590,21012,6591,6288.0,6318.3,6348.6,6378.9,6409.2,6439.5,6469.8,6500.1,6530.4,6560.7,6621.3,6651.6,6681.9,6712.2,6742.5
1591,21013,22629,18920.0,19290.9,19661.8,20032.7,20403.6,20774.5,21145.4,21516.3,21887.2,22258.1,22999.9,23370.8,23741.7,24112.6,24483.5
1592,21014,4812,5004.0,4984.8,4965.6,4946.4,4927.2,4908.0,4888.8,4869.6,4850.4,4831.2,4792.8,4773.6,4754.4,4735.2,4716.0
1593,21015,125876,100964.0,103455.2,105946.4,108437.6,110928.8,113420.0,115911.2,118402.4,120893.6,123384.8,128367.2,130858.4,133349.6,135840.8,138332.0
1594,21016,9021,7848.0,7965.3,8082.6,8199.9,8317.2,8434.5,8551.8,8669.1,8786.4,8903.7,9138.3,9255.6,9372.9,9490.2,9607.5
1595,21017,29742,25386.0,25821.6,26257.2,26692.8,27128.4,27564.0,27999.6,28435.2,28870.8,29306.4,30177.6,30613.2,31048.8,31484.4,31920.0
1596,21018,3859,3734.0,3746.5,3759.0,3771.5,3784.0,3796.5,3809.0,3821.5,3834.0,3846.5,3871.5,3884.0,3896.5,3909.0,3921.5
1597,21019,141793,127062.0,128535.1,130008.2,131481.3,132954.4,134427.5,135900.6,137373.7,138846.8,140319.9,143266.1,144739.2,146212.3,147685.4,149158.5
1598,21020,7704,6426.0,6553.8,6681.6,6809.4,6937.2,7065.0,7192.8,7320.6,7448.4,7576.2,7831.8,7959.6,8087.4,8215.2,8343.0
1599,21021,1512,1228.0,1256.4,1284.8,1313.2,1341.6,1370.0,1398.4,1426.8,1455.2,1483.6,1540.4,1568.8,1597.2,1625.6,1654.0
1600,21022,12857,11684.0,11801.3,11918.6,12035.9,12153.2,12270.5,12387.8,12505.1,12622.4,12739.7,12974.3,13091.6,13208.9,13326.2,13443.5
1601,21023,9051,8408.0,8472.3,8536.6,8600.9,8665.2,8729.5,8793.8,8858.1,8922.4,8986.7,9115.3,9179.6,9243.9,9308.2,9372.5
1602,21024,976,947.0,949.9,952.8,955.7,958.6,961.5,964.4,967.3,970.2,973.1,978.9,981.8,984.7,987.6,990.5
1603,21025,8208,8153.0,8158.5,8164.0,8169.5,8175.0,8180.5,8186.0,8191.5,8197.0,8202.5,8213.5,8219.0,8224.5,8230.0,8235.5
1604,21026,15271,13730.0,13884.1,14038.2,14192.3,14346.4,14500.5,14654.6,14808.7,14962.8,15116.9,15425.1,15579.2,15733.3,15887.4,16041.5
1605,21027,4128,4177.0,4172.1,4167.2,4162.3,4157.4,4152.5,4147.6,4142.7,4137.8,4132.9,4123.1,4118.2,4113.3,4108.4,4103.5
1606,21028,2758,2476.0,2504.2,2532.4,2560.6,2588.8,2617.0,2645.2,2673.4,2701.6,2729.8,2786.2,2814.4,2842.6,2870.8,2899.0
1607,21029,3811,3791.0,3793.0,3795.0,3797.0,3799.0,3801.0,3803.0,3805.0,3807.0,3809.0,3813.0,3815.0,3817.0,3819.0,3821.0
1608,21030,772,758.0,759.4,760.8,762.2,763.6,765.0,766.4,767.8,769.2,770.6,773.4,774.8,776.2,777.6,779.0
1609,21031,2820,2964.0,2949.6,2935.2,2920.8,2906.4,2892.0,2877.6,2863.2,2848.8,2834.4,2805.6,2791.2,2776.8,2762.4,2748.0
1610,21032,1382,1283.0,1292.9,1302.8,1312.7,1322.6,1332.5,1342.4,1352.3,1362.2,1372.1,1391.9,1401.8,1411.7,1421.6,1431.5
1611,21033,5403,4763.0,4827.0,4891.0,4955.0,5019.0,5083.0,5147.0,5211.0,5275.0,5339.0,5467.0,5531.0,5595.0,5659.0,5723.0
1612,21034,46836,34596.0,35820.0,37044.0,38268.0,39492.0,40716.0,41940.0,43164.0,44388.0,45612.0,48060.0,49284.0,50508.0,51732.0,52956.0
1613,21035,20653,19639.0,19740.4,19841.8,19943.2,20044.6,20146.0,20247.4,20348.8,20450.2,20551.6,20754.4,20855.8,20957.2,21058.6,21160.0
1614,21036,14806,14205.0,14265.1,14325.2,14385.3,14445.4,14505.5,14565.6,14625.7,14685.8,14745.9,14866.1,14926.2,14986.3,15046.4,15106.5
1615,21037,2334,2339.0,2338.5,2338.0,2337.5,2337.0,2336.5,2336.0,2335.5,2335.0,2334.5,2333.5,2333.0,2332.5,2332.0,2331.5
1616,21038,10542,8709.0,8892.3,9075.6,9258.9,9442.2,9625.5,9808.8,9992.1,10175.4,10358.7,10725.3,10908.6,11091.9,11275.2,11458.5
1617,21039,9837,9212.0,9274.5,9337.0,9399.5,9462.0,9524.5,9587.0,9649.5,9712.0,9774.5,9899.5,9962.0,10024.5,10087.0,10149.5
1618,21040,12340,9538.0,9818.2,10098.4,10378.6,10658.8,10939.0,11219.2,11499.4,11779.6,12059.8,12620.2,12900.4,13180.6,13460.8,13741.0
1619,21041,137435,79153.0,84981.2,90809.4,96637.6,102465.8,108294.0,114122.2,119950.4,125778.6,131606.8,143263.2,149091.4,154919.6,160747.8,166576.0
1620,21042,3315,3062.0,3087.3,3112.6,3137.9,3163.2,3188.5,3213.8,3239.1,3264.4,3289.7,3340.3,3365.6,3390.9,3416.2,3441.5
1621,21043,49864,47433.0,47676.1,47919.2,48162.3,48405.4,48648.5,48891.6,49134.7,49377.8,49620.9,50107.1,50350.2,50593.3,50836.4,51079.5
1622,21044,17139,15367.0,15544.2,15721.4,15898.6,16075.8,16253.0,16430.2,16607.4,16784.6,16961.8,17316.2,17493.4,17670.6,17847.8,18025.0
1623,21045,47410,43882.0,44234.8,44587.6,44940.4,45293.2,45646.0,45998.8,46351.6,46704.4,47057.2,47762.8,48115.6,48468.4,48821.2,49174.0
1624,21046,8193,6992.0,7112.1,7232.2,7352.3,7472.4,7592.5,7712.6,7832.7,7952.8,8072.9,8313.1,8433.2,8553.3,8673.4,8793.5
1625,21047,21699,19037.0,19303.2,19569.4,19835.6,20101.8,20368.0,20634.2,20900.4,21166.6,21432.8,21965.2,22231.4,22497.6,22763.8,23030.0
1626,21048,22039,18762.0,19089.7,19417.4,19745.1,20072.8,20400.5,20728.2,21055.9,21383.6,21711.3,22366.7,22694.4,23022.1,23349.8,23677.5
1627,21049,17382,15767.0,15928.5,16090.0,16251.5,16413.0,16574.5,16736.0,16897.5,17059.0,17220.5,17543.5,17705.0,17866.5,18028.0,18189.5
1628,21050,26928,24148.0,24426.0,24704.0,24982.0,25260.0,25538.0,25816.0,26094.0,26372.0,26650.0,27206.0,27484.0,27762.0,28040.0,28318.0
1629,21051,37030,33935.0,34244.5,34554.0,34863.5,35173.0,35482.5,35792.0,36101.5,36411.0,36720.5,37339.5,37649.0,37958.5,38268.0,38577.5
1630,21052,1215,1227.0,1225.8,1224.6,1223.4,1222.2,1221.0,1219.8,1218.6,1217.4,1216.2,1213.8,1212.6,1211.4,1210.2,1209.0
1631,21053,66464,57909.0,58764.5,59620.0,60475.5,61331.0,62186.5,63042.0,63897.5,64753.0,65608.5,67319.5,68175.0,69030.5,69886.0,70741.5
1632,21054,35223,30254.0,30750.9,31247.8,31744.7,32241.6,32738.5,33235.4,33732.3,34229.2,34726.1,35719.9,36216.8,36713.7,37210.6,37707.5
1633,21055,5082,4699.0,4737.3,4775.6,4813.9,4852.2,4890.5,4928.8,4967.1,5005.4,5043.7,5120.3,5158.6,5196.9,5235.2,5273.5
1634,21056,1317,1237.0,1245.0,1253.0,1261.0,1269.0,1277.0,1285.0,1293.0,1301.0,1309.0,1325.0,1333.0,1341.0,1349.0,1357.0
1635,21057,6687,7463.0,7385.4,7307.8,7230.2,7152.6,7075.0,6997.4,6919.8,6842.2,6764.6,6609.4,6531.8,6454.2,6376.6,6299.0
1636,21058,21002,19257.0,19431.5,19606.0,19780.5,19955.0,20129.5,20304.0,20478.5,20653.0,20827.5,21176.5,21351.0,21525.5,21700.0,21874.5
1637,21059,2846,2468.0,2505.8,2543.6,2581.4,2619.2,2657.0,2694.8,2732.6,2770.4,2808.2,2883.8,2921.6,2959.4,2997.2,3035.0
1638,21060,7982,6946.0,7049.6,7153.2,7256.8,7360.4,7464.0,7567.6,7671.2,7774.8,7878.4,8085.6,8189.2,8292.8,8396.4,8500.0
1639,21061,14461,12575.0,12763.6,12952.2,13140.8,13329.4,13518.0,13706.6,13895.2,14083.8,14272.4,14649.6,14838.2,15026.8,15215.4,15404.0
1640,21062,4943,4594.0,4628.9,4663.8,4698.7,4733.6,4768.5,4803.4,4838.3,4873.2,4908.1,4977.9,5012.8,5047.7,5082.6,5117.5
1641,21063,14766,13785.0,13883.1,13981.2,14079.3,14177.4,14275.5,14373.6,14471.7,14569.8,14667.9,14864.1,14962.2,15060.3,15158.4,15256.5
1642,21064,17824,16270.0,16425.4,16580.8,16736.2,16891.6,17047.0,17202.4,17357.8,17513.2,17668.6,17979.4,18134.8,18290.2,18445.6,18601.0
1643,21065,22694,19040.0,19405.4,19770.8,20136.2,20501.6,20867.0,21232.4,21597.8,21963.2,22328.6,23059.4,23424.8,23790.2,24155.6,24521.0
1644,21066,6451,6276.0,6293.5,6311.0,6328.5,6346.0,6363.5,6381.0,6398.5,6416.0,6433.5,6468.5,6486.0,6503.5,6521.0,6538.5
1645,21067,18784,16551.0,16774.3,16997.6,17220.9,17444.2,17667.5,17890.8,18114.1,18337.4,18560.7,19007.3,19230.6,19453.9,19677.2,19900.5
1646,21068,7011,7718.0,7647.3,7576.6,7505.9,7435.2,7364.5,7293.8,7223.1,7152.4,7081.7,6940.3,6869.6,6798.9,6728.2,6657.5
1647,21069,29233,25373.0,25759.0,26145.0,26531.0,26917.0,27303.0,27689.0,28075.0,28461.0,28847.0,29619.0,30005.0,30391.0,30777.0,31163.0
1648,21070,6111,6643.0,6589.8,6536.6,6483.4,6430.2,6377.0,6323.8,6270.6,6217.4,6164.2,6057.8,6004.6,5951.4,5898.2,5845.0
1649,21071,103946,97753.0,98372.3,98991.6,99610.9,100230.2,100849.5,101468.8,102088.1,102707.4,103326.7,104565.3,105184.6,105803.9,106423.2,107042.5
1650,21072,17082,15689.0,15828.3,15967.6,16106.9,16246.2,16385.5,16524.8,16664.1,16803.4,16942.7,17221.3,17360.6,17499.9,17639.2,17778.5
1651,21073,9760,8679.0,8787.1,8895.2,9003.3,9111.4,9219.5,9327.6,9435.7,9543.8,9651.9,9868.1,9976.2,10084.3,10192.4,10300.5
1652,21074,90794,63457.0,66190.7,68924.4,71658.1,74391.8,77125.5,79859.2,82592.9,85326.6,88060.3,93527.7,96261.4,98995.1,101728.8,104462.5
1653,21075,13080,11868.0,11989.2,12110.4,12231.6,12352.8,12474.0,12595.2,12716.4,12837.6,12958.8,13201.2,13322.4,13443.6,13564.8,13686.0
1654,21076,27600,26689.0,26780.1,26871.2,26962.3,27053.4,27144.5,27235.6,27326.7,27417.8,27508.9,27691.1,27782.2,27873.3,27964.4,28055.5
1655,21077,5951,5734.0,5755.7,5777.4,5799.1,5820.8,5842.5,5864.2,5885.9,5907.6,5929.3,5972.7,5994.4,6016.1,6037.8,6059.5
1656,21078,15928,13982.0,14176.6,14371.2,14565.8,14760.4,14955.0,15149.6,15344.2,15538.8,15733.4,16122.6,16317.2,16511.8,16706.4,16901.0
1657,21079,5782,5306.0,5353.6,5401.2,5448.8,5496.4,5544.0,5591.6,5639.2,5686.8,5734.4,5829.6,5877.2,5924.8,5972.4,6020.0
1658,21080,2633,2833.0,2813.0,2793.0,2773.0,2753.0,2733.0,2713.0,2693.0,2673.0,2653.0,2613.0,2593.0,2573.0,2553.0,2533.0
1659,21081,4065,3695.0,3732.0,3769.0,3806.0,3843.0,3880.0,3917.0,3954.0,3991.0,4028.0,4102.0,4139.0,4176.0,4213.0,4250.0
1660,21082,8804,8093.0,8164.1,8235.2,8306.3,8377.4,8448.5,8519.6,8590.7,8661.8,8732.9,8875.1,8946.2,9017.3,9088.4,9159.5
1661,21083,25319,25326.0,25325.3,25324.6,25323.9,25323.2,25322.5,25321.8,25321.1,25320.4,25319.7,25318.3,25317.6,25316.9,25316.2,25315.5
1662,21084,6950,6811.0,6824.9,6838.8,6852.7,6866.6,6880.5,6894.4,6908.3,6922.2,6936.1,6963.9,6977.8,6991.7,7005.6,7019.5
1663,21085,82809,72799.0,73800.0,74801.0,75802.0,76803.0,77804.0,78805.0,79806.0,80807.0,81808.0,83810.0,84811.0,85812.0,86813.0,87814.0
1664,21086,12050,12547.0,12497.3,12447.6,12397.9,12348.2,12298.5,12248.8,12199.1,12149.4,12099.7,12000.3,11950.6,11900.9,11851.2,11801.5
1665,21087,13308,12662.0,12726.6,12791.2,12855.8,12920.4,12985.0,13049.6,13114.2,13178.8,13243.4,13372.6,13437.2,13501.8,13566.4,13631.0
1666,21088,4457,4598.0,4583.9,4569.8,4555.7,4541.6,4527.5,4513.4,4499.3,4485.2,4471.1,4442.9,4428.8,4414.7,4400.6,4386.5
1667,21089,12131,12997.0,12910.4,12823.8,12737.2,12650.6,12564.0,12477.4,12390.8,12304.2,12217.6,12044.4,11957.8,11871.2,11784.6,11698.0
1668,21090,23783,18540.0,19064.3,19588.6,20112.9,20637.2,21161.5,21685.8,22210.1,22734.4,23258.7,24307.3,24831.6,25355.9,25880.2,26404.5
1669,21091,9828,10213.0,10174.5,10136.0,10097.5,10059.0,10020.5,9982.0,9943.5,9905.0,9866.5,9789.5,9751.0,9712.5,9674.0,9635.5
1670,21092,5293,5223.0,5230.0,5237.0,5244.0,5251.0,5258.0,5265.0,5272.0,5279.0,5286.0,5300.0,5307.0,5314.0,5321.0,5328.0
1671,21093,7650,7767.0,7755.3,7743.6,7731.9,7720.2,7708.5,7696.8,7685.1,7673.4,7661.7,7638.3,7626.6,7614.9,7603.2,7591.5
1672,21094,37257,31532.0,32104.5,32677.0,33249.5,33822.0,34394.5,34967.0,35539.5,36112.0,36684.5,37829.5,38402.0,38974.5,39547.0,40119.5
1673,21095,650,484.0,500.6,517.2,533.8,550.4,567.0,583.6,600.2,616.8,633.4,666.6,683.2,699.8,716.4,733.0
1674,21096,3176,2633.0,2687.3,2741.6,2795.9,2850.2,2904.5,2958.8,3013.1,3067.4,3121.7,3230.3,3284.6,3338.9,3393.2,3447.5
1675,21097,2668,2216.0,2261.2,2306.4,2351.6,2396.8,2442.0,2487.2,2532.4,2577.6,2622.8,2713.2,2758.4,2803.6,2848.8,2894.0
1676,21098,6668,6218.0,6263.0,6308.0,6353.0,6398.0,6443.0,6488.0,6533.0,6578.0,6623.0,6713.0,6758.0,6803.0,6848.0,6893.0
1677,21099,20659,18954.0,19124.5,19295.0,19465.5,19636.0,19806.5,19977.0,20147.5,20318.0,20488.5,20829.5,21000.0,21170.5,21341.0,21511.5
1678,21100,9310,9707.0,9667.3,9627.6,9587.9,9548.2,9508.5,9468.8,9429.1,9389.4,9349.7,9270.3,9230.6,9190.9,9151.2,9111.5
1679,21101,3317,3598.0,3569.9,3541.8,3513.7,3485.6,3457.5,3429.4,3401.3,3373.2,3345.1,3288.9,3260.8,3232.7,3204.6,3176.5
1680,21102,14075,12011.0,12217.4,12423.8,12630.2,12836.6,13043.0,13249.4,13455.8,13662.2,13868.6,14281.4,14487.8,14694.2,14900.6,15107.0
1681,21103,6644,6009.0,6072.5,6136.0,6199.5,6263.0,6326.5,6390.0,6453.5,6517.0,6580.5,6707.5,6771.0,6834.5,6898.0,6961.5
1682,21104,32772,27292.0,27840.0,28388.0,28936.0,29484.0,30032.0,30580.0,31128.0,31676.0,32224.0,33320.0,33868.0,34416.0,34964.0,35512.0
1683,21105,5077,4825.0,4850.2,4875.4,4900.6,4925.8,4951.0,4976.2,5001.4,5026.6,5051.8,5102.2,5127.4,5152.6,5177.8,5203.0
1684,21106,42669,25720.0,27414.9,29109.8,30804.7,32499.6,34194.5,35889.4,37584.3,39279.2,40974.1,44363.9,46058.8,47753.7,49448.6,51143.5
1685,21107,11993,11641.0,11676.2,11711.4,11746.6,11781.8,11817.0,11852.2,11887.4,11922.6,11957.8,12028.2,12063.4,12098.6,12133.8,12169.0
1686,21108,19903,16575.0,16907.8,17240.6,17573.4,17906.2,18239.0,18571.8,18904.6,19237.4,19570.2,20235.8,20568.6,20901.4,21234.2,21567.0
1687,21109,20274,20618.0,20583.6,20549.2,20514.8,20480.4,20446.0,20411.6,20377.2,20342.8,20308.4,20239.6,20205.2,20170.8,20136.4,20102.0
1688,21110,50226,42887.0,43620.9,44354.8,45088.7,45822.6,46556.5,47290.4,48024.3,48758.2,49492.1,50959.9,51693.8,52427.7,53161.6,53895.5
1689,21111,18528,18435.0,18444.3,18453.6,18462.9,18472.2,18481.5,18490.8,18500.1,18509.4,18518.7,18537.3,18546.6,18555.9,18565.2,18574.5
1690,21112,9350,9382.0,9378.8,9375.6,9372.4,9369.2,9366.0,9362.8,9359.6,9356.4,9353.2,9346.8,9343.6,9340.4,9337.2,9334.0
1691,21113,4627,4585.0,4589.2,4593.4,4597.6,4601.8,4606.0,4610.2,4614.4,4618.6,4622.8,4631.2,4635.4,4639.6,4643.8,4648.0
1692,21114,1692181,1539819.0,1555055.2,1570291.4,1585527.6,1600763.8,1616000.0,1631236.2,1646472.4,1661708.6,1676944.8,1707417.2,1722653.4,1737889.6,1753125.8,1768362.0
1693,21115,57992,47281.0,48352.1,49423.2,50494.3,51565.4,52636.5,53707.6,54778.7,55849.8,56920.9,59063.1,60134.2,61205.3,62276.4,63347.5
1694,21116,22855,21275.0,21433.0,21591.0,21749.0,21907.0,22065.0,22223.0,22381.0,22539.0,22697.0,23013.0,23171.0,23329.0,23487.0,23645.0
1695,21117,15952,14052.0,14242.0,14432.0,14622.0,14812.0,15002.0,15192.0,15382.0,15572.0,15762.0,16142.0,16332.0,16522.0,16712.0,16902.0
1696,21118,30021,25553.0,25999.8,26446.6,26893.4,27340.2,27787.0,28233.8,28680.6,29127.4,29574.2,30467.8,30914.6,31361.4,31808.2,32255.0
1697,21119,154448,100439.0,105839.9,111240.8,116641.7,122042.6,127443.5,132844.4,138245.3,143646.2,149047.1,159848.9,165249.8,170650.7,176051.6,181452.5
1698,21120,5938,5110.0,5192.8,5275.6,5358.4,5441.2,5524.0,5606.8,5689.6,5772.4,5855.2,6020.8,6103.6,6186.4,6269.2,6352.0
1699,21121,1270,1132.0,1145.8,1159.6,1173.4,1187.2,1201.0,1214.8,1228.6,1242.4,1256.2,1283.8,1297.6,1311.4,1325.2,1339.0
1700,21122,11063,9426.0,9589.7,9753.4,9917.1,10080.8,10244.5,10408.2,10571.9,10735.6,10899.3,11226.7,11390.4,11554.1,11717.8,11881.5
1701,21123,3793,4120.0,4087.3,4054.6,4021.9,3989.2,3956.5,3923.8,3891.1,3858.4,3825.7,3760.3,3727.6,3694.9,3662.2,3629.5
1702,21124,15954,14454.0,14604.0,14754.0,14904.0,15054.0,15204.0,15354.0,15504.0,15654.0,15804.0,16104.0,16254.0,16404.0,16554.0,16704.0
1703,21125,9671,8170.0,8320.1,8470.2,8620.3,8770.4,8920.5,9070.6,9220.7,9370.8,9520.9,9821.1,9971.2,10121.3,10271.4,10421.5
1704,21126,6597,5826.0,5903.1,5980.2,6057.3,6134.4,6211.5,6288.6,6365.7,6442.8,6519.9,6674.1,6751.2,6828.3,6905.4,6982.5
1705,21127,3606,3777.0,3759.9,3742.8,3725.7,3708.6,3691.5,3674.4,3657.3,3640.2,3623.1,3588.9,3571.8,3554.7,3537.6,3520.5
1706,21128,10443,8087.0,8322.6,8558.2,8793.8,9029.4,9265.0,9500.6,9736.2,9971.8,10207.4,10678.6,10914.2,11149.8,11385.4,11621.0
1707,21129,14018,12699.0,12830.9,12962.8,13094.7,13226.6,13358.5,13490.4,13622.3,13754.2,13886.1,14149.9,14281.8,14413.7,14545.6,14677.5
1708,21130,3604,3416.0,3434.8,3453.6,3472.4,3491.2,3510.0,3528.8,3547.6,3566.4,3585.2,3622.8,3641.6,3660.4,3679.2,3698.0
1709,21131,975,872.0,882.3,892.6,902.9,913.2,923.5,933.8,944.1,954.4,964.7,985.3,995.6,1005.9,1016.2,1026.5
1710,21132,155738,141112.0,142574.6,144037.2,145499.8,146962.4,148425.0,149887.6,151350.2,152812.8,154275.4,157200.6,158663.2,160125.8,161588.4,163051.0
1711,21133,692,651.0,655.1,659.2,663.3,667.4,671.5,675.6,679.7,683.8,687.9,696.1,700.2,704.3,708.4,712.5
1712,21134,20974,19310.0,19476.4,19642.8,19809.2,19975.6,20142.0,20308.4,20474.8,20641.2,20807.6,21140.4,21306.8,21473.2,21639.6,21806.0
1713,21135,526,586.0,580.0,574.0,568.0,562.0,556.0,550.0,544.0,538.0,532.0,520.0,514.0,508.0,502.0,496.0
1714,21136,12461,11598.0,11684.3,11770.6,11856.9,11943.2,12029.5,12115.8,12202.1,12288.4,12374.7,12547.3,12633.6,12719.9,12806.2,12892.5
1715,21137,10464,9185.0,9312.9,9440.8,9568.7,9696.6,9824.5,9952.4,10080.3,10208.2,10336.1,10591.9,10719.8,10847.7,10975.6,11103.5
1716,21138,11780,10777.0,10877.3,10977.6,11077.9,11178.2,11278.5,11378.8,11479.1,11579.4,11679.7,11880.3,11980.6,12080.9,12181.2,12281.5
1717,21139,3759,3554.0,3574.5,3595.0,3615.5,3636.0,3656.5,3677.0,3697.5,3718.0,3738.5,3779.5,3800.0,3820.5,3841.0,3861.5
1718,21140,138433,120459.0,122256.4,124053.8,125851.2,127648.6,129446.0,131243.4,133040.8,134838.2,136635.6,140230.4,142027.8,143825.2,145622.6,147420.0
1719,21141,3488,3395.0,3404.3,3413.6,3422.9,3432.2,3441.5,3450.8,3460.1,3469.4,3478.7,3497.3,3506.6,3515.9,3525.2,3534.5
1720,21142,30639,27622.0,27923.7,28225.4,28527.1,28828.8,29130.5,29432.2,29733.9,30035.6,30337.3,30940.7,31242.4,31544.1,31845.8,32147.5
1721,21143,34880,28419.0,29065.1,29711.2,30357.3,31003.4,31649.5,32295.6,32941.7,33587.8,34233.9,35526.1,36172.2,36818.3,37464.4,38110.5
1722,21144,16790,13541.0,13865.9,14190.8,14515.7,14840.6,15165.5,15490.4,15815.3,16140.2,16465.1,17114.9,17439.8,17764.7,18089.6,18414.5
1723,21145,13189,13534.0,13499.5,13465.0,13430.5,13396.0,13361.5,13327.0,13292.5,13258.0,13223.5,13154.5,13120.0,13085.5,13051.0,13016.5
1724,21146,749,874.0,861.5,849.0,836.5,824.0,811.5,799.0,786.5,774.0,761.5,736.5,724.0,711.5,699.0,686.5
1725,21147,6341,5944.0,5983.7,6023.4,6063.1,6102.8,6142.5,6182.2,6221.9,6261.6,6301.3,6380.7,6420.4,6460.1,6499.8,6539.5
1726,21148,11498,8040.0,8385.8,8731.6,9077.4,9423.2,9769.0,10114.8,10460.6,10806.4,11152.2,11843.8,12189.6,12535.4,12881.2,13227.0
1727,21149,30309,21993.0,22824.6,23656.2,24487.8,25319.4,26151.0,26982.6,27814.2,28645.8,29477.4,31140.6,31972.2,32803.8,33635.4,34467.0
1728,21150,6105,7060.0,6964.5,6869.0,6773.5,6678.0,6582.5,6487.0,6391.5,6296.0,6200.5,6009.5,5914.0,5818.5,5723.0,5627.5
1729,21151,9315,8016.0,8145.9,8275.8,8405.7,8535.6,8665.5,8795.4,8925.3,9055.2,9185.1,9444.9,9574.8,9704.7,9834.6,9964.5
1730,21152,12631,11706.0,11798.5,11891.0,11983.5,12076.0,12168.5,12261.0,12353.5,12446.0,12538.5,12723.5,12816.0,12908.5,13001.0,13093.5
1731,21153,23625,20267.0,20602.8,20938.6,21274.4,21610.2,21946.0,22281.8,22617.6,22953.4,23289.2,23960.8,24296.6,24632.4,24968.2,25304.0
1732,21154,80771,71571.0,72491.0,73411.0,74331.0,75251.0,76171.0,77091.0,78011.0,78931.0,79851.0,81691.0,82611.0,83531.0,84451.0,85371.0
1733,21155,6830,5420.0,5561.0,5702.0,5843.0,5984.0,6125.0,6266.0,6407.0,6548.0,6689.0,6971.0,7112.0,7253.0,7394.0,7535.0
1734,21156,327312,274906.0,280146.6,285387.2,290627.8,295868.4,301109.0,306349.6,311590.2,316830.8,322071.4,332552.6,337793.2,343033.8,348274.4,353515.0
1735,21157,12672,11328.0,11462.4,11596.8,11731.2,11865.6,12000.0,12134.4,12268.8,12403.2,12537.6,12806.4,12940.8,13075.2,13209.6,13344.0
1736,21158,6743,6772.0,6769.1,6766.2,6763.3,6760.4,6757.5,6754.6,6751.7,6748.8,6745.9,6740.1,6737.2,6734.3,6731.4,6728.5
1737,21159,3836,4024.0,4005.2,3986.4,3967.6,3948.8,3930.0,3911.2,3892.4,3873.6,3854.8,3817.2,3798.4,3779.6,3760.8,3742.0
1738,21160,3689,3121.0,3177.8,3234.6,3291.4,3348.2,3405.0,3461.8,3518.6,3575.4,3632.2,3745.8,3802.6,3859.4,3916.2,3973.0
1739,21161,22218,19002.0,19323.6,19645.2,19966.8,20288.4,20610.0,20931.6,21253.2,21574.8,21896.4,22539.6,22861.2,23182.8,23504.4,23826.0
1740,21162,4155,4244.0,4235.1,4226.2,4217.3,4208.4,4199.5,4190.6,4181.7,4172.8,4163.9,4146.1,4137.2,4128.3,4119.4,4110.5
1741,21163,18854,16275.0,16532.9,16790.8,17048.7,17306.6,17564.5,17822.4,18080.3,18338.2,18596.1,19111.9,19369.8,19627.7,19885.6,20143.5
1742,21164,84270,74708.0,75664.2,76620.4,77576.6,78532.8,79489.0,80445.2,81401.4,82357.6,83313.8,85226.2,86182.4,87138.6,88094.8,89051.0
1743,21165,1216,1141.0,1148.5,1156.0,1163.5,1171.0,1178.5,1186.0,1193.5,1201.0,1208.5,1223.5,1231.0,1238.5,1246.0,1253.5
1744,21166,8918,8056.0,8142.2,8228.4,8314.6,8400.8,8487.0,8573.2,8659.4,8745.6,8831.8,9004.2,9090.4,9176.6,9262.8,9349.0
1745,21167,10373,10240.0,10253.3,10266.6,10279.9,10293.2,10306.5,10319.8,10333.1,10346.4,10359.7,10386.3,10399.6,10412.9,10426.2,10439.5
1746,21168,7523,6580.0,6674.3,6768.6,6862.9,6957.2,7051.5,7145.8,7240.1,7334.4,7428.7,7617.3,7711.6,7805.9,7900.2,7994.5
1747,21169,22331,20478.0,20663.3,20848.6,21033.9,21219.2,21404.5,21589.8,21775.1,21960.4,22145.7,22516.3,22701.6,22886.9,23072.2,23257.5
1748,21170,19200,16390.0,16671.0,16952.0,17233.0,17514.0,17795.0,18076.0,18357.0,18638.0,18919.0,19481.0,19762.0,20043.0,20324.0,20605.0
1749,21171,3851,3365.0,3413.6,3462.2,3510.8,3559.4,3608.0,3656.6,3705.2,3753.8,3802.4,3899.6,3948.2,3996.8,4045.4,4094.0
1750,21172,27216,25793.0,25935.3,26077.6,26219.9,26362.2,26504.5,26646.8,26789.1,26931.4,27073.7,27358.3,27500.6,27642.9,27785.2,27927.5
1751,21173,6653,5689.0,5785.4,5881.8,5978.2,6074.6,6171.0,6267.4,6363.8,6460.2,6556.6,6749.4,6845.8,6942.2,7038.6,7135.0
1752,21174,103583,92246.0,93379.7,94513.4,95647.1,96780.8,97914.5,99048.2,100181.9,101315.6,102449.3,104716.7,105850.4,106984.1,108117.8,109251.5
1753,21175,14432,9807.0,10269.5,10732.0,11194.5,11657.0,12119.5,12582.0,13044.5,13507.0,13969.5,14894.5,15357.0,15819.5,16282.0,16744.5
1754,21176,9664,8401.0,8527.3,8653.6,8779.9,8906.2,9032.5,9158.8,9285.1,9411.4,9537.7,9790.3,9916.6,10042.9,10169.2,10295.5
1755,21177,54757,48268.0,48916.9,49565.8,50214.7,50863.6,51512.5,52161.4,52810.3,53459.2,54108.1,55405.9,56054.8,56703.7,57352.6,58001.5
1756,21178,15977,17115.0,17001.2,16887.4,16773.6,16659.8,16546.0,16432.2,16318.4,16204.6,16090.8,15863.2,15749.4,15635.6,15521.8,15408.0
1757,21179,31639,28568.0,28875.1,29182.2,29489.3,29796.4,30103.5,30410.6,30717.7,31024.8,31331.9,31946.1,32253.2,32560.3,32867.4,33174.5
1758,21180,41547,36518.0,37020.9,37523.8,38026.7,38529.6,39032.5,39535.4,40038.3,40541.2,41044.1,42049.9,42552.8,43055.7,43558.6,44061.5
1759,21181,7425,6269.0,6384.6,6500.2,6615.8,6731.4,6847.0,6962.6,7078.2,7193.8,7309.4,7540.6,7656.2,7771.8,7887.4,8003.0
1760,21182,5390,4833.0,4888.7,4944.4,5000.1,5055.8,5111.5,5167.2,5222.9,5278.6,5334.3,5445.7,5501.4,5557.1,5612.8,5668.5
1761,21183,20433,19826.0,19886.7,19947.4,20008.1,20068.8,20129.5,20190.2,20250.9,20311.6,20372.3,20493.7,20554.4,20615.1,20675.8,20736.5
1762,21184,6422,6406.0,6407.6,6409.2,6410.8,6412.4,6414.0,6415.6,6417.2,6418.8,6420.4,6423.6,6425.2,6426.8,6428.4,6430.0
1763,21185,10344,8404.0,8598.0,8792.0,8986.0,9180.0,9374.0,9568.0,9762.0,9956.0,10150.0,10538.0,10732.0,10926.0,11120.0,11314.0
1764,21186,55576,51495.0,51903.1,52311.2,52719.3,53127.4,53535.5,53943.6,54351.7,54759.8,55167.9,55984.1,56392.2,56800.3,57208.4,57616.5
1765,21187,4934,5415.0,5366.9,5318.8,5270.7,5222.6,5174.5,5126.4,5078.3,5030.2,4982.1,4885.9,4837.8,4789.7,4741.6,4693.5
1766,21188,19315,17028.0,17256.7,17485.4,17714.1,17942.8,18171.5,18400.2,18628.9,18857.6,19086.3,19543.7,19772.4,20001.1,20229.8,20458.5
1767,21189,22454,19701.0,19976.3,20251.6,20526.9,20802.2,21077.5,21352.8,21628.1,21903.4,22178.7,22729.3,23004.6,23279.9,23555.2,23830.5
1768,21190,1187,1155.0,1158.2,1161.4,1164.6,1167.8,1171.0,1174.2,1177.4,1180.6,1183.8,1190.2,1193.4,1196.6,1199.8,1203.0
1769,21191,9871,9245.0,9307.6,9370.2,9432.8,9495.4,9558.0,9620.6,9683.2,9745.8,9808.4,9933.6,9996.2,10058.8,10121.4,10184.0
1770,21192,5924,5983.0,5977.1,5971.2,5965.3,5959.4,5953.5,5947.6,5941.7,5935.8,5929.9,5918.1,5912.2,5906.3,5900.4,5894.5
1771,21193,6476,6242.0,6265.4,6288.8,6312.2,6335.6,6359.0,6382.4,6405.8,6429.2,6452.6,6499.4,6522.8,6546.2,6569.6,6593.0
1772,21194,28395,27890.0,27940.5,27991.0,28041.5,28092.0,28142.5,28193.0,28243.5,28294.0,28344.5,28445.5,28496.0,28546.5,28597.0,28647.5
1773,21195,26559,24217.0,24451.2,24685.4,24919.6,25153.8,25388.0,25622.2,25856.4,26090.6,26324.8,26793.2,27027.4,27261.6,27495.8,27730.0
1774,21196,1570,1649.0,1641.1,1633.2,1625.3,1617.4,1609.5,1601.6,1593.7,1585.8,1577.9,1562.1,1554.2,1546.3,1538.4,1530.5
1775,21197,80591,75601.0,76100.0,76599.0,77098.0,77597.0,78096.0,78595.0,79094.0,79593.0,80092.0,81090.0,81589.0,82088.0,82587.0,83086.0
1776,21198,1312,1241.0,1248.1,1255.2,1262.3,1269.4,1276.5,1283.6,1290.7,1297.8,1304.9,1319.1,1326.2,1333.3,1340.4,1347.5
1777,21199,42943,37910.0,38413.3,38916.6,39419.9,39923.2,40426.5,40929.8,41433.1,41936.4,42439.7,43446.3,43949.6,44452.9,44956.2,45459.5
1778,21200,3443,3911.0,3864.2,3817.4,3770.6,3723.8,3677.0,3630.2,3583.4,3536.6,3489.8,3396.2,3349.4,3302.6,3255.8,3209.0
1779,21201,3375,3187.0,3205.8,3224.6,3243.4,3262.2,3281.0,3299.8,3318.6,3337.4,3356.2,3393.8,3412.6,3431.4,3450.2,3469.0
1780,21202,13025,12249.0,12326.6,12404.2,12481.8,12559.4,12637.0,12714.6,12792.2,12869.8,12947.4,13102.6,13180.2,13257.8,13335.4,13413.0
1781,21203,7178,6049.0,6161.9,6274.8,6387.7,6500.6,6613.5,6726.4,6839.3,6952.2,7065.1,7290.9,7403.8,7516.7,7629.6,7742.5
1782,21204,7926,7514.0,7555.2,7596.4,7637.6,7678.8,7720.0,7761.2,7802.4,7843.6,7884.8,7967.2,8008.4,8049.6,8090.8,8132.0
1783,21205,26392,22976.0,23317.6,23659.2,24000.8,24342.4,24684.0,25025.6,25367.2,25708.8,26050.4,26733.6,27075.2,27416.8,27758.4,28100.0
1784,21206,4647,4224.0,4266.3,4308.6,4350.9,4393.2,4435.5,4477.8,4520.1,4562.4,4604.7,4689.3,4731.6,4773.9,4816.2,4858.5
1785,21207,57887,53295.0,53754.2,54213.4,54672.6,55131.8,55591.0,56050.2,56509.4,56968.6,57427.8,58346.2,58805.4,59264.6,59723.8,60183.0
1786,21208,87361,76296.0,77402.5,78509.0,79615.5,80722.0,81828.5,82935.0,84041.5,85148.0,86254.5,88467.5,89574.0,90680.5,91787.0,92893.5
1787,21209,8595,8220.0,8257.5,8295.0,8332.5,8370.0,8407.5,8445.0,8482.5,8520.0,8557.5,8632.5,8670.0,8707.5,8745.0,8782.5
1788,21210,5675,5608.0,5614.7,5621.4,5628.1,5634.8,5641.5,5648.2,5654.9,5661.6,5668.3,5681.7,5688.4,5695.1,5701.8,5708.5
1789,21211,16752,15444.0,15574.8,15705.6,15836.4,15967.2,16098.0,16228.8,16359.6,16490.4,16621.2,16882.8,17013.6,17144.4,17275.2,17406.0
1790,21212,20717,19438.0,19565.9,19693.8,19821.7,19949.6,20077.5,20205.4,20333.3,20461.2,20589.1,20844.9,20972.8,21100.7,21228.6,21356.5
1791,21213,11967,12530.0,12473.7,12417.4,12361.1,12304.8,12248.5,12192.2,12135.9,12079.6,12023.3,11910.7,11854.4,11798.1,11741.8,11685.5
1792,21214,18359,15690.0,15956.9,16223.8,16490.7,16757.6,17024.5,17291.4,17558.3,17825.2,18092.1,18625.9,18892.8,19159.7,19426.6,19693.5
1793,21215,4539,4599.0,4593.0,4587.0,4581.0,4575.0,4569.0,4563.0,4557.0,4551.0,4545.0,4533.0,4527.0,4521.0,4515.0,4509.0
1794,21216,2452,2639.0,2620.3,2601.6,2582.9,2564.2,2545.5,2526.8,2508.1,2489.4,2470.7,2433.3,2414.6,2395.9,2377.2,2358.5
1795,21217,20335,20529.0,20509.6,20490.2,20470.8,20451.4,20432.0,20412.6,20393.2,20373.8,20354.4,20315.6,20296.2,20276.8,20257.4,20238.0
1796,22001,66841,62197.0,62661.4,63125.8,63590.2,64054.6,64519.0,64983.4,65447.8,65912.2,66376.6,67305.4,67769.8,68234.2,68698.6,69163.0
1797,22002,27365,27093.0,27120.2,27147.4,27174.6,27201.8,27229.0,27256.2,27283.4,27310.6,27337.8,27392.2,27419.4,27446.6,27473.8,27501.0
1798,22003,13142,12910.0,12933.2,12956.4,12979.6,13002.8,13026.0,13049.2,13072.4,13095.6,13118.8,13165.2,13188.4,13211.6,13234.8,13258.0
1799,22004,69075,64183.0,64672.2,65161.4,65650.6,66139.8,66629.0,67118.2,67607.4,68096.6,68585.8,69564.2,70053.4,70542.6,71031.8,71521.0
1800,22005,67121,58171.0,59066.0,59961.0,60856.0,61751.0,62646.0,63541.0,64436.0,65331.0,66226.0,68016.0,68911.0,69806.0,70701.0,71596.0
1801,22006,212567,143073.0,150022.4,156971.8,163921.2,170870.6,177820.0,184769.4,191718.8,198668.2,205617.6,219516.4,226465.8,233415.2,240364.6,247314.0
1802,22007,45141,38121.0,38823.0,39525.0,40227.0,40929.0,41631.0,42333.0,43035.0,43737.0,44439.0,45843.0,46545.0,47247.0,47949.0,48651.0
1803,22008,36808,35554.0,35679.4,35804.8,35930.2,36055.6,36181.0,36306.4,36431.8,36557.2,36682.6,36933.4,37058.8,37184.2,37309.6,37435.0
1804,22009,27343,25550.0,25729.3,25908.6,26087.9,26267.2,26446.5,26625.8,26805.1,26984.4,27163.7,27522.3,27701.6,27880.9,28060.2,28239.5
1805,22010,18794,19929.0,19815.5,19702.0,19588.5,19475.0,19361.5,19248.0,19134.5,19021.0,18907.5,18680.5,18567.0,18453.5,18340.0,18226.5
1806,22011,231668,116393.0,127920.5,139448.0,150975.5,162503.0,174030.5,185558.0,197085.5,208613.0,220140.5,243195.5,254723.0,266250.5,277778.0,289305.5
1807,22012,77404,63966.0,65309.8,66653.6,67997.4,69341.2,70685.0,72028.8,73372.6,74716.4,76060.2,78747.8,80091.6,81435.4,82779.2,84123.0
1808,22013,19141,18441.0,18511.0,18581.0,18651.0,18721.0,18791.0,18861.0,18931.0,19001.0,19071.0,19211.0,19281.0,19351.0,19421.0,19491.0
1809,22014,1049777,801940.0,826723.7,851507.4,876291.1,901074.8,925858.5,950642.2,975425.9,1000209.6,1024993.3,1074560.7,1099344.4,1124128.1,1148911.8,1173695.5
1810,22015,8359,8865.0,8814.4,8763.8,8713.2,8662.6,8612.0,8561.4,8510.8,8460.2,8409.6,8308.4,8257.8,8207.2,8156.6,8106.0
1811,22016,297804,241699.0,247309.5,252920.0,258530.5,264141.0,269751.5,275362.0,280972.5,286583.0,292193.5,303414.5,309025.0,314635.5,320246.0,325856.5
1812,22017,72201,63413.0,64291.8,65170.6,66049.4,66928.2,67807.0,68685.8,69564.6,70443.4,71322.2,73079.8,73958.6,74837.4,75716.2,76595.0
1813,22018,27916,26372.0,26526.4,26680.8,26835.2,26989.6,27144.0,27298.4,27452.8,27607.2,27761.6,28070.4,28224.8,28379.2,28533.6,28688.0
1814,23001,88626,79535.0,80444.1,81353.2,82262.3,83171.4,84080.5,84989.6,85898.7,86807.8,87716.9,89535.1,90444.2,91353.3,92262.4,93171.5
1815,23002,83990,75026.0,75922.4,76818.8,77715.2,78611.6,79508.0,80404.4,81300.8,82197.2,83093.6,84886.4,85782.8,86679.2,87575.6,88472.0
1816,23003,22686,16203.0,16851.3,17499.6,18147.9,18796.2,19444.5,20092.8,20741.1,21389.4,22037.7,23334.3,23982.6,24630.9,25279.2,25927.5
1817,23004,233648,244553.0,243462.5,242372.0,241281.5,240191.0,239100.5,238010.0,236919.5,235829.0,234738.5,232557.5,231467.0,230376.5,229286.0,228195.5
1818,23005,911503,661176.0,686208.7,711241.4,736274.1,761306.8,786339.5,811372.2,836404.9,861437.6,886470.3,936535.7,961568.4,986601.1,1011633.8,1036666.5
1819,23006,39165,36179.0,36477.6,36776.2,37074.8,37373.4,37672.0,37970.6,38269.2,38567.8,38866.4,39463.6,39762.2,40060.8,40359.4,40658.0
1820,23007,29171,25333.0,25716.8,26100.6,26484.4,26868.2,27252.0,27635.8,28019.6,28403.4,28787.2,29554.8,29938.6,30322.4,30706.2,31090.0
1821,23008,333800,159310.0,176759.0,194208.0,211657.0,229106.0,246555.0,264004.0,281453.0,298902.0,316351.0,351249.0,368698.0,386147.0,403596.0,421045.0
1822,23009,46721,28263.0,30108.8,31954.6,33800.4,35646.2,37492.0,39337.8,41183.6,43029.4,44875.2,48566.8,50412.6,52258.4,54104.2,55950.0
1823,23010,41754,,,,,,,,,,,,,,,
1824,23011,26921,,,,,,,,,,,,,,,
1825,24001,18974,18644.0,18677.0,18710.0,18743.0,18776.0,18809.0,18842.0,18875.0,18908.0,18941.0,19007.0,19040.0,19073.0,19106.0,19139.0
1826,24002,7785,8186.0,8145.9,8105.8,8065.7,8025.6,7985.5,7945.4,7905.3,7865.2,7825.1,7744.9,7704.8,7664.7,7624.6,7584.5
1827,24003,48359,47423.0,47516.6,47610.2,47703.8,47797.4,47891.0,47984.6,48078.2,48171.8,48265.4,48452.6,48546.2,48639.8,48733.4,48827.0
1828,24004,4013,4436.0,4393.7,4351.4,4309.1,4266.8,4224.5,4182.2,4139.9,4097.6,4055.3,3970.7,3928.4,3886.1,3843.8,3801.5
1829,24005,18317,18937.0,18875.0,18813.0,18751.0,18689.0,18627.0,18565.0,18503.0,18441.0,18379.0,18255.0,18193.0,18131.0,18069.0,18007.0
1830,24006,9579,9716.0,9702.3,9688.6,9674.9,9661.2,9647.5,9633.8,9620.1,9606.4,9592.7,9565.3,9551.6,9537.9,9524.2,9510.5
1831,24007,19840,18485.0,18620.5,18756.0,18891.5,19027.0,19162.5,19298.0,19433.5,19569.0,19704.5,19975.5,20111.0,20246.5,20382.0,20517.5
1832,24008,22075,21394.0,21462.1,21530.2,21598.3,21666.4,21734.5,21802.6,21870.7,21938.8,22006.9,22143.1,22211.2,22279.3,22347.4,22415.5
1833,24009,5050,4021.0,4123.9,4226.8,4329.7,4432.6,4535.5,4638.4,4741.3,4844.2,4947.1,5152.9,5255.8,5358.7,5461.6,5564.5
1834,24010,30320,31323.0,31222.7,31122.4,31022.1,30921.8,30821.5,30721.2,30620.9,30520.6,30420.3,30219.7,30119.4,30019.1,29918.8,29818.5
1835,24011,48106,43528.0,43985.8,44443.6,44901.4,45359.2,45817.0,46274.8,46732.6,47190.4,47648.2,48563.8,49021.6,49479.4,49937.2,50395.0
1836,24012,20300,21039.0,20965.1,20891.2,20817.3,20743.4,20669.5,20595.6,20521.7,20447.8,20373.9,20226.1,20152.2,20078.3,20004.4,19930.5
1837,24013,179371,167713.0,168878.8,170044.6,171210.4,172376.2,173542.0,174707.8,175873.6,177039.4,178205.2,180536.8,181702.6,182868.4,184034.2,185200.0
1838,24014,15660,17015.0,16879.5,16744.0,16608.5,16473.0,16337.5,16202.0,16066.5,15931.0,15795.5,15524.5,15389.0,15253.5,15118.0,14982.5
1839,24015,21814,21138.0,21205.6,21273.2,21340.8,21408.4,21476.0,21543.6,21611.2,21678.8,21746.4,21881.6,21949.2,22016.8,22084.4,22152.0
1840,24016,40899,41529.0,41466.0,41403.0,41340.0,41277.0,41214.0,41151.0,41088.0,41025.0,40962.0,40836.0,40773.0,40710.0,40647.0,40584.0
1841,24017,25119,25985.0,25898.4,25811.8,25725.2,25638.6,25552.0,25465.4,25378.8,25292.2,25205.6,25032.4,24945.8,24859.2,24772.6,24686.0
1842,24018,15334,15311.0,15313.3,15315.6,15317.9,15320.2,15322.5,15324.8,15327.1,15329.4,15331.7,15336.3,15338.6,15340.9,15343.2,15345.5
1843,24019,5453,5774.0,5741.9,5709.8,5677.7,5645.6,5613.5,5581.4,5549.3,5517.2,5485.1,5420.9,5388.8,5356.7,5324.6,5292.5
1844,24020,102199,91522.0,92589.7,93657.4,94725.1,95792.8,96860.5,97928.2,98995.9,100063.6,101131.3,103266.7,104334.4,105402.1,106469.8,107537.5
1845,24021,58469,53442.0,53944.7,54447.4,54950.1,55452.8,55955.5,56458.2,56960.9,57463.6,57966.3,58971.7,59474.4,59977.1,60479.8,60982.5
1846,24022,19036,19327.0,19297.9,19268.8,19239.7,19210.6,19181.5,19152.4,19123.3,19094.2,19065.1,19006.9,18977.8,18948.7,18919.6,18890.5
1847,24023,15301,15707.0,15666.4,15625.8,15585.2,15544.6,15504.0,15463.4,15422.8,15382.2,15341.6,15260.4,15219.8,15179.2,15138.6,15098.0
1848,24024,97943,91924.0,92525.9,93127.8,93729.7,94331.6,94933.5,95535.4,96137.3,96739.2,97341.1,98544.9,99146.8,99748.7,100350.6,100952.5
1849,24025,31107,30190.0,30281.7,30373.4,30465.1,30556.8,30648.5,30740.2,30831.9,30923.6,31015.3,31198.7,31290.4,31382.1,31473.8,31565.5
1850,24026,9382,9390.0,9389.2,9388.4,9387.6,9386.8,9386.0,9385.2,9384.4,9383.6,9382.8,9381.2,9380.4,9379.6,9378.8,9378.0
1851,24027,10215,10171.0,10175.4,10179.8,10184.2,10188.6,10193.0,10197.4,10201.8,10206.2,10210.6,10219.4,10223.8,10228.2,10232.6,10237.0
1852,24028,911908,772604.0,786534.4,800464.8,814395.2,828325.6,842256.0,856186.4,870116.8,884047.2,897977.6,925838.4,939768.8,953699.2,967629.6,981560.0
1853,24029,18468,21347.0,21059.1,20771.2,20483.3,20195.4,19907.5,19619.6,19331.7,19043.8,18755.9,18180.1,17892.2,17604.3,17316.4,17028.5
1854,24030,4779,5466.0,5397.3,5328.6,5259.9,5191.2,5122.5,5053.8,4985.1,4916.4,4847.7,4710.3,4641.6,4572.9,4504.2,4435.5
1855,24031,12163,11835.0,11867.8,11900.6,11933.4,11966.2,11999.0,12031.8,12064.6,12097.4,12130.2,12195.8,12228.6,12261.4,12294.2,12327.0
1856,24032,39880,40326.0,40281.4,40236.8,40192.2,40147.6,40103.0,40058.4,40013.8,39969.2,39924.6,39835.4,39790.8,39746.2,39701.6,39657.0
1857,24033,10785,12043.0,11917.2,11791.4,11665.6,11539.8,11414.0,11288.2,11162.4,11036.6,10910.8,10659.2,10533.4,10407.6,10281.8,10156.0
1858,24034,14945,14958.0,14956.7,14955.4,14954.1,14952.8,14951.5,14950.2,14948.9,14947.6,14946.3,14943.7,14942.4,14941.1,14939.8,14938.5
1859,24035,332072,267839.0,274262.3,280685.6,287108.9,293532.2,299955.5,306378.8,312802.1,319225.4,325648.7,338495.3,344918.6,351341.9,357765.2,364188.5
1860,24036,29184,28848.0,28881.6,28915.2,28948.8,28982.4,29016.0,29049.6,29083.2,29116.8,29150.4,29217.6,29251.2,29284.8,29318.4,29352.0
1861,24037,95037,96820.0,96641.7,96463.4,96285.1,96106.8,95928.5,95750.2,95571.9,95393.6,95215.3,94858.7,94680.4,94502.1,94323.8,94145.5
1862,24038,14348,15838.0,15689.0,15540.0,15391.0,15242.0,15093.0,14944.0,14795.0,14646.0,14497.0,14199.0,14050.0,13901.0,13752.0,13603.0
1863,24039,13603,14274.0,14206.9,14139.8,14072.7,14005.6,13938.5,13871.4,13804.3,13737.2,13670.1,13535.9,13468.8,13401.7,13334.6,13267.5
1864,24040,36968,37956.0,37857.2,37758.4,37659.6,37560.8,37462.0,37363.2,37264.4,37165.6,37066.8,36869.2,36770.4,36671.6,36572.8,36474.0
1865,24041,18208,19312.0,19201.6,19091.2,18980.8,18870.4,18760.0,18649.6,18539.2,18428.8,18318.4,18097.6,17987.2,17876.8,17766.4,17656.0
1866,24042,13448,14382.0,14288.6,14195.2,14101.8,14008.4,13915.0,13821.6,13728.2,13634.8,13541.4,13354.6,13261.2,13167.8,13074.4,12981.0
1867,24043,7966,9024.0,8918.2,8812.4,8706.6,8600.8,8495.0,8389.2,8283.4,8177.6,8071.8,7860.2,7754.4,7648.6,7542.8,7437.0
1868,24044,7557,7902.0,7867.5,7833.0,7798.5,7764.0,7729.5,7695.0,7660.5,7626.0,7591.5,7522.5,7488.0,7453.5,7419.0,7384.5
1869,24045,14188,14492.0,14461.6,14431.2,14400.8,14370.4,14340.0,14309.6,14279.2,14248.8,14218.4,14157.6,14127.2,14096.8,14066.4,14036.0
1870,24046,18206,16316.0,16505.0,16694.0,16883.0,17072.0,17261.0,17450.0,17639.0,17828.0,18017.0,18395.0,18584.0,18773.0,18962.0,19151.0
1871,24047,9277,9779.0,9728.8,9678.6,9628.4,9578.2,9528.0,9477.8,9427.6,9377.4,9327.2,9226.8,9176.6,9126.4,9076.2,9026.0
1872,24048,5298,5350.0,5344.8,5339.6,5334.4,5329.2,5324.0,5318.8,5313.6,5308.4,5303.2,5292.8,5287.6,5282.4,5277.2,5272.0
1873,24049,38389,37928.0,37974.1,38020.2,38066.3,38112.4,38158.5,38204.6,38250.7,38296.8,38342.9,38435.1,38481.2,38527.3,38573.4,38619.5
1874,24050,52912,46898.0,47499.4,48100.8,48702.2,49303.6,49905.0,50506.4,51107.8,51709.2,52310.6,53513.4,54114.8,54716.2,55317.6,55919.0
1875,24051,15458,14876.0,14934.2,14992.4,15050.6,15108.8,15167.0,15225.2,15283.4,15341.6,15399.8,15516.2,15574.4,15632.6,15690.8,15749.0
1876,24052,10304,10174.0,10187.0,10200.0,10213.0,10226.0,10239.0,10252.0,10265.0,10278.0,10291.0,10317.0,10330.0,10343.0,10356.0,10369.0
1877,24053,32544,33245.0,33174.9,33104.8,33034.7,32964.6,32894.5,32824.4,32754.3,32684.2,32614.1,32473.9,32403.8,32333.7,32263.6,32193.5
1878,24054,49741,51498.0,51322.3,51146.6,50970.9,50795.2,50619.5,50443.8,50268.1,50092.4,49916.7,49565.3,49389.6,49213.9,49038.2,48862.5
1879,24055,27386,24596.0,24875.0,25154.0,25433.0,25712.0,25991.0,26270.0,26549.0,26828.0,27107.0,27665.0,27944.0,28223.0,28502.0,28781.0
1880,24056,17258,15528.0,15701.0,15874.0,16047.0,16220.0,16393.0,16566.0,16739.0,16912.0,17085.0,17431.0,17604.0,17777.0,17950.0,18123.0
1881,24057,28996,30299.0,30168.7,30038.4,29908.1,29777.8,29647.5,29517.2,29386.9,29256.6,29126.3,28865.7,28735.4,28605.1,28474.8,28344.5
1882,24058,20959,20495.0,20541.4,20587.8,20634.2,20680.6,20727.0,20773.4,20819.8,20866.2,20912.6,21005.4,21051.8,21098.2,21144.6,21191.0
1883,25001,459310,416299.0,420600.1,424901.2,429202.3,433503.4,437804.5,442105.6,446406.7,450707.8,455008.9,463611.1,467912.2,472213.3,476514.4,480815.5
1884,25002,44093,44993.0,44903.0,44813.0,44723.0,44633.0,44543.0,44453.0,44363.0,44273.0,44183.0,44003.0,43913.0,43823.0,43733.0,43643.0
1885,25003,26542,29999.0,29653.3,29307.6,28961.9,28616.2,28270.5,27924.8,27579.1,27233.4,26887.7,26196.3,25850.6,25504.9,25159.2,24813.5
1886,25004,24899,28493.0,28133.6,27774.2,27414.8,27055.4,26696.0,26336.6,25977.2,25617.8,25258.4,24539.6,24180.2,23820.8,23461.4,23102.0
1887,25005,17012,16697.0,16728.5,16760.0,16791.5,16823.0,16854.5,16886.0,16917.5,16949.0,16980.5,17043.5,17075.0,17106.5,17138.0,17169.5
1888,25006,1003530,858638.0,873127.2,887616.4,902105.6,916594.8,931084.0,945573.2,960062.4,974551.6,989040.8,1018019.2,1032508.4,1046997.6,1061486.8,1075976.0
1889,25007,29334,32998.0,32631.6,32265.2,31898.8,31532.4,31166.0,30799.6,30433.2,30066.8,29700.4,28967.6,28601.2,28234.8,27868.4,27502.0
1890,25008,55339,42907.0,44150.2,45393.4,46636.6,47879.8,49123.0,50366.2,51609.4,52852.6,54095.8,56582.2,57825.4,59068.6,60311.8,61555.0
1891,25009,59988,54131.0,54716.7,55302.4,55888.1,56473.8,57059.5,57645.2,58230.9,58816.6,59402.3,60573.7,61159.4,61745.1,62330.8,62916.5
1892,25010,96593,97536.0,97441.7,97347.4,97253.1,97158.8,97064.5,96970.2,96875.9,96781.6,96687.3,96498.7,96404.4,96310.1,96215.8,96121.5
1893,25011,289370,285912.0,286257.8,286603.6,286949.4,287295.2,287641.0,287986.8,288332.6,288678.4,289024.2,289715.8,290061.6,290407.4,290753.2,291099.0
1894,25012,501441,438434.0,444734.7,451035.4,457336.1,463636.8,469937.5,476238.2,482538.9,488839.6,495140.3,507741.7,514042.4,520343.1,526643.8,532944.5
1895,25013,40358,45847.0,45298.1,44749.2,44200.3,43651.4,43102.5,42553.6,42004.7,41455.8,40906.9,39809.1,39260.2,38711.3,38162.4,37613.5
1896,25014,52345,49380.0,49676.5,49973.0,50269.5,50566.0,50862.5,51159.0,51455.5,51752.0,52048.5,52641.5,52938.0,53234.5,53531.0,53827.5
1897,25015,79492,79085.0,79125.7,79166.4,79207.1,79247.8,79288.5,79329.2,79369.9,79410.6,79451.3,79532.7,79573.4,79614.1,79654.8,79695.5
1898,25016,19505,22527.0,22224.8,21922.6,21620.4,21318.2,21016.0,20713.8,20411.6,20109.4,19807.2,19202.8,18900.6,18598.4,18296.2,17994.0
1899,25017,78670,88282.0,87320.8,86359.6,85398.4,84437.2,83476.0,82514.8,81553.6,80592.4,79631.2,77708.8,76747.6,75786.4,74825.2,73864.0
1900,25018,149122,135603.0,136954.9,138306.8,139658.7,141010.6,142362.5,143714.4,145066.3,146418.2,147770.1,150473.9,151825.8,153177.7,154529.6,155881.5
1901,26001,2563,2637.0,2629.6,2622.2,2614.8,2607.4,2600.0,2592.6,2585.2,2577.8,2570.4,2555.6,2548.2,2540.8,2533.4,2526.0
1902,26002,91929,79138.0,80417.1,81696.2,82975.3,84254.4,85533.5,86812.6,88091.7,89370.8,90649.9,93208.1,94487.2,95766.3,97045.4,98324.5
1903,26003,24976,25848.0,25760.8,25673.6,25586.4,25499.2,25412.0,25324.8,25237.6,25150.4,25063.2,24888.8,24801.6,24714.4,24627.2,24540.0
1904,26004,9492,9049.0,9093.3,9137.6,9181.9,9226.2,9270.5,9314.8,9359.1,9403.4,9447.7,9536.3,9580.6,9624.9,9669.2,9713.5
1905,26005,1177,1253.0,1245.4,1237.8,1230.2,1222.6,1215.0,1207.4,1199.8,1192.2,1184.6,1169.4,1161.8,1154.2,1146.6,1139.0
1906,26006,2788,3037.0,3012.1,2987.2,2962.3,2937.4,2912.5,2887.6,2862.7,2837.8,2812.9,2763.1,2738.2,2713.3,2688.4,2663.5
1907,26007,626,625.0,625.1,625.2,625.3,625.4,625.5,625.6,625.7,625.8,625.9,626.1,626.2,626.3,626.4,626.5
1908,26008,979,1252.0,1224.7,1197.4,1170.1,1142.8,1115.5,1088.2,1060.9,1033.6,1006.3,951.7,924.4,897.1,869.8,842.5
1909,26009,759,784.0,781.5,779.0,776.5,774.0,771.5,769.0,766.5,764.0,761.5,756.5,754.0,751.5,749.0,746.5
1910,26010,1221,1467.0,1442.4,1417.8,1393.2,1368.6,1344.0,1319.4,1294.8,1270.2,1245.6,1196.4,1171.8,1147.2,1122.6,1098.0
1911,26011,1475,1646.0,1628.9,1611.8,1594.7,1577.6,1560.5,1543.4,1526.3,1509.2,1492.1,1457.9,1440.8,1423.7,1406.6,1389.5
1912,26012,23151,22821.0,22854.0,22887.0,22920.0,22953.0,22986.0,23019.0,23052.0,23085.0,23118.0,23184.0,23217.0,23250.0,23283.0,23316.0
1913,26013,1825,1646.0,1663.9,1681.8,1699.7,1717.6,1735.5,1753.4,1771.3,1789.2,1807.1,1842.9,1860.8,1878.7,1896.6,1914.5
1914,26014,3191,3560.0,3523.1,3486.2,3449.3,3412.4,3375.5,3338.6,3301.7,3264.8,3227.9,3154.1,3117.2,3080.3,3043.4,3006.5
1915,26015,1169,1454.0,1425.5,1397.0,1368.5,1340.0,1311.5,1283.0,1254.5,1226.0,1197.5,1140.5,1112.0,1083.5,1055.0,1026.5
1916,26016,4988,5275.0,5246.3,5217.6,5188.9,5160.2,5131.5,5102.8,5074.1,5045.4,5016.7,4959.3,4930.6,4901.9,4873.2,4844.5
1917,26017,89122,81309.0,82090.3,82871.6,83652.9,84434.2,85215.5,85996.8,86778.1,87559.4,88340.7,89903.3,90684.6,91465.9,92247.2,93028.5
1918,26018,436484,409310.0,412027.4,414744.8,417462.2,420179.6,422897.0,425614.4,428331.8,431049.2,433766.6,439201.4,441918.8,444636.2,447353.6,450071.0
1919,26019,39451,32936.0,33587.5,34239.0,34890.5,35542.0,36193.5,36845.0,37496.5,38148.0,38799.5,40102.5,40754.0,41405.5,42057.0,42708.5
1920,26020,4946,5347.0,5306.9,5266.8,5226.7,5186.6,5146.5,5106.4,5066.3,5026.2,4986.1,4905.9,4865.8,4825.7,4785.6,4745.5
1921,26021,1848,1663.0,1681.5,1700.0,1718.5,1737.0,1755.5,1774.0,1792.5,1811.0,1829.5,1866.5,1885.0,1903.5,1922.0,1940.5
1922,26022,863,958.0,948.5,939.0,929.5,920.0,910.5,901.0,891.5,882.0,872.5,853.5,844.0,834.5,825.0,815.5
1923,26023,5829,6362.0,6308.7,6255.4,6202.1,6148.8,6095.5,6042.2,5988.9,5935.6,5882.3,5775.7,5722.4,5669.1,5615.8,5562.5
1924,26024,753,813.0,807.0,801.0,795.0,789.0,783.0,777.0,771.0,765.0,759.0,747.0,741.0,735.0,729.0,723.0
1925,26025,51431,54131.0,53861.0,53591.0,53321.0,53051.0,52781.0,52511.0,52241.0,51971.0,51701.0,51161.0,50891.0,50621.0,50351.0,50081.0
1926,26026,61309,60717.0,60776.2,60835.4,60894.6,60953.8,61013.0,61072.2,61131.4,61190.6,61249.8,61368.2,61427.4,61486.6,61545.8,61605.0
1927,26027,9041,8639.0,8679.2,8719.4,8759.6,8799.8,8840.0,8880.2,8920.4,8960.6,9000.8,9081.2,9121.4,9161.6,9201.8,9242.0
1928,26028,1009,1150.0,1135.9,1121.8,1107.7,1093.6,1079.5,1065.4,1051.3,1037.2,1023.1,994.9,980.8,966.7,952.6,938.5
1929,26029,156863,149299.0,150055.4,150811.8,151568.2,152324.6,153081.0,153837.4,154593.8,155350.2,156106.6,157619.4,158375.8,159132.2,159888.6,160645.0
1930,26030,936263,784342.0,799534.1,814726.2,829918.3,845110.4,860302.5,875494.6,890686.7,905878.8,921070.9,951455.1,966647.2,981839.3,997031.4,1012223.5
1931,26031,1186,1350.0,1333.6,1317.2,1300.8,1284.4,1268.0,1251.6,1235.2,1218.8,1202.4,1169.6,1153.2,1136.8,1120.4,1104.0
1932,26032,888,962.0,954.6,947.2,939.8,932.4,925.0,917.6,910.2,902.8,895.4,880.6,873.2,865.8,858.4,851.0
1933,26033,77682,79313.0,79149.9,78986.8,78823.7,78660.6,78497.5,78334.4,78171.3,78008.2,77845.1,77518.9,77355.8,77192.7,77029.6,76866.5
1934,26034,943,1154.0,1132.9,1111.8,1090.7,1069.6,1048.5,1027.4,1006.3,985.2,964.1,921.9,900.8,879.7,858.6,837.5
1935,26035,12536,12316.0,12338.0,12360.0,12382.0,12404.0,12426.0,12448.0,12470.0,12492.0,12514.0,12558.0,12580.0,12602.0,12624.0,12646.0
1936,26036,33049,29707.0,30041.2,30375.4,30709.6,31043.8,31378.0,31712.2,32046.4,32380.6,32714.8,33383.2,33717.4,34051.6,34385.8,34720.0
1937,26037,1101,1350.0,1325.1,1300.2,1275.3,1250.4,1225.5,1200.6,1175.7,1150.8,1125.9,1076.1,1051.2,1026.3,1001.4,976.5
1938,26038,5173,4680.0,4729.3,4778.6,4827.9,4877.2,4926.5,4975.8,5025.1,5074.4,5123.7,5222.3,5271.6,5320.9,5370.2,5419.5
1939,26039,5774,6401.0,6338.3,6275.6,6212.9,6150.2,6087.5,6024.8,5962.1,5899.4,5836.7,5711.3,5648.6,5585.9,5523.2,5460.5
1940,26040,1531,2051.0,1999.0,1947.0,1895.0,1843.0,1791.0,1739.0,1687.0,1635.0,1583.0,1479.0,1427.0,1375.0,1323.0,1271.0
1941,26041,14369,12751.0,12912.8,13074.6,13236.4,13398.2,13560.0,13721.8,13883.6,14045.4,14207.2,14530.8,14692.6,14854.4,15016.2,15178.0
1942,26042,164387,157729.0,158394.8,159060.6,159726.4,160392.2,161058.0,161723.8,162389.6,163055.4,163721.2,165052.8,165718.6,166384.4,167050.2,167716.0
1943,26043,264782,220292.0,224741.0,229190.0,233639.0,238088.0,242537.0,246986.0,251435.0,255884.0,260333.0,269231.0,273680.0,278129.0,282578.0,287027.0
1944,26044,365,399.0,395.6,392.2,388.8,385.4,382.0,378.6,375.2,371.8,368.4,361.6,358.2,354.8,351.4,348.0
1945,26045,2438,2878.0,2834.0,2790.0,2746.0,2702.0,2658.0,2614.0,2570.0,2526.0,2482.0,2394.0,2350.0,2306.0,2262.0,2218.0
1946,26046,496,443.0,448.3,453.6,458.9,464.2,469.5,474.8,480.1,485.4,490.7,501.3,506.6,511.9,517.2,522.5
1947,26047,9122,9468.0,9433.4,9398.8,9364.2,9329.6,9295.0,9260.4,9225.8,9191.2,9156.6,9087.4,9052.8,9018.2,8983.6,8949.0
1948,26048,62689,57342.0,57876.7,58411.4,58946.1,59480.8,60015.5,60550.2,61084.9,61619.6,62154.3,63223.7,63758.4,64293.1,64827.8,65362.5
1949,26049,3090,3356.0,3329.4,3302.8,3276.2,3249.6,3223.0,3196.4,3169.8,3143.2,3116.6,3063.4,3036.8,3010.2,2983.6,2957.0
1950,26050,1496,1599.0,1588.7,1578.4,1568.1,1557.8,1547.5,1537.2,1526.9,1516.6,1506.3,1485.7,1475.4,1465.1,1454.8,1444.5
1951,26051,4830,5226.0,5186.4,5146.8,5107.2,5067.6,5028.0,4988.4,4948.8,4909.2,4869.6,4790.4,4750.8,4711.2,4671.6,4632.0
1952,26052,5257,6020.0,5943.7,5867.4,5791.1,5714.8,5638.5,5562.2,5485.9,5409.6,5333.3,5180.7,5104.4,5028.1,4951.8,4875.5
1953,26053,369,396.0,393.3,390.6,387.9,385.2,382.5,379.8,377.1,374.4,371.7,366.3,363.6,360.9,358.2,355.5
1954,26054,537,492.0,496.5,501.0,505.5,510.0,514.5,519.0,523.5,528.0,532.5,541.5,546.0,550.5,555.0,559.5
1955,26055,199021,178380.0,180444.1,182508.2,184572.3,186636.4,188700.5,190764.6,192828.7,194892.8,196956.9,201085.1,203149.2,205213.3,207277.4,209341.5
1956,26056,10729,8382.0,8616.7,8851.4,9086.1,9320.8,9555.5,9790.2,10024.9,10259.6,10494.3,10963.7,11198.4,11433.1,11667.8,11902.5
1957,26057,1458,1604.0,1589.4,1574.8,1560.2,1545.6,1531.0,1516.4,1501.8,1487.2,1472.6,1443.4,1428.8,1414.2,1399.6,1385.0
1958,26058,16203,16014.0,16032.9,16051.8,16070.7,16089.6,16108.5,16127.4,16146.3,16165.2,16184.1,16221.9,16240.8,16259.7,16278.6,16297.5
1959,26059,1835,1998.0,1981.7,1965.4,1949.1,1932.8,1916.5,1900.2,1883.9,1867.6,1851.3,1818.7,1802.4,1786.1,1769.8,1753.5
1960,26060,2058,2703.0,2638.5,2574.0,2509.5,2445.0,2380.5,2316.0,2251.5,2187.0,2122.5,1993.5,1929.0,1864.5,1800.0,1735.5
1961,26061,1368,1284.0,1292.4,1300.8,1309.2,1317.6,1326.0,1334.4,1342.8,1351.2,1359.6,1376.4,1384.8,1393.2,1401.6,1410.0
1962,26062,1114,1121.0,1120.3,1119.6,1118.9,1118.2,1117.5,1116.8,1116.1,1115.4,1114.7,1113.3,1112.6,1111.9,1111.2,1110.5
1963,26063,1178,1365.0,1346.3,1327.6,1308.9,1290.2,1271.5,1252.8,1234.1,1215.4,1196.7,1159.3,1140.6,1121.9,1103.2,1084.5
1964,26064,1381,1731.0,1696.0,1661.0,1626.0,1591.0,1556.0,1521.0,1486.0,1451.0,1416.0,1346.0,1311.0,1276.0,1241.0,1206.0
1965,26065,1473,1735.0,1708.8,1682.6,1656.4,1630.2,1604.0,1577.8,1551.6,1525.4,1499.2,1446.8,1420.6,1394.4,1368.2,1342.0
1966,26066,8548,9185.0,9121.3,9057.6,8993.9,8930.2,8866.5,8802.8,8739.1,8675.4,8611.7,8484.3,8420.6,8356.9,8293.2,8229.5
1967,26067,1429,1738.0,1707.1,1676.2,1645.3,1614.4,1583.5,1552.6,1521.7,1490.8,1459.9,1398.1,1367.2,1336.3,1305.4,1274.5
1968,26068,1043,1254.0,1232.9,1211.8,1190.7,1169.6,1148.5,1127.4,1106.3,1085.2,1064.1,1021.9,1000.8,979.7,958.6,937.5
1969,26069,4793,6046.0,5920.7,5795.4,5670.1,5544.8,5419.5,5294.2,5168.9,5043.6,4918.3,4667.7,4542.4,4417.1,4291.8,4166.5
1970,26070,13627,15652.0,15449.5,15247.0,15044.5,14842.0,14639.5,14437.0,14234.5,14032.0,13829.5,13424.5,13222.0,13019.5,12817.0,12614.5
1971,26071,21692,22009.0,21977.3,21945.6,21913.9,21882.2,21850.5,21818.8,21787.1,21755.4,21723.7,21660.3,21628.6,21596.9,21565.2,21533.5
1972,26072,14279,14136.0,14150.3,14164.6,14178.9,14193.2,14207.5,14221.8,14236.1,14250.4,14264.7,14293.3,14307.6,14321.9,14336.2,14350.5
1973,27001,58524,56739.0,56917.5,57096.0,57274.5,57453.0,57631.5,57810.0,57988.5,58167.0,58345.5,58702.5,58881.0,59059.5,59238.0,59416.5
1974,27002,243229,248481.0,247955.8,247430.6,246905.4,246380.2,245855.0,245329.8,244804.6,244279.4,243754.2,242703.8,242178.6,241653.4,241128.2,240603.0
1975,27003,107731,102110.0,102672.1,103234.2,103796.3,104358.4,104920.5,105482.6,106044.7,106606.8,107168.9,108293.1,108855.2,109417.3,109979.4,110541.5
1976,27004,683607,640359.0,644683.8,649008.6,653333.4,657658.2,661983.0,666307.8,670632.6,674957.4,679282.2,687931.8,692256.6,696581.4,700906.2,705231.0
1977,27005,214877,192802.0,195009.5,197217.0,199424.5,201632.0,203839.5,206047.0,208254.5,210462.0,212669.5,217084.5,219292.0,221499.5,223707.0,225914.5
1978,27006,137257,126416.0,127500.1,128584.2,129668.3,130752.4,131836.5,132920.6,134004.7,135088.8,136172.9,138341.1,139425.2,140509.3,141593.4,142677.5
1979,27007,32181,29518.0,29784.3,30050.6,30316.9,30583.2,30849.5,31115.8,31382.1,31648.4,31914.7,32447.3,32713.6,32979.9,33246.2,33512.5
1980,27008,190885,179285.0,180445.0,181605.0,182765.0,183925.0,185085.0,186245.0,187405.0,188565.0,189725.0,192045.0,193205.0,194365.0,195525.0,196685.0
1981,27009,37749,36391.0,36526.8,36662.6,36798.4,36934.2,37070.0,37205.8,37341.6,37477.4,37613.2,37884.8,38020.6,38156.4,38292.2,38428.0
1982,27010,91185,83356.0,84138.9,84921.8,85704.7,86487.6,87270.5,88053.4,88836.3,89619.2,90402.1,91967.9,92750.8,93533.7,94316.6,95099.5
1983,27011,30798,29511.0,29639.7,29768.4,29897.1,30025.8,30154.5,30283.2,30411.9,30540.6,30669.3,30926.7,31055.4,31184.1,31312.8,31441.5
1984,27012,158601,153132.0,153678.9,154225.8,154772.7,155319.6,155866.5,156413.4,156960.3,157507.2,158054.1,159147.9,159694.8,160241.7,160788.6,161335.5
1985,27013,150300,115066.0,118589.4,122112.8,125636.2,129159.6,132683.0,136206.4,139729.8,143253.2,146776.6,153823.4,157346.8,160870.2,164393.6,167917.0
1986,27014,96741,86620.0,87632.1,88644.2,89656.3,90668.4,91680.5,92692.6,93704.7,94716.8,95728.9,97753.1,98765.2,99777.3,100789.4,101801.5
1987,27015,47905,46302.0,46462.3,46622.6,46782.9,46943.2,47103.5,47263.8,47424.1,47584.4,47744.7,48065.3,48225.6,48385.9,48546.2,48706.5
1988,27016,58718,53555.0,54071.3,54587.6,55103.9,55620.2,56136.5,56652.8,57169.1,57685.4,58201.7,59234.3,59750.6,60266.9,60783.2,61299.5
1989,27017,62310,58960.0,59295.0,59630.0,59965.0,60300.0,60635.0,60970.0,61305.0,61640.0,61975.0,62645.0,62980.0,63315.0,63650.0,63985.0
1990,28001,9822,12070.0,11845.2,11620.4,11395.6,11170.8,10946.0,10721.2,10496.4,10271.6,10046.8,9597.2,9372.4,9147.6,8922.8,8698.0
1991,28002,28725,29470.0,29395.5,29321.0,29246.5,29172.0,29097.5,29023.0,28948.5,28874.0,28799.5,28650.5,28576.0,28501.5,28427.0,28352.5
1992,28003,269790,212001.0,217779.9,223558.8,229337.7,235116.6,240895.5,246674.4,252453.3,258232.2,264011.1,275568.9,281347.8,287126.7,292905.6,298684.5
1993,28004,8850,9003.0,8987.7,8972.4,8957.1,8941.8,8926.5,8911.2,8895.9,8880.6,8865.3,8834.7,8819.4,8804.1,8788.8,8773.5
1994,28005,4256,4589.0,4555.7,4522.4,4489.1,4455.8,4422.5,4389.2,4355.9,4322.6,4289.3,4222.7,4189.4,4156.1,4122.8,4089.5
1995,28006,7542,7636.0,7626.6,7617.2,7607.8,7598.4,7589.0,7579.6,7570.2,7560.8,7551.4,7532.6,7523.2,7513.8,7504.4,7495.0
1996,28007,16546,14933.0,15094.3,15255.6,15416.9,15578.2,15739.5,15900.8,16062.1,16223.4,16384.7,16707.3,16868.6,17029.9,17191.2,17352.5
1997,28008,4143,4423.0,4395.0,4367.0,4339.0,4311.0,4283.0,4255.0,4227.0,4199.0,4171.0,4115.0,4087.0,4059.0,4031.0,4003.0
1998,28009,205933,197216.0,198087.7,198959.4,199831.1,200702.8,201574.5,202446.2,203317.9,204189.6,205061.3,206804.7,207676.4,208548.1,209419.8,210291.5
1999,28010,1671,2011.0,1977.0,1943.0,1909.0,1875.0,1841.0,1807.0,1773.0,1739.0,1705.0,1637.0,1603.0,1569.0,1535.0,1501.0
2000,28011,8288,8786.0,8736.2,8686.4,8636.6,8586.8,8537.0,8487.2,8437.4,8387.6,8337.8,8238.2,8188.4,8138.6,8088.8,8039.0
2001,28012,41470,43435.0,43238.5,43042.0,42845.5,42649.0,42452.5,42256.0,42059.5,41863.0,41666.5,41273.5,41077.0,40880.5,40684.0,40487.5
2002,28013,15032,15659.0,15596.3,15533.6,15470.9,15408.2,15345.5,15282.8,15220.1,15157.4,15094.7,14969.3,14906.6,14843.9,14781.2,14718.5
2003,28014,3803,4477.0,4409.6,4342.2,4274.8,4207.4,4140.0,4072.6,4005.2,3937.8,3870.4,3735.6,3668.2,3600.8,3533.4,3466.0
2004,28015,15677,15775.0,15765.2,15755.4,15745.6,15735.8,15726.0,15716.2,15706.4,15696.6,15686.8,15667.2,15657.4,15647.6,15637.8,15628.0
2005,28016,17012,23793.0,23114.9,22436.8,21758.7,21080.6,20402.5,19724.4,19046.3,18368.2,17690.1,16333.9,15655.8,14977.7,14299.6,13621.5
2006,28017,15994,15105.0,15193.9,15282.8,15371.7,15460.6,15549.5,15638.4,15727.3,15816.2,15905.1,16082.9,16171.8,16260.7,16349.6,16438.5
2007,28018,6375,8338.0,8141.7,7945.4,7749.1,7552.8,7356.5,7160.2,6963.9,6767.6,6571.3,6178.7,5982.4,5786.1,5589.8,5393.5
2008,28019,14645,17333.0,17064.2,16795.4,16526.6,16257.8,15989.0,15720.2,15451.4,15182.6,14913.8,14376.2,14107.4,13838.6,13569.8,13301.0
2009,28020,2048,2579.0,2525.9,2472.8,2419.7,2366.6,2313.5,2260.4,2207.3,2154.2,2101.1,1994.9,1941.8,1888.7,1835.6,1782.5
2010,28021,106144,115792.0,114827.2,113862.4,112897.6,111932.8,110968.0,110003.2,109038.4,108073.6,107108.8,105179.2,104214.4,103249.6,102284.8,101320.0
2011,28022,541979,489193.0,494471.6,499750.2,505028.8,510307.4,515586.0,520864.6,526143.2,531421.8,536700.4,547257.6,552536.2,557814.8,563093.4,568372.0
2012,28023,4280,4530.0,4505.0,4480.0,4455.0,4430.0,4405.0,4380.0,4355.0,4330.0,4305.0,4255.0,4230.0,4205.0,4180.0,4155.0
2013,28024,6385,4762.0,4924.3,5086.6,5248.9,5411.2,5573.5,5735.8,5898.1,6060.4,6222.7,6547.3,6709.6,6871.9,7034.2,7196.5
2014,28025,26237,27015.0,26937.2,26859.4,26781.6,26703.8,26626.0,26548.2,26470.4,26392.6,26314.8,26159.2,26081.4,26003.6,25925.8,25848.0
2015,28026,3704,3514.0,3533.0,3552.0,3571.0,3590.0,3609.0,3628.0,3647.0,3666.0,3685.0,3723.0,3742.0,3761.0,3780.0,3799.0
2016,28027,425058,384033.0,388135.5,392238.0,396340.5,400443.0,404545.5,408648.0,412750.5,416853.0,420955.5,429160.5,433263.0,437365.5,441468.0,445570.5
2017,28028,3810,3381.0,3423.9,3466.8,3509.7,3552.6,3595.5,3638.4,3681.3,3724.2,3767.1,3852.9,3895.8,3938.7,3981.6,4024.5
2018,28029,13190,12962.0,12984.8,13007.6,13030.4,13053.2,13076.0,13098.8,13121.6,13144.4,13167.2,13212.8,13235.6,13258.4,13281.2,13304.0
2019,28030,13618,14020.0,13979.8,13939.6,13899.4,13859.2,13819.0,13778.8,13738.6,13698.4,13658.2,13577.8,13537.6,13497.4,13457.2,13417.0
2020,28031,1917,1795.0,1807.2,1819.4,1831.6,1843.8,1856.0,1868.2,1880.4,1892.6,1904.8,1929.2,1941.4,1953.6,1965.8,1978.0
2021,28032,704767,608891.0,618478.6,628066.2,637653.8,647241.4,656829.0,666416.6,676004.2,685591.8,695179.4,714354.6,723942.2,733529.8,743117.4,752705.0
2022,28033,132484,118259.0,119681.5,121104.0,122526.5,123949.0,125371.5,126794.0,128216.5,129639.0,131061.5,133906.5,135329.0,136751.5,138174.0,139596.5
2023,28034,7411,9331.0,9139.0,8947.0,8755.0,8563.0,8371.0,8179.0,7987.0,7795.0,7603.0,7219.0,7027.0,6835.0,6643.0,6451.0
2024,28035,51405,57220.0,56638.5,56057.0,55475.5,54894.0,54312.5,53731.0,53149.5,52568.0,51986.5,50823.5,50242.0,49660.5,49079.0,48497.5
2025,28036,926,1031.0,1020.5,1010.0,999.5,989.0,978.5,968.0,957.5,947.0,936.5,915.5,905.0,894.5,884.0,873.5
2026,28037,23673,24764.0,24654.9,24545.8,24436.7,24327.6,24218.5,24109.4,24000.3,23891.2,23782.1,23563.9,23454.8,23345.7,23236.6,23127.5
2027,28038,297562,297554.0,297554.8,297555.6,297556.4,297557.2,297558.0,297558.8,297559.6,297560.4,297561.2,297562.8,297563.6,297564.4,297565.2,297566.0
2028,28039,28230,27572.0,27637.8,27703.6,27769.4,27835.2,27901.0,27966.8,28032.6,28098.4,28164.2,28295.8,28361.6,28427.4,28493.2,28559.0
2029,28040,60055,63170.0,62858.5,62547.0,62235.5,61924.0,61612.5,61301.0,60989.5,60678.0,60366.5,59743.5,59432.0,59120.5,58809.0,58497.5
2030,28041,349688,321953.0,324726.5,327500.0,330273.5,333047.0,335820.5,338594.0,341367.5,344141.0,346914.5,352461.5,355235.0,358008.5,360782.0,363555.5
2031,28042,5361,6316.0,6220.5,6125.0,6029.5,5934.0,5838.5,5743.0,5647.5,5552.0,5456.5,5265.5,5170.0,5074.5,4979.0,4883.5
2032,28043,22229,22864.0,22800.5,22737.0,22673.5,22610.0,22546.5,22483.0,22419.5,22356.0,22292.5,22165.5,22102.0,22038.5,21975.0,21911.5
2033,29001,11403,9875.0,10027.8,10180.6,10333.4,10486.2,10639.0,10791.8,10944.6,11097.4,11250.2,11555.8,11708.6,11861.4,12014.2,12167.0
2034,29002,16003,13361.0,13625.2,13889.4,14153.6,14417.8,14682.0,14946.2,15210.4,15474.6,15738.8,16267.2,16531.4,16795.6,17059.8,17324.0
2035,29003,7087,6018.0,6124.9,6231.8,6338.7,6445.6,6552.5,6659.4,6766.3,6873.2,6980.1,7193.9,7300.8,7407.7,7514.6,7621.5
2036,29004,18111,15935.0,16152.6,16370.2,16587.8,16805.4,17023.0,17240.6,17458.2,17675.8,17893.4,18328.6,18546.2,18763.8,18981.4,19199.0
2037,29005,80725,76492.0,76915.3,77338.6,77761.9,78185.2,78608.5,79031.8,79455.1,79878.4,80301.7,81148.3,81571.6,81994.9,82418.2,82841.5
2038,29006,51172,44807.0,45443.5,46080.0,46716.5,47353.0,47989.5,48626.0,49262.5,49899.0,50535.5,51808.5,52445.0,53081.5,53718.0,54354.5
2039,29007,17332,15368.0,15564.4,15760.8,15957.2,16153.6,16350.0,16546.4,16742.8,16939.2,17135.6,17528.4,17724.8,17921.2,18117.6,18314.0
2040,29008,16222,13671.0,13926.1,14181.2,14436.3,14691.4,14946.5,15201.6,15456.7,15711.8,15966.9,16477.1,16732.2,16987.3,17242.4,17497.5
2041,29009,5928,5066.0,5152.2,5238.4,5324.6,5410.8,5497.0,5583.2,5669.4,5755.6,5841.8,6014.2,6100.4,6186.6,6272.8,6359.0
2042,29010,73215,66149.0,66855.6,67562.2,68268.8,68975.4,69682.0,70388.6,71095.2,71801.8,72508.4,73921.6,74628.2,75334.8,76041.4,76748.0
2043,29011,4755,4285.0,4332.0,4379.0,4426.0,4473.0,4520.0,4567.0,4614.0,4661.0,4708.0,4802.0,4849.0,4896.0,4943.0,4990.0
2044,29012,9416,8399.0,8500.7,8602.4,8704.1,8805.8,8907.5,9009.2,9110.9,9212.6,9314.3,9517.7,9619.4,9721.1,9822.8,9924.5
2045,29013,98764,84979.0,86357.5,87736.0,89114.5,90493.0,91871.5,93250.0,94628.5,96007.0,97385.5,100142.5,101521.0,102899.5,104278.0,105656.5
2046,29014,15190,13879.0,14010.1,14141.2,14272.3,14403.4,14534.5,14665.6,14796.7,14927.8,15058.9,15321.1,15452.2,15583.3,15714.4,15845.5
2047,29015,38970,35162.0,35542.8,35923.6,36304.4,36685.2,37066.0,37446.8,37827.6,38208.4,38589.2,39350.8,39731.6,40112.4,40493.2,40874.0
2048,29016,7504,6791.0,6862.3,6933.6,7004.9,7076.2,7147.5,7218.8,7290.1,7361.4,7432.7,7575.3,7646.6,7717.9,7789.2,7860.5
2049,29017,11592,9740.0,9925.2,10110.4,10295.6,10480.8,10666.0,10851.2,11036.4,11221.6,11406.8,11777.2,11962.4,12147.6,12332.8,12518.0
2050,29018,38579,35084.0,35433.5,35783.0,36132.5,36482.0,36831.5,37181.0,37530.5,37880.0,38229.5,38928.5,39278.0,39627.5,39977.0,40326.5
2051,29019,22274,18725.0,19079.9,19434.8,19789.7,20144.6,20499.5,20854.4,21209.3,21564.2,21919.1,22628.9,22983.8,23338.7,23693.6,24048.5
2052,29020,9432,8474.0,8569.8,8665.6,8761.4,8857.2,8953.0,9048.8,9144.6,9240.4,9336.2,9527.8,9623.6,9719.4,9815.2,9911.0
2053,29021,18686,16640.0,16844.6,17049.2,17253.8,17458.4,17663.0,17867.6,18072.2,18276.8,18481.4,18890.6,19095.2,19299.8,19504.4,19709.0
2054,29022,6432,5711.0,5783.1,5855.2,5927.3,5999.4,6071.5,6143.6,6215.7,6287.8,6359.9,6504.1,6576.2,6648.3,6720.4,6792.5
2055,29023,26309,23621.0,23889.8,24158.6,24427.4,24696.2,24965.0,25233.8,25502.6,25771.4,26040.2,26577.8,26846.6,27115.4,27384.2,27653.0
2056,29024,28357,25128.0,25450.9,25773.8,26096.7,26419.6,26742.5,27065.4,27388.3,27711.2,28034.1,28679.9,29002.8,29325.7,29648.6,29971.5
2057,29025,82688,69615.0,70922.3,72229.6,73536.9,74844.2,76151.5,77458.8,78766.1,80073.4,81380.7,83995.3,85302.6,86609.9,87917.2,89224.5
2058,29026,24116,17968.0,18582.8,19197.6,19812.4,20427.2,21042.0,21656.8,22271.6,22886.4,23501.2,24730.8,25345.6,25960.4,26575.2,27190.0
2059,29027,12974,11763.0,11884.1,12005.2,12126.3,12247.4,12368.5,12489.6,12610.7,12731.8,12852.9,13095.1,13216.2,13337.3,13458.4,13579.5
2060,29028,25257,21671.0,22029.6,22388.2,22746.8,23105.4,23464.0,23822.6,24181.2,24539.8,24898.4,25615.6,25974.2,26332.8,26691.4,27050.0
2061,29029,13328,11048.0,11276.0,11504.0,11732.0,11960.0,12188.0,12416.0,12644.0,12872.0,13100.0,13556.0,13784.0,14012.0,14240.0,14468.0
2062,29030,15475,13775.0,13945.0,14115.0,14285.0,14455.0,14625.0,14795.0,14965.0,15135.0,15305.0,15645.0,15815.0,15985.0,16155.0,16325.0
2063,29031,35284,28760.0,29412.4,30064.8,30717.2,31369.6,32022.0,32674.4,33326.8,33979.2,34631.6,35936.4,36588.8,37241.2,37893.6,38546.0
2064,29032,13561,12410.0,12525.1,12640.2,12755.3,12870.4,12985.5,13100.6,13215.7,13330.8,13445.9,13676.1,13791.2,13906.3,14021.4,14136.5
2065,29033,99896,89795.0,90805.1,91815.2,92825.3,93835.4,94845.5,95855.6,96865.7,97875.8,98885.9,100906.1,101916.2,102926.3,103936.4,104946.5
2066,29034,45438,39939.0,40488.9,41038.8,41588.7,42138.6,42688.5,43238.4,43788.3,44338.2,44888.1,45987.9,46537.8,47087.7,47637.6,48187.5
2067,29035,6294,5589.0,5659.5,5730.0,5800.5,5871.0,5941.5,6012.0,6082.5,6153.0,6223.5,6364.5,6435.0,6505.5,6576.0,6646.5
2068,29036,22529,20625.0,20815.4,21005.8,21196.2,21386.6,21577.0,21767.4,21957.8,22148.2,22338.6,22719.4,22909.8,23100.2,23290.6,23481.0
2069,29037,9207,8224.0,8322.3,8420.6,8518.9,8617.2,8715.5,8813.8,8912.1,9010.4,9108.7,9305.3,9403.6,9501.9,9600.2,9698.5
2070,29038,18006,14611.0,14950.5,15290.0,15629.5,15969.0,16308.5,16648.0,16987.5,17327.0,17666.5,18345.5,18685.0,19024.5,19364.0,19703.5
2071,29039,25607,21769.0,22152.8,22536.6,22920.4,23304.2,23688.0,24071.8,24455.6,24839.4,25223.2,25990.8,26374.6,26758.4,27142.2,27526.0
2072,29040,10601,9777.0,9859.4,9941.8,10024.2,10106.6,10189.0,10271.4,10353.8,10436.2,10518.6,10683.4,10765.8,10848.2,10930.6,11013.0
2073,29041,33499,26997.0,27647.2,28297.4,28947.6,29597.8,30248.0,30898.2,31548.4,32198.6,32848.8,34149.2,34799.4,35449.6,36099.8,36750.0
2074,29042,14197,12255.0,12449.2,12643.4,12837.6,13031.8,13226.0,13420.2,13614.4,13808.6,14002.8,14391.2,14585.4,14779.6,14973.8,15168.0
2075,29043,42242,33081.0,33997.1,34913.2,35829.3,36745.4,37661.5,38577.6,39493.7,40409.8,41325.9,43158.1,44074.2,44990.3,45906.4,46822.5
2076,29044,45717,38654.0,39360.3,40066.6,40772.9,41479.2,42185.5,42891.8,43598.1,44304.4,45010.7,46423.3,47129.6,47835.9,48542.2,49248.5
2077,29045,6211,5687.0,5739.4,5791.8,5844.2,5896.6,5949.0,6001.4,6053.8,6106.2,6158.6,6263.4,6315.8,6368.2,6420.6,6473.0
2078,29046,4951,4146.0,4226.5,4307.0,4387.5,4468.0,4548.5,4629.0,4709.5,4790.0,4870.5,5031.5,5112.0,5192.5,5273.0,5353.5
2079,29047,3534,2769.0,2845.5,2922.0,2998.5,3075.0,3151.5,3228.0,3304.5,3381.0,3457.5,3610.5,3687.0,3763.5,3840.0,3916.5
2080,29048,19036,16834.0,17054.2,17274.4,17494.6,17714.8,17935.0,18155.2,18375.4,18595.6,18815.8,19256.2,19476.4,19696.6,19916.8,20137.0
2081,29049,5884,5064.0,5146.0,5228.0,5310.0,5392.0,5474.0,5556.0,5638.0,5720.0,5802.0,5966.0,6048.0,6130.0,6212.0,6294.0
2082,29050,11761,9880.0,10068.1,10256.2,10444.3,10632.4,10820.5,11008.6,11196.7,11384.8,11572.9,11949.1,12137.2,12325.3,12513.4,12701.5
2083,29051,4092,3581.0,3632.1,3683.2,3734.3,3785.4,3836.5,3887.6,3938.7,3989.8,4040.9,4143.1,4194.2,4245.3,4296.4,4347.5
2084,29052,6436,5660.0,5737.6,5815.2,5892.8,5970.4,6048.0,6125.6,6203.2,6280.8,6358.4,6513.6,6591.2,6668.8,6746.4,6824.0
2085,29053,7688,6821.0,6907.7,6994.4,7081.1,7167.8,7254.5,7341.2,7427.9,7514.6,7601.3,7774.7,7861.4,7948.1,8034.8,8121.5
2086,29054,5689,5045.0,5109.4,5173.8,5238.2,5302.6,5367.0,5431.4,5495.8,5560.2,5624.6,5753.4,5817.8,5882.2,5946.6,6011.0
2087,29055,3077,2833.0,2857.4,2881.8,2906.2,2930.6,2955.0,2979.4,3003.8,3028.2,3052.6,3101.4,3125.8,3150.2,3174.6,3199.0
2088,29056,7952,6857.0,6966.5,7076.0,7185.5,7295.0,7404.5,7514.0,7623.5,7733.0,7842.5,8061.5,8171.0,8280.5,8390.0,8499.5
2089,29057,4636,4349.0,4377.7,4406.4,4435.1,4463.8,4492.5,4521.2,4549.9,4578.6,4607.3,4664.7,4693.4,4722.1,4750.8,4779.5
2090,29058,9463,7992.0,8139.1,8286.2,8433.3,8580.4,8727.5,8874.6,9021.7,9168.8,9315.9,9610.1,9757.2,9904.3,10051.4,10198.5
2091,29059,7750,6296.0,6441.4,6586.8,6732.2,6877.6,7023.0,7168.4,7313.8,7459.2,7604.6,7895.4,8040.8,8186.2,8331.6,8477.0
2092,29060,5443,4436.0,4536.7,4637.4,4738.1,4838.8,4939.5,5040.2,5140.9,5241.6,5342.3,5543.7,5644.4,5745.1,5845.8,5946.5
2093,30001,9701,8223.0,8370.8,8518.6,8666.4,8814.2,8962.0,9109.8,9257.6,9405.4,9553.2,9848.8,9996.6,10144.4,10292.2,10440.0
2094,30002,3441,3085.0,3120.6,3156.2,3191.8,3227.4,3263.0,3298.6,3334.2,3369.8,3405.4,3476.6,3512.2,3547.8,3583.4,3619.0
2095,30003,80815,83817.0,83516.8,83216.6,82916.4,82616.2,82316.0,82015.8,81715.6,81415.4,81115.2,80514.8,80214.6,79914.4,79614.2,79314.0
2096,30004,41742,40994.0,41068.8,41143.6,41218.4,41293.2,41368.0,41442.8,41517.6,41592.4,41667.2,41816.8,41891.6,41966.4,42041.2,42116.0
2097,30005,5253,5129.0,5141.4,5153.8,5166.2,5178.6,5191.0,5203.4,5215.8,5228.2,5240.6,5265.4,5277.8,5290.2,5302.6,5315.0
2098,30006,23100,20973.0,21185.7,21398.4,21611.1,21823.8,22036.5,22249.2,22461.9,22674.6,22887.3,23312.7,23525.4,23738.1,23950.8,24163.5
2099,30007,6538,6224.0,6255.4,6286.8,6318.2,6349.6,6381.0,6412.4,6443.8,6475.2,6506.6,6569.4,6600.8,6632.2,6663.6,6695.0
2100,30008,10338,9691.0,9755.7,9820.4,9885.1,9949.8,10014.5,10079.2,10143.9,10208.6,10273.3,10402.7,10467.4,10532.1,10596.8,10661.5
2101,30009,28184,28017.0,28033.7,28050.4,28067.1,28083.8,28100.5,28117.2,28133.9,28150.6,28167.3,28200.7,28217.4,28234.1,28250.8,28267.5
2102,30010,64234,60396.0,60779.8,61163.6,61547.4,61931.2,62315.0,62698.8,63082.6,63466.4,63850.2,64617.8,65001.6,65385.4,65769.2,66153.0
2103,30011,57035,51955.0,52463.0,52971.0,53479.0,53987.0,54495.0,55003.0,55511.0,56019.0,56527.0,57543.0,58051.0,58559.0,59067.0,59575.0
2104,30012,7866,7487.0,7524.9,7562.8,7600.7,7638.6,7676.5,7714.4,7752.3,7790.2,7828.1,7903.9,7941.8,7979.7,8017.6,8055.5
2105,30013,26843,27548.0,27477.5,27407.0,27336.5,27266.0,27195.5,27125.0,27054.5,26984.0,26913.5,26772.5,26702.0,26631.5,26561.0,26490.5
2106,30014,46955,42268.0,42736.7,43205.4,43674.1,44142.8,44611.5,45080.2,45548.9,46017.6,46486.3,47423.7,47892.4,48361.1,48829.8,49298.5
2107,30015,33839,33528.0,33559.1,33590.2,33621.3,33652.4,33683.5,33714.6,33745.7,33776.8,33807.9,33870.1,33901.2,33932.3,33963.4,33994.5
2108,30016,28682,25500.0,25818.2,26136.4,26454.6,26772.8,27091.0,27409.2,27727.4,28045.6,28363.8,29000.2,29318.4,29636.6,29954.8,30273.0
2109,30017,4709,4027.0,4095.2,4163.4,4231.6,4299.8,4368.0,4436.2,4504.4,4572.6,4640.8,4777.2,4845.4,4913.6,4981.8,5050.0
2110,30018,1978,1797.0,1815.1,1833.2,1851.3,1869.4,1887.5,1905.6,1923.7,1941.8,1959.9,1996.1,2014.2,2032.3,2050.4,2068.5
2111,30019,6909,5995.0,6086.4,6177.8,6269.2,6360.6,6452.0,6543.4,6634.8,6726.2,6817.6,7000.4,7091.8,7183.2,7274.6,7366.0
2112,30020,11577,9824.0,9999.3,10174.6,10349.9,10525.2,10700.5,10875.8,11051.1,11226.4,11401.7,11752.3,11927.6,12102.9,12278.2,12453.5
2113,30021,23461,22986.0,23033.5,23081.0,23128.5,23176.0,23223.5,23271.0,23318.5,23366.0,23413.5,23508.5,23556.0,23603.5,23651.0,23698.5
2114,30022,22651,20063.0,20321.8,20580.6,20839.4,21098.2,21357.0,21615.8,21874.6,22133.4,22392.2,22909.8,23168.6,23427.4,23686.2,23945.0
2115,30023,49180,48397.0,48475.3,48553.6,48631.9,48710.2,48788.5,48866.8,48945.1,49023.4,49101.7,49258.3,49336.6,49414.9,49493.2,49571.5
2116,30024,16485,14613.0,14800.2,14987.4,15174.6,15361.8,15549.0,15736.2,15923.4,16110.6,16297.8,16672.2,16859.4,17046.6,17233.8,17421.0
2117,30025,27217,25456.0,25632.1,25808.2,25984.3,26160.4,26336.5,26512.6,26688.7,26864.8,27040.9,27393.1,27569.2,27745.3,27921.4,28097.5
2118,30026,25993,21546.0,21990.7,22435.4,22880.1,23324.8,23769.5,24214.2,24658.9,25103.6,25548.3,26437.7,26882.4,27327.1,27771.8,28216.5
2119,30027,16120,16692.0,16634.8,16577.6,16520.4,16463.2,16406.0,16348.8,16291.6,16234.4,16177.2,16062.8,16005.6,15948.4,15891.2,15834.0
2120,30028,144550,138058.0,138707.2,139356.4,140005.6,140654.8,141304.0,141953.2,142602.4,143251.6,143900.8,145199.2,145848.4,146497.6,147146.8,147796.0
2121,30029,13701,12929.0,13006.2,13083.4,13160.6,13237.8,13315.0,13392.2,13469.4,13546.6,13623.8,13778.2,13855.4,13932.6,14009.8,14087.0
2122,30030,41835,41778.0,41783.7,41789.4,41795.1,41800.8,41806.5,41812.2,41817.9,41823.6,41829.3,41840.7,41846.4,41852.1,41857.8,41863.5
2123,30031,18888,16313.0,16570.5,16828.0,17085.5,17343.0,17600.5,17858.0,18115.5,18373.0,18630.5,19145.5,19403.0,19660.5,19918.0,20175.5
2124,30032,49451,48593.0,48678.8,48764.6,48850.4,48936.2,49022.0,49107.8,49193.6,49279.4,49365.2,49536.8,49622.6,49708.4,49794.2,49880.0
2125,30033,24421,23483.0,23576.8,23670.6,23764.4,23858.2,23952.0,24045.8,24139.6,24233.4,24327.2,24514.8,24608.6,24702.4,24796.2,24890.0
2126,30034,25011,25801.0,25722.0,25643.0,25564.0,25485.0,25406.0,25327.0,25248.0,25169.0,25090.0,24932.0,24853.0,24774.0,24695.0,24616.0
2127,30035,11165,11081.0,11089.4,11097.8,11106.2,11114.6,11123.0,11131.4,11139.8,11148.2,11156.6,11173.4,11181.8,11190.2,11198.6,11207.0
2128,30036,11018,9416.0,9576.2,9736.4,9896.6,10056.8,10217.0,10377.2,10537.4,10697.6,10857.8,11178.2,11338.4,11498.6,11658.8,11819.0
2129,30037,8176,7810.0,7846.6,7883.2,7919.8,7956.4,7993.0,8029.6,8066.2,8102.8,8139.4,8212.6,8249.2,8285.8,8322.4,8359.0
2130,30038,93911,86696.0,87417.5,88139.0,88860.5,89582.0,90303.5,91025.0,91746.5,92468.0,93189.5,94632.5,95354.0,96075.5,96797.0,97518.5
2131,30039,310698,305260.0,305803.8,306347.6,306891.4,307435.2,307979.0,308522.8,309066.6,309610.4,310154.2,311241.8,311785.6,312329.4,312873.2,313417.0
2132,30040,55016,48351.0,49017.5,49684.0,50350.5,51017.0,51683.5,52350.0,53016.5,53683.0,54349.5,55682.5,56349.0,57015.5,57682.0,58348.5
2133,30041,2355,2144.0,2165.1,2186.2,2207.3,2228.4,2249.5,2270.6,2291.7,2312.8,2333.9,2376.1,2397.2,2418.3,2439.4,2460.5
2134,30042,5743,5728.0,5729.5,5731.0,5732.5,5734.0,5735.5,5737.0,5738.5,5740.0,5741.5,5744.5,5746.0,5747.5,5749.0,5750.5
2135,30043,19876,18713.0,18829.3,18945.6,19061.9,19178.2,19294.5,19410.8,19527.1,19643.4,19759.7,19992.3,20108.6,20224.9,20341.2,20457.5
2136,30044,204721,196541.0,197359.0,198177.0,198995.0,199813.0,200631.0,201449.0,202267.0,203085.0,203903.0,205539.0,206357.0,207175.0,207993.0,208811.0
2137,30045,54737,57366.0,57103.1,56840.2,56577.3,56314.4,56051.5,55788.6,55525.7,55262.8,54999.9,54474.1,54211.2,53948.3,53685.4,53422.5
2138,30046,16167,15668.0,15717.9,15767.8,15817.7,15867.6,15917.5,15967.4,16017.3,16067.2,16117.1,16216.9,16266.8,16316.7,16366.6,16416.5
2139,30047,59471,52510.0,53206.1,53902.2,54598.3,55294.4,55990.5,56686.6,57382.7,58078.8,58774.9,60167.1,60863.2,61559.3,62255.4,62951.5
2140,30048,130903,117725.0,119042.8,120360.6,121678.4,122996.2,124314.0,125631.8,126949.6,128267.4,129585.2,132220.8,133538.6,134856.4,136174.2,137492.0
2141,30049,22050,19710.0,19944.0,20178.0,20412.0,20646.0,20880.0,21114.0,21348.0,21582.0,21816.0,22284.0,22518.0,22752.0,22986.0,23220.0
2142,30050,16333,15492.0,15576.1,15660.2,15744.3,15828.4,15912.5,15996.6,16080.7,16164.8,16248.9,16417.1,16501.2,16585.3,16669.4,16753.5
2143,30051,23096,21822.0,21949.4,22076.8,22204.2,22331.6,22459.0,22586.4,22713.8,22841.2,22968.6,23223.4,23350.8,23478.2,23605.6,23733.0
2144,30052,11869,11645.0,11667.4,11689.8,11712.2,11734.6,11757.0,11779.4,11801.8,11824.2,11846.6,11891.4,11913.8,11936.2,11958.6,11981.0
2145,30053,28075,26265.0,26446.0,26627.0,26808.0,26989.0,27170.0,27351.0,27532.0,27713.0,27894.0,28256.0,28437.0,28618.0,28799.0,28980.0
2146,30054,11461,11683.0,11660.8,11638.6,11616.4,11594.2,11572.0,11549.8,11527.6,11505.4,11483.2,11438.8,11416.6,11394.4,11372.2,11350.0
2147,30055,13527,12626.0,12716.1,12806.2,12896.3,12986.4,13076.5,13166.6,13256.7,13346.8,13436.9,13617.1,13707.2,13797.3,13887.4,13977.5
2148,30056,6610,6752.0,6737.8,6723.6,6709.4,6695.2,6681.0,6666.8,6652.6,6638.4,6624.2,6595.8,6581.6,6567.4,6553.2,6539.0
2149,30057,13881,13190.0,13259.1,13328.2,13397.3,13466.4,13535.5,13604.6,13673.7,13742.8,13811.9,13950.1,14019.2,14088.3,14157.4,14226.5
2150,30058,53858,54982.0,54869.6,54757.2,54644.8,54532.4,54420.0,54307.6,54195.2,54082.8,53970.4,53745.6,53633.2,53520.8,53408.4,53296.0
2151,30059,22638,15214.0,15956.4,16698.8,17441.2,18183.6,18926.0,19668.4,20410.8,21153.2,21895.6,23380.4,24122.8,24865.2,25607.6,26350.0
2152,30060,16283,15286.0,15385.7,15485.4,15585.1,15684.8,15784.5,15884.2,15983.9,16083.6,16183.3,16382.7,16482.4,16582.1,16681.8,16781.5
2153,30061,81080,77426.0,77791.4,78156.8,78522.2,78887.6,79253.0,79618.4,79983.8,80349.2,80714.6,81445.4,81810.8,82176.2,82541.6,82907.0
2154,30062,20839,18601.0,18824.8,19048.6,19272.4,19496.2,19720.0,19943.8,20167.6,20391.4,20615.2,21062.8,21286.6,21510.4,21734.2,21958.0
2155,30063,13359,14688.0,14555.1,14422.2,14289.3,14156.4,14023.5,13890.6,13757.7,13624.8,13491.9,13226.1,13093.2,12960.3,12827.4,12694.5
2156,30064,4008,3889.0,3900.9,3912.8,3924.7,3936.6,3948.5,3960.4,3972.3,3984.2,3996.1,4019.9,4031.8,4043.7,4055.6,4067.5
2157,30065,85489,61718.0,64095.1,66472.2,68849.3,71226.4,73603.5,75980.6,78357.7,80734.8,83111.9,87866.1,90243.2,92620.3,94997.4,97374.5
2158,30066,26830,25548.0,25676.2,25804.4,25932.6,26060.8,26189.0,26317.2,26445.4,26573.6,26701.8,26958.2,27086.4,27214.6,27342.8,27471.0
2159,30067,19179,16418.0,16694.1,16970.2,17246.3,17522.4,17798.5,18074.6,18350.7,18626.8,18902.9,19455.1,19731.2,20007.3,20283.4,20559.5
2160,30068,66372,59760.0,60421.2,61082.4,61743.6,62404.8,63066.0,63727.2,64388.4,65049.6,65710.8,67033.2,67694.4,68355.6,69016.8,69678.0
2161,30069,24085,24353.0,24326.2,24299.4,24272.6,24245.8,24219.0,24192.2,24165.4,24138.6,24111.8,24058.2,24031.4,24004.6,23977.8,23951.0
2162,30070,18275,18277.0,18276.8,18276.6,18276.4,18276.2,18276.0,18275.8,18275.6,18275.4,18275.2,18274.8,18274.6,18274.4,18274.2,18274.0
2163,30071,59920,54561.0,55096.9,55632.8,56168.7,56704.6,57240.5,57776.4,58312.3,58848.2,59384.1,60455.9,60991.8,61527.7,62063.6,62599.5
2164,30072,21796,20765.0,20868.1,20971.2,21074.3,21177.4,21280.5,21383.6,21486.7,21589.8,21692.9,21899.1,22002.2,22105.3,22208.4,22311.5
2165,30073,41670,41649.0,41651.1,41653.2,41655.3,41657.4,41659.5,41661.6,41663.7,41665.8,41667.9,41672.1,41674.2,41676.3,41678.4,41680.5
2166,30074,7293,6750.0,6804.3,6858.6,6912.9,6967.2,7021.5,7075.8,7130.1,7184.4,7238.7,7347.3,7401.6,7455.9,7510.2,7564.5
2167,30075,16525,17121.0,17061.4,17001.8,16942.2,16882.6,16823.0,16763.4,16703.8,16644.2,16584.6,16465.4,16405.8,16346.2,16286.6,16227.0
2168,30076,13377,13575.0,13555.2,13535.4,13515.6,13495.8,13476.0,13456.2,13436.4,13416.6,13396.8,13357.2,13337.4,13317.6,13297.8,13278.0
2169,30077,42807,42205.0,42265.2,42325.4,42385.6,42445.8,42506.0,42566.2,42626.4,42686.6,42746.8,42867.2,42927.4,42987.6,43047.8,43108.0
2170,30078,12379,12713.0,12679.6,12646.2,12612.8,12579.4,12546.0,12512.6,12479.2,12445.8,12412.4,12345.6,12312.2,12278.8,12245.4,12212.0
2171,30079,11387,10724.0,10790.3,10856.6,10922.9,10989.2,11055.5,11121.8,11188.1,11254.4,11320.7,11453.3,11519.6,11585.9,11652.2,11718.5
2172,30080,23132,21407.0,21579.5,21752.0,21924.5,22097.0,22269.5,22442.0,22614.5,22787.0,22959.5,23304.5,23477.0,23649.5,23822.0,23994.5
2173,30081,27295,21150.0,21764.5,22379.0,22993.5,23608.0,24222.5,24837.0,25451.5,26066.0,26680.5,27909.5,28524.0,29138.5,29753.0,30367.5
2174,30082,15831,14903.0,14995.8,15088.6,15181.4,15274.2,15367.0,15459.8,15552.6,15645.4,15738.2,15923.8,16016.6,16109.4,16202.2,16295.0
2175,30083,50836,49820.0,49921.6,50023.2,50124.8,50226.4,50328.0,50429.6,50531.2,50632.8,50734.4,50937.6,51039.2,51140.8,51242.4,51344.0
2176,30084,5574,5727.0,5711.7,5696.4,5681.1,5665.8,5650.5,5635.2,5619.9,5604.6,5589.3,5558.7,5543.4,5528.1,5512.8,5497.5
2177,30085,74004,65385.0,66246.9,67108.8,67970.7,68832.6,69694.5,70556.4,71418.3,72280.2,73142.1,74865.9,75727.8,76589.7,77451.6,78313.5
2178,30086,46794,40747.0,41351.7,41956.4,42561.1,43165.8,43770.5,44375.2,44979.9,45584.6,46189.3,47398.7,48003.4,48608.1,49212.8,49817.5
2179,30087,488531,457928.0,460988.3,464048.6,467108.9,470169.2,473229.5,476289.8,479350.1,482410.4,485470.7,491591.3,494651.6,497711.9,500772.2,503832.5
2180,30088,5054,4940.0,4951.4,4962.8,4974.2,4985.6,4997.0,5008.4,5019.8,5031.2,5042.6,5065.4,5076.8,5088.2,5099.6,5111.0
2181,30089,38669,39673.0,39572.6,39472.2,39371.8,39271.4,39171.0,39070.6,38970.2,38869.8,38769.4,38568.6,38468.2,38367.8,38267.4,38167.0
2182,30090,11132,10376.0,10451.6,10527.2,10602.8,10678.4,10754.0,10829.6,10905.2,10980.8,11056.4,11207.6,11283.2,11358.8,11434.4,11510.0
2183,30091,28524,27080.0,27224.4,27368.8,27513.2,27657.6,27802.0,27946.4,28090.8,28235.2,28379.6,28668.4,28812.8,28957.2,29101.6,29246.0
2184,30092,39623,35188.0,35631.5,36075.0,36518.5,36962.0,37405.5,37849.0,38292.5,38736.0,39179.5,40066.5,40510.0,40953.5,41397.0,41840.5
2185,30093,16585,15313.0,15440.2,15567.4,15694.6,15821.8,15949.0,16076.2,16203.4,16330.6,16457.8,16712.2,16839.4,16966.6,17093.8,17221.0
2186,30094,38367,37193.0,37310.4,37427.8,37545.2,37662.6,37780.0,37897.4,38014.8,38132.2,38249.6,38484.4,38601.8,38719.2,38836.6,38954.0
2187,30095,15059,16387.0,16254.2,16121.4,15988.6,15855.8,15723.0,15590.2,15457.4,15324.6,15191.8,14926.2,14793.4,14660.6,14527.8,14395.0
2188,30096,1543,1546.0,1545.7,1545.4,1545.1,1544.8,1544.5,1544.2,1543.9,1543.6,1543.3,1542.7,1542.4,1542.1,1541.8,1541.5
2189,30097,19123,20141.0,20039.2,19937.4,19835.6,19733.8,19632.0,19530.2,19428.4,19326.6,19224.8,19021.2,18919.4,18817.6,18715.8,18614.0
2190,30098,3299,2920.0,2957.9,2995.8,3033.7,3071.6,3109.5,3147.4,3185.3,3223.2,3261.1,3336.9,3374.8,3412.7,3450.6,3488.5
2191,30099,18327,16898.0,17040.9,17183.8,17326.7,17469.6,17612.5,17755.4,17898.3,18041.2,18184.1,18469.9,18612.8,18755.7,18898.6,19041.5
2192,30100,23918,22585.0,22718.3,22851.6,22984.9,23118.2,23251.5,23384.8,23518.1,23651.4,23784.7,24051.3,24184.6,24317.9,24451.2,24584.5
2193,30101,38670,33941.0,34413.9,34886.8,35359.7,35832.6,36305.5,36778.4,37251.3,37724.2,38197.1,39142.9,39615.8,40088.7,40561.6,41034.5
2194,30102,108842,101358.0,102106.4,102854.8,103603.2,104351.6,105100.0,105848.4,106596.8,107345.2,108093.6,109590.4,110338.8,111087.2,111835.6,112584.0
2195,30103,12799,11808.0,11907.1,12006.2,12105.3,12204.4,12303.5,12402.6,12501.7,12600.8,12699.9,12898.1,12997.2,13096.3,13195.4,13294.5
2196,30104,17134,17333.0,17313.1,17293.2,17273.3,17253.4,17233.5,17213.6,17193.7,17173.8,17153.9,17114.1,17094.2,17074.3,17054.4,17034.5
2197,30105,95202,59126.0,62733.6,66341.2,69948.8,73556.4,77164.0,80771.6,84379.2,87986.8,91594.4,98809.6,102417.2,106024.8,109632.4,113240.0
2198,30106,4841,4429.0,4470.2,4511.4,4552.6,4593.8,4635.0,4676.2,4717.4,4758.6,4799.8,4882.2,4923.4,4964.6,5005.8,5047.0
2199,30107,2934,2897.0,2900.7,2904.4,2908.1,2911.8,2915.5,2919.2,2922.9,2926.6,2930.3,2937.7,2941.4,2945.1,2948.8,2952.5
2200,30108,144776,157840.0,156533.6,155227.2,153920.8,152614.4,151308.0,150001.6,148695.2,147388.8,146082.4,143469.6,142163.2,140856.8,139550.4,138244.0
2201,30109,65761,62919.0,63203.2,63487.4,63771.6,64055.8,64340.0,64624.2,64908.4,65192.6,65476.8,66045.2,66329.4,66613.6,66897.8,67182.0
2202,30110,12125,10387.0,10560.8,10734.6,10908.4,11082.2,11256.0,11429.8,11603.6,11777.4,11951.2,12298.8,12472.6,12646.4,12820.2,12994.0
2203,30111,16493,16120.0,16157.3,16194.6,16231.9,16269.2,16306.5,16343.8,16381.1,16418.4,16455.7,16530.3,16567.6,16604.9,16642.2,16679.5
2204,30112,22835,20255.0,20513.0,20771.0,21029.0,21287.0,21545.0,21803.0,22061.0,22319.0,22577.0,23093.0,23351.0,23609.0,23867.0,24125.0
2205,30113,4614,4507.0,4517.7,4528.4,4539.1,4549.8,4560.5,4571.2,4581.9,4592.6,4603.3,4624.7,4635.4,4646.1,4656.8,4667.5
2206,30114,10130,9974.0,9989.6,10005.2,10020.8,10036.4,10052.0,10067.6,10083.2,10098.8,10114.4,10145.6,10161.2,10176.8,10192.4,10208.0
2207,30115,37314,34688.0,34950.6,35213.2,35475.8,35738.4,36001.0,36263.6,36526.2,36788.8,37051.4,37576.6,37839.2,38101.8,38364.4,38627.0
2208,30116,17027,14784.0,15008.3,15232.6,15456.9,15681.2,15905.5,16129.8,16354.1,16578.4,16802.7,17251.3,17475.6,17699.9,17924.2,18148.5
2209,30117,23773,22561.0,22682.2,22803.4,22924.6,23045.8,23167.0,23288.2,23409.4,23530.6,23651.8,23894.2,24015.4,24136.6,24257.8,24379.0
2210,30118,123182,120995.0,121213.7,121432.4,121651.1,121869.8,122088.5,122307.2,122525.9,122744.6,122963.3,123400.7,123619.4,123838.1,124056.8,124275.5
2211,30119,5651,5250.0,5290.1,5330.2,5370.3,5410.4,5450.5,5490.6,5530.7,5570.8,5610.9,5691.1,5731.2,5771.3,5811.4,5851.5
2212,30120,10343,14965.0,14502.8,14040.6,13578.4,13116.2,12654.0,12191.8,11729.6,11267.4,10805.2,9880.8,9418.6,8956.4,8494.2,8032.0
2213,30121,22756,23276.0,23224.0,23172.0,23120.0,23068.0,23016.0,22964.0,22912.0,22860.0,22808.0,22704.0,22652.0,22600.0,22548.0,22496.0
2214,30122,18051,15909.0,16123.2,16337.4,16551.6,16765.8,16980.0,17194.2,17408.4,17622.6,17836.8,18265.2,18479.4,18693.6,18907.8,19122.0
2215,30123,96185,97290.0,97179.5,97069.0,96958.5,96848.0,96737.5,96627.0,96516.5,96406.0,96295.5,96074.5,95964.0,95853.5,95743.0,95632.5
2216,30124,159910,158599.0,158730.1,158861.2,158992.3,159123.4,159254.5,159385.6,159516.7,159647.8,159778.9,160041.1,160172.2,160303.3,160434.4,160565.5
2217,30125,31894,29165.0,29437.9,29710.8,29983.7,30256.6,30529.5,30802.4,31075.3,31348.2,31621.1,32166.9,32439.8,32712.7,32985.6,33258.5
2218,30126,33442,32576.0,32662.6,32749.2,32835.8,32922.4,33009.0,33095.6,33182.2,33268.8,33355.4,33528.6,33615.2,33701.8,33788.4,33875.0
2219,30127,28258,23648.0,24109.0,24570.0,25031.0,25492.0,25953.0,26414.0,26875.0,27336.0,27797.0,28719.0,29180.0,29641.0,30102.0,30563.0
2220,30128,77432,68982.0,69827.0,70672.0,71517.0,72362.0,73207.0,74052.0,74897.0,75742.0,76587.0,78277.0,79122.0,79967.0,80812.0,81657.0
2221,30129,18053,17888.0,17904.5,17921.0,17937.5,17954.0,17970.5,17987.0,18003.5,18020.0,18036.5,18069.5,18086.0,18102.5,18119.0,18135.5
2222,30130,39327,40984.0,40818.3,40652.6,40486.9,40321.2,40155.5,39989.8,39824.1,39658.4,39492.7,39161.3,38995.6,38829.9,38664.2,38498.5
2223,30131,189457,193311.0,192925.6,192540.2,192154.8,191769.4,191384.0,190998.6,190613.2,190227.8,189842.4,189071.6,188686.2,188300.8,187915.4,187530.0
2224,30132,20300,17958.0,18192.2,18426.4,18660.6,18894.8,19129.0,19363.2,19597.4,19831.6,20065.8,20534.2,20768.4,21002.6,21236.8,21471.0
2225,30133,57909,55358.0,55613.1,55868.2,56123.3,56378.4,56633.5,56888.6,57143.7,57398.8,57653.9,58164.1,58419.2,58674.3,58929.4,59184.5
2226,30134,23544,21603.0,21797.1,21991.2,22185.3,22379.4,22573.5,22767.6,22961.7,23155.8,23349.9,23738.1,23932.2,24126.3,24320.4,24514.5
2227,30135,24127,20245.0,20633.2,21021.4,21409.6,21797.8,22186.0,22574.2,22962.4,23350.6,23738.8,24515.2,24903.4,25291.6,25679.8,26068.0
2228,30136,8343,7023.0,7155.0,7287.0,7419.0,7551.0,7683.0,7815.0,7947.0,8079.0,8211.0,8475.0,8607.0,8739.0,8871.0,9003.0
2229,30137,6308,5484.0,5566.4,5648.8,5731.2,5813.6,5896.0,5978.4,6060.8,6143.2,6225.6,6390.4,6472.8,6555.2,6637.6,6720.0
2230,30138,41795,40634.0,40750.1,40866.2,40982.3,41098.4,41214.5,41330.6,41446.7,41562.8,41678.9,41911.1,42027.2,42143.3,42259.4,42375.5
2231,30139,6126,5908.0,5929.8,5951.6,5973.4,5995.2,6017.0,6038.8,6060.6,6082.4,6104.2,6147.8,6169.6,6191.4,6213.2,6235.0
2232,30140,3134,2715.0,2756.9,2798.8,2840.7,2882.6,2924.5,2966.4,3008.3,3050.2,3092.1,3175.9,3217.8,3259.7,3301.6,3343.5
2233,30141,162428,157364.0,157870.4,158376.8,158883.2,159389.6,159896.0,160402.4,160908.8,161415.2,161921.6,162934.4,163440.8,163947.2,164453.6,164960.0
2234,30142,32631,33435.0,33354.6,33274.2,33193.8,33113.4,33033.0,32952.6,32872.2,32791.8,32711.4,32550.6,32470.2,32389.8,32309.4,32229.0
2235,30143,57085,56427.0,56492.8,56558.6,56624.4,56690.2,56756.0,56821.8,56887.6,56953.4,57019.2,57150.8,57216.6,57282.4,57348.2,57414.0
2236,30144,32400,31974.0,32016.6,32059.2,32101.8,32144.4,32187.0,32229.6,32272.2,32314.8,32357.4,32442.6,32485.2,32527.8,32570.4,32613.0
2237,30145,16574,14390.0,14608.4,14826.8,15045.2,15263.6,15482.0,15700.4,15918.8,16137.2,16355.6,16792.4,17010.8,17229.2,17447.6,17666.0
2238,30146,3925,3502.0,3544.3,3586.6,3628.9,3671.2,3713.5,3755.8,3798.1,3840.4,3882.7,3967.3,4009.6,4051.9,4094.2,4136.5
2239,30147,24578,21380.0,21699.8,22019.6,22339.4,22659.2,22979.0,23298.8,23618.6,23938.4,24258.2,24897.8,25217.6,25537.4,25857.2,26177.0
2240,30148,28130,27008.0,27120.2,27232.4,27344.6,27456.8,27569.0,27681.2,27793.4,27905.6,28017.8,28242.2,28354.4,28466.6,28578.8,28691.0
2241,30149,34385,32596.0,32774.9,32953.8,33132.7,33311.6,33490.5,33669.4,33848.3,34027.2,34206.1,34563.9,34742.8,34921.7,35100.6,35279.5
2242,30150,11631,11211.0,11253.0,11295.0,11337.0,11379.0,11421.0,11463.0,11505.0,11547.0,11589.0,11673.0,11715.0,11757.0,11799.0,11841.0
2243,30151,21902,23588.0,23419.4,23250.8,23082.2,22913.6,22745.0,22576.4,22407.8,22239.2,22070.6,21733.4,21564.8,21396.2,21227.6,21059.0
2244,30152,11561,12242.0,12173.9,12105.8,12037.7,11969.6,11901.5,11833.4,11765.3,11697.2,11629.1,11492.9,11424.8,11356.7,11288.6,11220.5
2245,30153,5795,5873.0,5865.2,5857.4,5849.6,5841.8,5834.0,5826.2,5818.4,5810.6,5802.8,5787.2,5779.4,5771.6,5763.8,5756.0
2246,30154,11991,12814.0,12731.7,12649.4,12567.1,12484.8,12402.5,12320.2,12237.9,12155.6,12073.3,11908.7,11826.4,11744.1,11661.8,11579.5
2247,30155,99959,101743.0,101564.6,101386.2,101207.8,101029.4,100851.0,100672.6,100494.2,100315.8,100137.4,99780.6,99602.2,99423.8,99245.4,99067.0
2248,30156,6041,5584.0,5629.7,5675.4,5721.1,5766.8,5812.5,5858.2,5903.9,5949.6,5995.3,6086.7,6132.4,6178.1,6223.8,6269.5
2249,30157,20145,18663.0,18811.2,18959.4,19107.6,19255.8,19404.0,19552.2,19700.4,19848.6,19996.8,20293.2,20441.4,20589.6,20737.8,20886.0
2250,30158,24551,25126.0,25068.5,25011.0,24953.5,24896.0,24838.5,24781.0,24723.5,24666.0,24608.5,24493.5,24436.0,24378.5,24321.0,24263.5
2251,30159,29686,23479.0,24099.7,24720.4,25341.1,25961.8,26582.5,27203.2,27823.9,28444.6,29065.3,30306.7,30927.4,31548.1,32168.8,32789.5
2252,30160,107270,104499.0,104776.1,105053.2,105330.3,105607.4,105884.5,106161.6,106438.7,106715.8,106992.9,107547.1,107824.2,108101.3,108378.4,108655.5
2253,30161,34408,34956.0,34901.2,34846.4,34791.6,34736.8,34682.0,34627.2,34572.4,34517.6,34462.8,34353.2,34298.4,34243.6,34188.8,34134.0
2254,30162,6448,6247.0,6267.1,6287.2,6307.3,6327.4,6347.5,6367.6,6387.7,6407.8,6427.9,6468.1,6488.2,6508.3,6528.4,6548.5
2255,30163,5040,5222.0,5203.8,5185.6,5167.4,5149.2,5131.0,5112.8,5094.6,5076.4,5058.2,5021.8,5003.6,4985.4,4967.2,4949.0
2256,30164,16957,16327.0,16390.0,16453.0,16516.0,16579.0,16642.0,16705.0,16768.0,16831.0,16894.0,17020.0,17083.0,17146.0,17209.0,17272.0
2257,30165,8925,8249.0,8316.6,8384.2,8451.8,8519.4,8587.0,8654.6,8722.2,8789.8,8857.4,8992.6,9060.2,9127.8,9195.4,9263.0
2258,30166,9405,9004.0,9044.1,9084.2,9124.3,9164.4,9204.5,9244.6,9284.7,9324.8,9364.9,9445.1,9485.2,9525.3,9565.4,9605.5
2259,30167,14619,13949.0,14016.0,14083.0,14150.0,14217.0,14284.0,14351.0,14418.0,14485.0,14552.0,14686.0,14753.0,14820.0,14887.0,14954.0
2260,30168,16343,14648.0,14817.5,14987.0,15156.5,15326.0,15495.5,15665.0,15834.5,16004.0,16173.5,16512.5,16682.0,16851.5,17021.0,17190.5
2261,30169,22709,23999.0,23870.0,23741.0,23612.0,23483.0,23354.0,23225.0,23096.0,22967.0,22838.0,22580.0,22451.0,22322.0,22193.0,22064.0
2262,30170,10824,10627.0,10646.7,10666.4,10686.1,10705.8,10725.5,10745.2,10764.9,10784.6,10804.3,10843.7,10863.4,10883.1,10902.8,10922.5
2263,30171,5575,5292.0,5320.3,5348.6,5376.9,5405.2,5433.5,5461.8,5490.1,5518.4,5546.7,5603.3,5631.6,5659.9,5688.2,5716.5
2264,30172,19925,20199.0,20171.6,20144.2,20116.8,20089.4,20062.0,20034.6,20007.2,19979.8,19952.4,19897.6,19870.2,19842.8,19815.4,19788.0
2265,30173,54537,52584.0,52779.3,52974.6,53169.9,53365.2,53560.5,53755.8,53951.1,54146.4,54341.7,54732.3,54927.6,55122.9,55318.2,55513.5
2266,30174,95602,94087.0,94238.5,94390.0,94541.5,94693.0,94844.5,94996.0,95147.5,95299.0,95450.5,95753.5,95905.0,96056.5,96208.0,96359.5
2267,30175,92726,89774.0,90069.2,90364.4,90659.6,90954.8,91250.0,91545.2,91840.4,92135.6,92430.8,93021.2,93316.4,93611.6,93906.8,94202.0
2268,30176,4489,4632.0,4617.7,4603.4,4589.1,4574.8,4560.5,4546.2,4531.9,4517.6,4503.3,4474.7,4460.4,4446.1,4431.8,4417.5
2269,30177,11685,10299.0,10437.6,10576.2,10714.8,10853.4,10992.0,11130.6,11269.2,11407.8,11546.4,11823.6,11962.2,12100.8,12239.4,12378.0
2270,30178,12898,13284.0,13245.4,13206.8,13168.2,13129.6,13091.0,13052.4,13013.8,12975.2,12936.6,12859.4,12820.8,12782.2,12743.6,12705.0
2271,30179,4284,3965.0,3996.9,4028.8,4060.7,4092.6,4124.5,4156.4,4188.3,4220.2,4252.1,4315.9,4347.8,4379.7,4411.6,4443.5
2272,30180,10900,11276.0,11238.4,11200.8,11163.2,11125.6,11088.0,11050.4,11012.8,10975.2,10937.6,10862.4,10824.8,10787.2,10749.6,10712.0
2273,30181,37795,37037.0,37112.8,37188.6,37264.4,37340.2,37416.0,37491.8,37567.6,37643.4,37719.2,37870.8,37946.6,38022.4,38098.2,38174.0
2274,30182,19664,16311.0,16646.3,16981.6,17316.9,17652.2,17987.5,18322.8,18658.1,18993.4,19328.7,19999.3,20334.6,20669.9,21005.2,21340.5
2275,30183,61377,58084.0,58413.3,58742.6,59071.9,59401.2,59730.5,60059.8,60389.1,60718.4,61047.7,61706.3,62035.6,62364.9,62694.2,63023.5
2276,30184,7933,7151.0,7229.2,7307.4,7385.6,7463.8,7542.0,7620.2,7698.4,7776.6,7854.8,8011.2,8089.4,8167.6,8245.8,8324.0
2277,30185,5548,4879.0,4945.9,5012.8,5079.7,5146.6,5213.5,5280.4,5347.3,5414.2,5481.1,5614.9,5681.8,5748.7,5815.6,5882.5
2278,30186,7197,6763.0,6806.4,6849.8,6893.2,6936.6,6980.0,7023.4,7066.8,7110.2,7153.6,7240.4,7283.8,7327.2,7370.6,7414.0
2279,30187,6105,5696.0,5736.9,5777.8,5818.7,5859.6,5900.5,5941.4,5982.3,6023.2,6064.1,6145.9,6186.8,6227.7,6268.6,6309.5
2280,30188,17217,16403.0,16484.4,16565.8,16647.2,16728.6,16810.0,16891.4,16972.8,17054.2,17135.6,17298.4,17379.8,17461.2,17542.6,17624.0
2281,30189,154600,143362.0,144485.8,145609.6,146733.4,147857.2,148981.0,150104.8,151228.6,152352.4,153476.2,155723.8,156847.6,157971.4,159095.2,160219.0
2282,30190,2258,2177.0,2185.1,2193.2,2201.3,2209.4,2217.5,2225.6,2233.7,2241.8,2249.9,2266.1,2274.2,2282.3,2290.4,2298.5
2283,30191,30097,29005.0,29114.2,29223.4,29332.6,29441.8,29551.0,29660.2,29769.4,29878.6,29987.8,30206.2,30315.4,30424.6,30533.8,30643.0
2284,30192,20204,19541.0,19607.3,19673.6,19739.9,19806.2,19872.5,19938.8,20005.1,20071.4,20137.7,20270.3,20336.6,20402.9,20469.2,20535.5
2285,30193,607209,552154.0,557659.5,563165.0,568670.5,574176.0,579681.5,585187.0,590692.5,596198.0,601703.5,612714.5,618220.0,623725.5,629231.0,634736.5
2286,30194,12492,10851.0,11015.1,11179.2,11343.3,11507.4,11671.5,11835.6,11999.7,12163.8,12327.9,12656.1,12820.2,12984.3,13148.4,13312.5
2287,30195,5900,5163.0,5236.7,5310.4,5384.1,5457.8,5531.5,5605.2,5678.9,5752.6,5826.3,5973.7,6047.4,6121.1,6194.8,6268.5
2288,30196,17902,17462.0,17506.0,17550.0,17594.0,17638.0,17682.0,17726.0,17770.0,17814.0,17858.0,17946.0,17990.0,18034.0,18078.0,18122.0
2289,30197,11205,11357.0,11341.8,11326.6,11311.4,11296.2,11281.0,11265.8,11250.6,11235.4,11220.2,11189.8,11174.6,11159.4,11144.2,11129.0
2290,30198,6788,6784.0,6784.4,6784.8,6785.2,6785.6,6786.0,6786.4,6786.8,6787.2,6787.6,6788.4,6788.8,6789.2,6789.6,6790.0
2291,30199,11899,10720.0,10837.9,10955.8,11073.7,11191.6,11309.5,11427.4,11545.3,11663.2,11781.1,12016.9,12134.8,12252.7,12370.6,12488.5
2292,30200,12581,12379.0,12399.2,12419.4,12439.6,12459.8,12480.0,12500.2,12520.4,12540.6,12560.8,12601.2,12621.4,12641.6,12661.8,12682.0
2293,30201,45028,41923.0,42233.5,42544.0,42854.5,43165.0,43475.5,43786.0,44096.5,44407.0,44717.5,45338.5,45649.0,45959.5,46270.0,46580.5
2294,30202,14644,13866.0,13943.8,14021.6,14099.4,14177.2,14255.0,14332.8,14410.6,14488.4,14566.2,14721.8,14799.6,14877.4,14955.2,15033.0
2295,30203,14524,13434.0,13543.0,13652.0,13761.0,13870.0,13979.0,14088.0,14197.0,14306.0,14415.0,14633.0,14742.0,14851.0,14960.0,15069.0
2296,30204,44104,46010.0,45819.4,45628.8,45438.2,45247.6,45057.0,44866.4,44675.8,44485.2,44294.6,43913.4,43722.8,43532.2,43341.6,43151.0
2297,30205,19402,19128.0,19155.4,19182.8,19210.2,19237.6,19265.0,19292.4,19319.8,19347.2,19374.6,19429.4,19456.8,19484.2,19511.6,19539.0
2298,30206,29209,27086.0,27298.3,27510.6,27722.9,27935.2,28147.5,28359.8,28572.1,28784.4,28996.7,29421.3,29633.6,29845.9,30058.2,30270.5
2299,30207,44978,45095.0,45083.3,45071.6,45059.9,45048.2,45036.5,45024.8,45013.1,45001.4,44989.7,44966.3,44954.6,44942.9,44931.2,44919.5
2300,30208,23376,22907.0,22953.9,23000.8,23047.7,23094.6,23141.5,23188.4,23235.3,23282.2,23329.1,23422.9,23469.8,23516.7,23563.6,23610.5
2301,30209,15044,14297.0,14371.7,14446.4,14521.1,14595.8,14670.5,14745.2,14819.9,14894.6,14969.3,15118.7,15193.4,15268.1,15342.8,15417.5
2302,30210,30891,27346.0,27700.5,28055.0,28409.5,28764.0,29118.5,29473.0,29827.5,30182.0,30536.5,31245.5,31600.0,31954.5,32309.0,32663.5
2303,30211,30351,29277.0,29384.4,29491.8,29599.2,29706.6,29814.0,29921.4,30028.8,30136.2,30243.6,30458.4,30565.8,30673.2,30780.6,30888.0
2304,30212,13062,12409.0,12474.3,12539.6,12604.9,12670.2,12735.5,12800.8,12866.1,12931.4,12996.7,13127.3,13192.6,13257.9,13323.2,13388.5
2305,31001,6550,6356.0,6375.4,6394.8,6414.2,6433.6,6453.0,6472.4,6491.8,6511.2,6530.6,6569.4,6588.8,6608.2,6627.6,6647.0
2306,31002,16772,15337.0,15480.5,15624.0,15767.5,15911.0,16054.5,16198.0,16341.5,16485.0,16628.5,16915.5,17059.0,17202.5,17346.0,17489.5
2307,31003,12285,10362.0,10554.3,10746.6,10938.9,11131.2,11323.5,11515.8,11708.1,11900.4,12092.7,12477.3,12669.6,12861.9,13054.2,13246.5
2308,31004,6195,5701.0,5750.4,5799.8,5849.2,5898.6,5948.0,5997.4,6046.8,6096.2,6145.6,6244.4,6293.8,6343.2,6392.6,6442.0
2309,31005,2167,2053.0,2064.4,2075.8,2087.2,2098.6,2110.0,2121.4,2132.8,2144.2,2155.6,2178.4,2189.8,2201.2,2212.6,2224.0
2310,31006,9159,8637.0,8689.2,8741.4,8793.6,8845.8,8898.0,8950.2,9002.4,9054.6,9106.8,9211.2,9263.4,9315.6,9367.8,9420.0
2311,31007,7490,6811.0,6878.9,6946.8,7014.7,7082.6,7150.5,7218.4,7286.3,7354.2,7422.1,7557.9,7625.8,7693.7,7761.6,7829.5
2312,31008,3949,4095.0,4080.4,4065.8,4051.2,4036.6,4022.0,4007.4,3992.8,3978.2,3963.6,3934.4,3919.8,3905.2,3890.6,3876.0
2313,31009,4466,4696.0,4673.0,4650.0,4627.0,4604.0,4581.0,4558.0,4535.0,4512.0,4489.0,4443.0,4420.0,4397.0,4374.0,4351.0
2314,31010,2755,2407.0,2441.8,2476.6,2511.4,2546.2,2581.0,2615.8,2650.6,2685.4,2720.2,2789.8,2824.6,2859.4,2894.2,2929.0
2315,31011,8389,6831.0,6986.8,7142.6,7298.4,7454.2,7610.0,7765.8,7921.6,8077.4,8233.2,8544.8,8700.6,8856.4,9012.2,9168.0
2316,31012,3736,3701.0,3704.5,3708.0,3711.5,3715.0,3718.5,3722.0,3725.5,3729.0,3732.5,3739.5,3743.0,3746.5,3750.0,3753.5
2317,31013,16671,9143.0,9895.8,10648.6,11401.4,12154.2,12907.0,13659.8,14412.599999999999,15165.4,15918.2,17423.8,18176.6,18929.4,19682.2,20435.0
2318,31014,1714,1595.0,1606.9,1618.8,1630.7,1642.6,1654.5,1666.4,1678.3,1690.2,1702.1,1725.9,1737.8,1749.7,1761.6,1773.5
2319,31015,5560,4966.0,5025.4,5084.8,5144.2,5203.6,5263.0,5322.4,5381.8,5441.2,5500.6,5619.4,5678.8,5738.2,5797.6,5857.0
2320,31016,3104,2818.0,2846.6,2875.2,2903.8,2932.4,2961.0,2989.6,3018.2,3046.8,3075.4,3132.6,3161.2,3189.8,3218.4,3247.0
2321,31017,4686,4464.0,4486.2,4508.4,4530.6,4552.8,4575.0,4597.2,4619.4,4641.6,4663.8,4708.2,4730.4,4752.6,4774.8,4797.0
2322,31018,3385,3035.0,3070.0,3105.0,3140.0,3175.0,3210.0,3245.0,3280.0,3315.0,3350.0,3420.0,3455.0,3490.0,3525.0,3560.0
2323,31019,38934,33490.0,34034.4,34578.8,35123.2,35667.6,36212.0,36756.4,37300.8,37845.2,38389.6,39478.4,40022.8,40567.2,41111.6,41656.0
2324,31020,4497,4113.0,4151.4,4189.8,4228.2,4266.6,4305.0,4343.4,4381.8,4420.2,4458.6,4535.4,4573.8,4612.2,4650.6,4689.0
2325,31021,9406,7952.0,8097.4,8242.8,8388.2,8533.6,8679.0,8824.4,8969.8,9115.2,9260.6,9551.4,9696.8,9842.2,9987.6,10133.0
2326,31022,4363,4162.0,4182.1,4202.2,4222.3,4242.4,4262.5,4282.6,4302.7,4322.8,4342.9,4383.1,4403.2,4423.3,4443.4,4463.5
2327,31023,4863,4530.0,4563.3,4596.6,4629.9,4663.2,4696.5,4729.8,4763.1,4796.4,4829.7,4896.3,4929.6,4962.9,4996.2,5029.5
2328,31024,3244,3148.0,3157.6,3167.2,3176.8,3186.4,3196.0,3205.6,3215.2,3224.8,3234.4,3253.6,3263.2,3272.8,3282.4,3292.0
2329,31025,6003,4941.0,5047.2,5153.4,5259.6,5365.8,5472.0,5578.2,5684.4,5790.6,5896.8,6109.2,6215.4,6321.6,6427.8,6534.0
2330,31026,3622,3489.0,3502.3,3515.6,3528.9,3542.2,3555.5,3568.8,3582.1,3595.4,3608.7,3635.3,3648.6,3661.9,3675.2,3688.5
2331,31027,8345,8133.0,8154.2,8175.4,8196.6,8217.8,8239.0,8260.2,8281.4,8302.6,8323.8,8366.2,8387.4,8408.6,8429.8,8451.0
2332,31028,2936,2463.0,2510.3,2557.6,2604.9,2652.2,2699.5,2746.8,2794.1,2841.4,2888.7,2983.3,3030.6,3077.9,3125.2,3172.5
2333,31029,6240,5905.0,5938.5,5972.0,6005.5,6039.0,6072.5,6106.0,6139.5,6173.0,6206.5,6273.5,6307.0,6340.5,6374.0,6407.5
2334,31030,4015,3540.0,3587.5,3635.0,3682.5,3730.0,3777.5,3825.0,3872.5,3920.0,3967.5,4062.5,4110.0,4157.5,4205.0,4252.5
2335,31031,2818,2772.0,2776.6,2781.2,2785.8,2790.4,2795.0,2799.6,2804.2,2808.8,2813.4,2822.6,2827.2,2831.8,2836.4,2841.0
2336,31032,16779,15571.0,15691.8,15812.6,15933.4,16054.2,16175.0,16295.8,16416.6,16537.4,16658.2,16899.8,17020.6,17141.4,17262.2,17383.0
2337,31033,21255,19072.0,19290.3,19508.6,19726.9,19945.2,20163.5,20381.8,20600.1,20818.4,21036.7,21473.3,21691.6,21909.9,22128.2,22346.5
2338,31034,6514,6061.0,6106.3,6151.6,6196.9,6242.2,6287.5,6332.8,6378.1,6423.4,6468.7,6559.3,6604.6,6649.9,6695.2,6740.5
2339,31035,6384,5697.0,5765.7,5834.4,5903.1,5971.8,6040.5,6109.2,6177.9,6246.6,6315.3,6452.7,6521.4,6590.1,6658.8,6727.5
2340,31036,8090,7257.0,7340.3,7423.6,7506.9,7590.2,7673.5,7756.8,7840.1,7923.4,8006.7,8173.3,8256.6,8339.9,8423.2,8506.5
2341,31037,5250,4841.0,4881.9,4922.8,4963.7,5004.6,5045.5,5086.4,5127.3,5168.2,5209.1,5290.9,5331.8,5372.7,5413.6,5454.5
2342,31038,35137,30731.0,31171.6,31612.2,32052.8,32493.4,32934.0,33374.6,33815.2,34255.8,34696.4,35577.6,36018.2,36458.8,36899.4,37340.0
2343,31039,4186,3803.0,3841.3,3879.6,3917.9,3956.2,3994.5,4032.8,4071.1,4109.4,4147.7,4224.3,4262.6,4300.9,4339.2,4377.5
2344,31040,28555,25980.0,26237.5,26495.0,26752.5,27010.0,27267.5,27525.0,27782.5,28040.0,28297.5,28812.5,29070.0,29327.5,29585.0,29842.5
2345,31041,141939,78709.0,85032.0,91355.0,97678.0,104001.0,110324.0,116647.0,122970.0,129293.0,135616.0,148262.0,154585.0,160908.0,167231.0,173554.0
2346,31042,5553,5502.0,5507.1,5512.2,5517.3,5522.4,5527.5,5532.6,5537.7,5542.8,5547.9,5558.1,5563.2,5568.3,5573.4,5578.5
2347,31043,3405,2761.0,2825.4,2889.8,2954.2,3018.6,3083.0,3147.4,3211.8,3276.2,3340.6,3469.4,3533.8,3598.2,3662.6,3727.0
2348,31044,7530,6571.0,6666.9,6762.8,6858.7,6954.6,7050.5,7146.4,7242.3,7338.2,7434.1,7625.9,7721.8,7817.7,7913.6,8009.5
2349,31045,2677,2449.0,2471.8,2494.6,2517.4,2540.2,2563.0,2585.8,2608.6,2631.4,2654.2,2699.8,2722.6,2745.4,2768.2,2791.0
2350,31046,3296,2888.0,2928.8,2969.6,3010.4,3051.2,3092.0,3132.8,3173.6,3214.4,3255.2,3336.8,3377.6,3418.4,3459.2,3500.0
2351,31047,5968,5250.0,5321.8,5393.6,5465.4,5537.2,5609.0,5680.8,5752.6,5824.4,5896.2,6039.8,6111.6,6183.4,6255.2,6327.0
2352,31048,23991,21704.0,21932.7,22161.4,22390.1,22618.8,22847.5,23076.2,23304.9,23533.6,23762.3,24219.7,24448.4,24677.1,24905.8,25134.5
2353,31049,3965,3269.0,3338.6,3408.2,3477.8,3547.4,3617.0,3686.6,3756.2,3825.8,3895.4,4034.6,4104.2,4173.8,4243.4,4313.0
2354,31050,995129,830732.0,847171.7,863611.4,880051.1,896490.8,912930.5,929370.2,945809.9,962249.6,978689.3,1011568.7,1028008.4,1044448.1,1060887.8,1077327.5
2355,31051,3430,3071.0,3106.9,3142.8,3178.7,3214.6,3250.5,3286.4,3322.3,3358.2,3394.1,3465.9,3501.8,3537.7,3573.6,3609.5
2356,31052,37804,33978.0,34360.6,34743.2,35125.8,35508.4,35891.0,36273.6,36656.2,37038.8,37421.4,38186.6,38569.2,38951.8,39334.4,39717.0
2357,31053,13494,12336.0,12451.8,12567.6,12683.4,12799.2,12915.0,13030.8,13146.6,13262.4,13378.2,13609.8,13725.6,13841.4,13957.2,14073.0
2358,31054,2990,2755.0,2778.5,2802.0,2825.5,2849.0,2872.5,2896.0,2919.5,2943.0,2966.5,3013.5,3037.0,3060.5,3084.0,3107.5
2359,31055,7080,6285.0,6364.5,6444.0,6523.5,6603.0,6682.5,6762.0,6841.5,6921.0,7000.5,7159.5,7239.0,7318.5,7398.0,7477.5
2360,31056,33854,29325.0,29777.9,30230.8,30683.7,31136.6,31589.5,32042.4,32495.3,32948.2,33401.1,34306.9,34759.8,35212.7,35665.6,36118.5
2361,31057,7766,7461.0,7491.5,7522.0,7552.5,7583.0,7613.5,7644.0,7674.5,7705.0,7735.5,7796.5,7827.0,7857.5,7888.0,7918.5
2362,31058,25954,24159.0,24338.5,24518.0,24697.5,24877.0,25056.5,25236.0,25415.5,25595.0,25774.5,26133.5,26313.0,26492.5,26672.0,26851.5
2363,31059,66008,53958.0,55163.0,56368.0,57573.0,58778.0,59983.0,61188.0,62393.0,63598.0,64803.0,67213.0,68418.0,69623.0,70828.0,72033.0
2364,31060,976,942.0,945.4,948.8,952.2,955.6,959.0,962.4,965.8,969.2,972.6,979.4,982.8,986.2,989.6,993.0
2365,31061,3974,3438.0,3491.6,3545.2,3598.8,3652.4,3706.0,3759.6,3813.2,3866.8,3920.4,4027.6,4081.2,4134.8,4188.4,4242.0
2366,31062,4962,4589.0,4626.3,4663.6,4700.9,4738.2,4775.5,4812.8,4850.1,4887.4,4924.7,4999.3,5036.6,5073.9,5111.2,5148.5
2367,31063,5631,5008.0,5070.3,5132.6,5194.9,5257.2,5319.5,5381.8,5444.1,5506.4,5568.7,5693.3,5755.6,5817.9,5880.2,5942.5
2368,31064,1701,1619.0,1627.2,1635.4,1643.6,1651.8,1660.0,1668.2,1676.4,1684.6,1692.8,1709.2,1717.4,1725.6,1733.8,1742.0
2369,31065,2118,1839.0,1866.9,1894.8,1922.7,1950.6,1978.5,2006.4,2034.3,2062.2,2090.1,2145.9,2173.8,2201.7,2229.6,2257.5
2370,31066,4220,3833.0,3871.7,3910.4,3949.1,3987.8,4026.5,4065.2,4103.9,4142.6,4181.3,4258.7,4297.4,4336.1,4374.8,4413.5
2371,31067,10053,9276.0,9353.7,9431.4,9509.1,9586.8,9664.5,9742.2,9819.9,9897.6,9975.3,10130.7,10208.4,10286.1,10363.8,10441.5
2372,31068,3206,3126.0,3134.0,3142.0,3150.0,3158.0,3166.0,3174.0,3182.0,3190.0,3198.0,3214.0,3222.0,3230.0,3238.0,3246.0
2373,31069,8967,8449.0,8500.8,8552.6,8604.4,8656.2,8708.0,8759.8,8811.6,8863.4,8915.2,9018.8,9070.6,9122.4,9174.2,9226.0
2374,31070,3971,3930.0,3934.1,3938.2,3942.3,3946.4,3950.5,3954.6,3958.7,3962.8,3966.9,3975.1,3979.2,3983.3,3987.4,3991.5
2375,31071,1949,1689.0,1715.0,1741.0,1767.0,1793.0,1819.0,1845.0,1871.0,1897.0,1923.0,1975.0,2001.0,2027.0,2053.0,2079.0
2376,31072,1857,1876.0,1874.1,1872.2,1870.3,1868.4,1866.5,1864.6,1862.7,1860.8,1858.9,1855.1,1853.2,1851.3,1849.4,1847.5
2377,31073,5854,4447.0,4587.7,4728.4,4869.1,5009.8,5150.5,5291.2,5431.9,5572.6,5713.3,5994.7,6135.4,6276.1,6416.8,6557.5
2378,31074,3774,3609.0,3625.5,3642.0,3658.5,3675.0,3691.5,3708.0,3724.5,3741.0,3757.5,3790.5,3807.0,3823.5,3840.0,3856.5
2379,31075,6921,6205.0,6276.6,6348.2,6419.8,6491.4,6563.0,6634.6,6706.2,6777.8,6849.4,6992.6,7064.2,7135.8,7207.4,7279.0
2380,31076,17939,16200.0,16373.9,16547.8,16721.7,16895.6,17069.5,17243.4,17417.3,17591.2,17765.1,18112.9,18286.8,18460.7,18634.6,18808.5
2381,31077,2683,2606.0,2613.7,2621.4,2629.1,2636.8,2644.5,2652.2,2659.9,2667.6,2675.3,2690.7,2698.4,2706.1,2713.8,2721.5
2382,31078,3747,3683.0,3689.4,3695.8,3702.2,3708.6,3715.0,3721.4,3727.8,3734.2,3740.6,3753.4,3759.8,3766.2,3772.6,3779.0
2383,31079,45062,40547.0,40998.5,41450.0,41901.5,42353.0,42804.5,43256.0,43707.5,44159.0,44610.5,45513.5,45965.0,46416.5,46868.0,47319.5
2384,31080,11020,9884.0,9997.6,10111.2,10224.8,10338.4,10452.0,10565.6,10679.2,10792.8,10906.4,11133.6,11247.2,11360.8,11474.4,11588.0
2385,31081,3355,3100.0,3125.5,3151.0,3176.5,3202.0,3227.5,3253.0,3278.5,3304.0,3329.5,3380.5,3406.0,3431.5,3457.0,3482.5
2386,31082,3512,3557.0,3552.5,3548.0,3543.5,3539.0,3534.5,3530.0,3525.5,3521.0,3516.5,3507.5,3503.0,3498.5,3494.0,3489.5
2387,31083,1915,1726.0,1744.9,1763.8,1782.7,1801.6,1820.5,1839.4,1858.3,1877.2,1896.1,1933.9,1952.8,1971.7,1990.6,2009.5
2388,31084,7037,6817.0,6839.0,6861.0,6883.0,6905.0,6927.0,6949.0,6971.0,6993.0,7015.0,7059.0,7081.0,7103.0,7125.0,7147.0
2389,31085,16680,14801.0,14988.9,15176.8,15364.7,15552.6,15740.5,15928.4,16116.3,16304.2,16492.1,16867.9,17055.8,17243.7,17431.6,17619.5
2390,31086,2133,2226.0,2216.7,2207.4,2198.1,2188.8,2179.5,2170.2,2160.9,2151.6,2142.3,2123.7,2114.4,2105.1,2095.8,2086.5
2391,31087,5464,4725.0,4798.9,4872.8,4946.7,5020.6,5094.5,5168.4,5242.3,5316.2,5390.1,5537.9,5611.8,5685.7,5759.6,5833.5
2392,31088,1917,1977.0,1971.0,1965.0,1959.0,1953.0,1947.0,1941.0,1935.0,1929.0,1923.0,1911.0,1905.0,1899.0,1893.0,1887.0
2393,31089,40495,37685.0,37966.0,38247.0,38528.0,38809.0,39090.0,39371.0,39652.0,39933.0,40214.0,40776.0,41057.0,41338.0,41619.0,41900.0
2394,31090,7503,6833.0,6900.0,6967.0,7034.0,7101.0,7168.0,7235.0,7302.0,7369.0,7436.0,7570.0,7637.0,7704.0,7771.0,7838.0
2395,31091,12700,11421.0,11548.9,11676.8,11804.7,11932.6,12060.5,12188.4,12316.3,12444.2,12572.1,12827.9,12955.8,13083.7,13211.6,13339.5
2396,31092,7888,6665.0,6787.3,6909.6,7031.9,7154.2,7276.5,7398.8,7521.1,7643.4,7765.7,8010.3,8132.6,8254.9,8377.2,8499.5
2397,31093,18420,17176.0,17300.4,17424.8,17549.2,17673.6,17798.0,17922.4,18046.8,18171.2,18295.6,18544.4,18668.8,18793.2,18917.6,19042.0
2398,31094,5444,4746.0,4815.8,4885.6,4955.4,5025.2,5095.0,5164.8,5234.6,5304.4,5374.2,5513.8,5583.6,5653.4,5723.2,5793.0
2399,31095,5690,5388.0,5418.2,5448.4,5478.6,5508.8,5539.0,5569.2,5599.4,5629.6,5659.8,5720.2,5750.4,5780.6,5810.8,5841.0
2400,31096,80672,73138.0,73891.4,74644.8,75398.2,76151.6,76905.0,77658.4,78411.8,79165.2,79918.6,81425.4,82178.8,82932.2,83685.6,84439.0
2401,31097,3684,3464.0,3486.0,3508.0,3530.0,3552.0,3574.0,3596.0,3618.0,3640.0,3662.0,3706.0,3728.0,3750.0,3772.0,3794.0
2402,31098,15346,14011.0,14144.5,14278.0,14411.5,14545.0,14678.5,14812.0,14945.5,15079.0,15212.5,15479.5,15613.0,15746.5,15880.0,16013.5
2403,31099,4191,3782.0,3822.9,3863.8,3904.7,3945.6,3986.5,4027.4,4068.3,4109.2,4150.1,4231.9,4272.8,4313.7,4354.6,4395.5
2404,31100,4049,3469.0,3527.0,3585.0,3643.0,3701.0,3759.0,3817.0,3875.0,3933.0,3991.0,4107.0,4165.0,4223.0,4281.0,4339.0
2405,31101,69147,50993.0,52808.4,54623.8,56439.2,58254.6,60070.0,61885.4,63700.8,65516.2,67331.6,70962.4,72777.8,74593.2,76408.6,78224.0
2406,31102,85460,74217.0,75341.3,76465.6,77589.9,78714.2,79838.5,80962.8,82087.1,83211.4,84335.7,86584.3,87708.6,88832.9,89957.2,91081.5
2407,31103,3451,3236.0,3257.5,3279.0,3300.5,3322.0,3343.5,3365.0,3386.5,3408.0,3429.5,3472.5,3494.0,3515.5,3537.0,3558.5
2408,31104,16350,14802.0,14956.8,15111.6,15266.4,15421.2,15576.0,15730.8,15885.6,16040.4,16195.2,16504.8,16659.6,16814.4,16969.2,17124.0
2409,31105,3293,2868.0,2910.5,2953.0,2995.5,3038.0,3080.5,3123.0,3165.5,3208.0,3250.5,3335.5,3378.0,3420.5,3463.0,3505.5
2410,31106,2215,2137.0,2144.8,2152.6,2160.4,2168.2,2176.0,2183.8,2191.6,2199.4,2207.2,2222.8,2230.6,2238.4,2246.2,2254.0
2411,32001,6260,6314.0,6308.6,6303.2,6297.8,6292.4,6287.0,6281.6,6276.2,6270.8,6265.4,6254.6,6249.2,6243.8,6238.4,6233.0
2412,32002,4942,5005.0,4998.7,4992.4,4986.1,4979.8,4973.5,4967.2,4960.9,4954.6,4948.3,4935.7,4929.4,4923.1,4916.8,4910.5
2413,32003,2277,2692.0,2650.5,2609.0,2567.5,2526.0,2484.5,2443.0,2401.5,2360.0,2318.5,2235.5,2194.0,2152.5,2111.0,2069.5
2414,32004,4493,4372.0,4384.1,4396.2,4408.3,4420.4,4432.5,4444.6,4456.7,4468.8,4480.9,4505.1,4517.2,4529.3,4541.4,4553.5
2415,32005,45759,39917.0,40501.2,41085.4,41669.6,42253.8,42838.0,43422.2,44006.4,44590.6,45174.8,46343.2,46927.4,47511.6,48095.8,48680.0
2416,32006,8255,8239.0,8240.6,8242.2,8243.8,8245.4,8247.0,8248.6,8250.2,8251.8,8253.4,8256.6,8258.2,8259.8,8261.4,8263.0
2417,32007,12115,12803.0,12734.2,12665.4,12596.6,12527.8,12459.0,12390.2,12321.4,12252.6,12183.8,12046.2,11977.4,11908.6,11839.8,11771.0
2418,32008,13466,11915.0,12070.1,12225.2,12380.3,12535.4,12690.5,12845.6,13000.7,13155.8,13310.9,13621.1,13776.2,13931.3,14086.4,14241.5
2419,32009,10086,10565.0,10517.1,10469.2,10421.3,10373.4,10325.5,10277.6,10229.7,10181.8,10133.9,10038.1,9990.2,9942.3,9894.4,9846.5
2420,32010,240532,213139.0,215878.3,218617.6,221356.9,224096.2,226835.5,229574.8,232314.1,235053.4,237792.7,243271.3,246010.6,248749.9,251489.2,254228.5
2421,32011,3362,3013.0,3047.9,3082.8,3117.7,3152.6,3187.5,3222.4,3257.3,3292.2,3327.1,3396.9,3431.8,3466.7,3501.6,3536.5
2422,32012,8168,8104.0,8110.4,8116.8,8123.2,8129.6,8136.0,8142.4,8148.8,8155.2,8161.6,8174.4,8180.8,8187.2,8193.6,8200.0
2423,32013,6644,5894.0,5969.0,6044.0,6119.0,6194.0,6269.0,6344.0,6419.0,6494.0,6569.0,6719.0,6794.0,6869.0,6944.0,7019.0
2424,32014,20191,21974.0,21795.7,21617.4,21439.1,21260.8,21082.5,20904.2,20725.9,20547.6,20369.3,20012.7,19834.4,19656.1,19477.8,19299.5
2425,32015,1579,1609.0,1606.0,1603.0,1600.0,1597.0,1594.0,1591.0,1588.0,1585.0,1582.0,1576.0,1573.0,1570.0,1567.0,1564.0
2426,32016,23526,22346.0,22464.0,22582.0,22700.0,22818.0,22936.0,23054.0,23172.0,23290.0,23408.0,23644.0,23762.0,23880.0,23998.0,24116.0
2427,32017,211740,159991.0,165165.9,170340.8,175515.7,180690.6,185865.5,191040.4,196215.3,201390.2,206565.1,216914.9,222089.8,227264.7,232439.6,237614.5
2428,32018,4547,4306.0,4330.1,4354.2,4378.3,4402.4,4426.5,4450.6,4474.7,4498.8,4522.9,4571.1,4595.2,4619.3,4643.4,4667.5
2429,32019,25296,23557.0,23730.9,23904.8,24078.7,24252.6,24426.5,24600.4,24774.3,24948.2,25122.1,25469.9,25643.8,25817.7,25991.6,26165.5
2430,32020,59910,57610.0,57840.0,58070.0,58300.0,58530.0,58760.0,58990.0,59220.0,59450.0,59680.0,60140.0,60370.0,60600.0,60830.0,61060.0
2431,32021,4465,4584.0,4572.1,4560.2,4548.3,4536.4,4524.5,4512.6,4500.7,4488.8,4476.9,4453.1,4441.2,4429.3,4417.4,4405.5
2432,32022,19749,20543.0,20463.6,20384.2,20304.8,20225.4,20146.0,20066.6,19987.2,19907.8,19828.4,19669.6,19590.2,19510.8,19431.4,19352.0
2433,32023,12251,12284.0,12280.7,12277.4,12274.1,12270.8,12267.5,12264.2,12260.9,12257.6,12254.3,12247.7,12244.4,12241.1,12237.8,12234.5
2434,32024,53709,48365.0,48899.4,49433.8,49968.2,50502.6,51037.0,51571.4,52105.8,52640.2,53174.6,54243.4,54777.8,55312.2,55846.6,56381.0
2435,32025,13184,12234.0,12329.0,12424.0,12519.0,12614.0,12709.0,12804.0,12899.0,12994.0,13089.0,13279.0,13374.0,13469.0,13564.0,13659.0
2436,32026,17774,17813.0,17809.1,17805.2,17801.3,17797.4,17793.5,17789.6,17785.7,17781.8,17777.9,17770.1,17766.2,17762.3,17758.4,17754.5
2437,32027,2736,2662.0,2669.4,2676.8,2684.2,2691.6,2699.0,2706.4,2713.8,2721.2,2728.6,2743.4,2750.8,2758.2,2765.6,2773.0
2438,32028,2451,2584.0,2570.7,2557.4,2544.1,2530.8,2517.5,2504.2,2490.9,2477.6,2464.3,2437.7,2424.4,2411.1,2397.8,2384.5
2439,32029,23713,22296.0,22437.7,22579.4,22721.1,22862.8,23004.5,23146.2,23287.9,23429.6,23571.3,23854.7,23996.4,24138.1,24279.8,24421.5
2440,32030,2446,2529.0,2520.7,2512.4,2504.1,2495.8,2487.5,2479.2,2470.9,2462.6,2454.3,2437.7,2429.4,2421.1,2412.8,2404.5
2441,32031,8683,8929.0,8904.4,8879.8,8855.2,8830.6,8806.0,8781.4,8756.8,8732.2,8707.6,8658.4,8633.8,8609.2,8584.6,8560.0
2442,32032,13207,11493.0,11664.4,11835.8,12007.2,12178.6,12350.0,12521.4,12692.8,12864.2,13035.6,13378.4,13549.8,13721.2,13892.6,14064.0
2443,32033,4530,4563.0,4559.7,4556.4,4553.1,4549.8,4546.5,4543.2,4539.9,4536.6,4533.3,4526.7,4523.4,4520.1,4516.8,4513.5
2444,32034,27945,27932.0,27933.3,27934.6,27935.9,27937.2,27938.5,27939.8,27941.1,27942.4,27943.7,27946.3,27947.6,27948.9,27950.2,27951.5
2445,32035,16284,15607.0,15674.7,15742.4,15810.1,15877.8,15945.5,16013.2,16080.9,16148.6,16216.3,16351.7,16419.4,16487.1,16554.8,16622.5
2446,32036,44144,40740.0,41080.4,41420.8,41761.2,42101.6,42442.0,42782.4,43122.8,43463.2,43803.6,44484.4,44824.8,45165.2,45505.6,45846.0
2447,32037,17577,16875.0,16945.2,17015.4,17085.6,17155.8,17226.0,17296.2,17366.4,17436.6,17506.8,17647.2,17717.4,17787.6,17857.8,17928.0
2448,32038,72241,69844.0,70083.7,70323.4,70563.1,70802.8,71042.5,71282.2,71521.9,71761.6,72001.3,72480.7,72720.4,72960.1,73199.8,73439.5
2449,32039,64535,62693.0,62877.2,63061.4,63245.6,63429.8,63614.0,63798.2,63982.4,64166.6,64350.8,64719.2,64903.4,65087.6,65271.8,65456.0
2450,32040,21844,21533.0,21564.1,21595.2,21626.3,21657.4,21688.5,21719.6,21750.7,21781.8,21812.9,21875.1,21906.2,21937.3,21968.4,21999.5
2451,32041,2509,2710.0,2689.9,2669.8,2649.7,2629.6,2609.5,2589.4,2569.3,2549.2,2529.1,2488.9,2468.8,2448.7,2428.6,2408.5
2452,32042,63665,61188.0,61435.7,61683.4,61931.1,62178.8,62426.5,62674.2,62921.9,63169.6,63417.3,63912.7,64160.4,64408.1,64655.8,64903.5
2453,32043,1365,1360.0,1360.5,1361.0,1361.5,1362.0,1362.5,1363.0,1363.5,1364.0,1364.5,1365.5,1366.0,1366.5,1367.0,1367.5
2454,32044,16588,15656.0,15749.2,15842.4,15935.6,16028.8,16122.0,16215.2,16308.4,16401.6,16494.8,16681.2,16774.4,16867.6,16960.8,17054.0
2455,32045,8321,8215.0,8225.6,8236.2,8246.8,8257.4,8268.0,8278.6,8289.2,8299.8,8310.4,8331.6,8342.2,8352.8,8363.4,8374.0
2456,32046,6490,7090.0,7030.0,6970.0,6910.0,6850.0,6790.0,6730.0,6670.0,6610.0,6550.0,6430.0,6370.0,6310.0,6250.0,6190.0
2457,32047,5356,5506.0,5491.0,5476.0,5461.0,5446.0,5431.0,5416.0,5401.0,5386.0,5371.0,5341.0,5326.0,5311.0,5296.0,5281.0
2458,32048,27302,25493.0,25673.9,25854.8,26035.7,26216.6,26397.5,26578.4,26759.3,26940.2,27121.1,27482.9,27663.8,27844.7,28025.6,28206.5
2459,32049,32461,33323.0,33236.8,33150.6,33064.4,32978.2,32892.0,32805.8,32719.6,32633.4,32547.2,32374.8,32288.6,32202.4,32116.2,32030.0
2460,32050,10276,9353.0,9445.3,9537.6,9629.9,9722.2,9814.5,9906.8,9999.1,10091.4,10183.7,10368.3,10460.6,10552.9,10645.2,10737.5
2461,32051,34623,34328.0,34357.5,34387.0,34416.5,34446.0,34475.5,34505.0,34534.5,34564.0,34593.5,34652.5,34682.0,34711.5,34741.0,34770.5
2462,32052,19525,18269.0,18394.6,18520.2,18645.8,18771.4,18897.0,19022.6,19148.2,19273.8,19399.4,19650.6,19776.2,19901.8,20027.4,20153.0
2463,32053,13208,12893.0,12924.5,12956.0,12987.5,13019.0,13050.5,13082.0,13113.5,13145.0,13176.5,13239.5,13271.0,13302.5,13334.0,13365.5
2464,32054,19446,18490.0,18585.6,18681.2,18776.8,18872.4,18968.0,19063.6,19159.2,19254.8,19350.4,19541.6,19637.2,19732.8,19828.4,19924.0
2465,32055,31558,29395.0,29611.3,29827.6,30043.9,30260.2,30476.5,30692.8,30909.1,31125.4,31341.7,31774.3,31990.6,32206.9,32423.2,32639.5
2466,32056,149607,138176.0,139319.1,140462.2,141605.3,142748.4,143891.5,145034.6,146177.7,147320.8,148463.9,150750.1,151893.2,153036.3,154179.4,155322.5
2467,32057,20455,16934.0,17286.1,17638.2,17990.3,18342.4,18694.5,19046.6,19398.7,19750.8,20102.9,20807.1,21159.2,21511.3,21863.4,22215.5
2468,32058,2767,2821.0,2815.6,2810.2,2804.8,2799.4,2794.0,2788.6,2783.2,2777.8,2772.4,2761.6,2756.2,2750.8,2745.4,2740.0
